{"list":[{"symbol":"A","date":1561910400000,"type":1,"subtype":5,"value":0.164,"recordDate":1561996800000,"divPayDate":null,"isLock":null,"updated":null},{"symbol":"A","date":1554048000000,"type":1,"subtype":5,"value":0.164,"recordDate":1554134400000,"divPayDate":null,"isLock":null,"updated":null},{"symbol":"A","date":1545926400000,"type":1,"subtype":5,"value":0.164,"recordDate":1546185600000,"divPayDate":null,"isLock":null,"updated":null},{"symbol":"A","date":1538323200000,"type":1,"subtype":5,"value":0.149,"recordDate":1538409600000,"divPayDate":null,"isLock":null,"updated":null},{"symbol":"A","date":1530460800000,"type":1,"subtype":5,"value":0.149,"recordDate":null,"divPayDate":null,"isLock":null,"updated":null},{"symbol":"A","date":1522598400000,"type":1,"subtype":5,"value":0.149,"recordDate":1522684800000,"divPayDate":null,"isLock":null,"updated":null},{"symbol":"A","date":1514476800000,"type":1,"subtype":5,"value":0.149,"recordDate":1514822400000,"divPayDate":null,"isLock":null,"updated":null},{"symbol":"A","date":1506873600000,"type":1,"subtype":5,"value":0.132,"recordDate":1506960000000,"divPayDate":null,"isLock":null,"updated":null},{"symbol":"A","date":1498665600000,"type":1,"subtype":5,"value":0.132,"recordDate":1499011200000,"divPayDate":null,"isLock":null,"updated":null},{"symbol":"A","date":1490889600000,"type":1,"subtype":5,"value":0.132,"recordDate":1491235200000,"divPayDate":null,"isLock":null,"updated":null},{"symbol":"A","date":1482940800000,"type":1,"subtype":5,"value":0.132,"recordDate":1483372800000,"divPayDate":null,"isLock":null,"updated":null},{"symbol":"A","date":1475164800000,"type":1,"subtype":5,"value":0.115,"recordDate":1475510400000,"divPayDate":null,"isLock":null,"updated":null},{"symbol":"A","date":1467216000000,"type":1,"subtype":5,"value":0.115,"recordDate":1467648000000,"divPayDate":null,"isLock":null,"updated":null},{"symbol":"A","date":1459440000000,"type":1,"subtype":5,"value":0.115,"recordDate":1459785600000,"divPayDate":null,"isLock":null,"updated":null},{"symbol":"A","date":1451491200000,"type":1,"subtype":5,"value":0.115,"recordDate":1451923200000,"divPayDate":null,"isLock":null,"updated":null},{"symbol":"A","date":1443110400000,"type":1,"subtype":5,"value":0.1,"recordDate":1443456000000,"divPayDate":null,"isLock":null,"updated":null},{"symbol":"A","date":1435248000000,"type":1,"subtype":5,"value":0.1,"recordDate":1435593600000,"divPayDate":null,"isLock":null,"updated":null},{"symbol":"A","date":1427385600000,"type":1,"subtype":5,"value":0.1,"recordDate":1427731200000,"divPayDate":null,"isLock":null,"updated":null},{"symbol":"A","date":1420128000000,"type":1,"subtype":5,"value":0.1,"recordDate":1420473600000,"divPayDate":null,"isLock":null,"updated":null},{"symbol":"A","date":1411660800000,"type":1,"subtype":5,"value":0.132,"recordDate":1412006400000,"divPayDate":null,"isLock":null,"updated":null},{"symbol":"A","date":1403798400000,"type":1,"subtype":5,"value":0.132,"recordDate":null,"divPayDate":null,"isLock":null,"updated":null},{"symbol":"A","date":1396972800000,"type":1,"subtype":5,"value":0.132,"recordDate":null,"divPayDate":null,"isLock":null,"updated":null},{"symbol":"A","date":1388073600000,"type":1,"subtype":5,"value":0.132,"recordDate":null,"divPayDate":null,"isLock":null,"updated":null},{"symbol":"A","date":1380211200000,"type":1,"subtype":5,"value":0.12,"recordDate":null,"divPayDate":null,"isLock":null,"updated":null},{"symbol":"A","date":1372348800000,"type":1,"subtype":5,"value":0.12,"recordDate":null,"divPayDate":null,"isLock":null,"updated":null},{"symbol":"A","date":1364400000000,"type":1,"subtype":5,"value":0.12,"recordDate":null,"divPayDate":null,"isLock":null,"updated":null},{"symbol":"A","date":1356537600000,"type":1,"subtype":5,"value":0.1,"recordDate":null,"divPayDate":null,"isLock":null,"updated":null},{"symbol":"A","date":1348761600000,"type":1,"subtype":5,"value":0.1,"recordDate":null,"divPayDate":null,"isLock":null,"updated":null},{"symbol":"A","date":1340899200000,"type":1,"subtype":5,"value":0.1,"recordDate":null,"divPayDate":null,"isLock":null,"updated":null}]}