{"list":[{"symbol":"ADM","date":1557763200000,"type":1,"subtype":5,"value":0.35,"recordDate":1557849600000,"divPayDate":null,"isLock":null,"updated":null},{"symbol":"ADM","date":1550160000000,"type":1,"subtype":5,"value":0.35,"recordDate":1550505600000,"divPayDate":null,"isLock":null,"updated":null},{"symbol":"ADM","date":1542729600000,"type":1,"subtype":5,"value":0.335,"recordDate":1542902400000,"divPayDate":null,"isLock":null,"updated":null},{"symbol":"ADM","date":1534262400000,"type":1,"subtype":5,"value":0.335,"recordDate":1534348800000,"divPayDate":null,"isLock":null,"updated":null},{"symbol":"ADM","date":1526400000000,"type":1,"subtype":5,"value":0.335,"recordDate":1526486400000,"divPayDate":null,"isLock":null,"updated":null},{"symbol":"ADM","date":1518710400000,"type":1,"subtype":5,"value":0.335,"recordDate":1519056000000,"divPayDate":null,"isLock":null,"updated":null},{"symbol":"ADM","date":1510675200000,"type":1,"subtype":5,"value":0.32,"recordDate":1510761600000,"divPayDate":null,"isLock":null,"updated":null},{"symbol":"ADM","date":1502726400000,"type":1,"subtype":5,"value":0.32,"recordDate":1502899200000,"divPayDate":null,"isLock":null,"updated":null},{"symbol":"ADM","date":1494864000000,"type":1,"subtype":5,"value":0.32,"recordDate":1495036800000,"divPayDate":null,"isLock":null,"updated":null},{"symbol":"ADM","date":1487174400000,"type":1,"subtype":5,"value":0.32,"recordDate":1487606400000,"divPayDate":null,"isLock":null,"updated":null},{"symbol":"ADM","date":1479052800000,"type":1,"subtype":5,"value":0.3,"recordDate":1479225600000,"divPayDate":null,"isLock":null,"updated":null},{"symbol":"ADM","date":1471190400000,"type":1,"subtype":5,"value":0.3,"recordDate":1471363200000,"divPayDate":null,"isLock":null,"updated":null},{"symbol":"ADM","date":1463328000000,"type":1,"subtype":5,"value":0.3,"recordDate":1463500800000,"divPayDate":null,"isLock":null,"updated":null},{"symbol":"ADM","date":1455120000000,"type":1,"subtype":5,"value":0.3,"recordDate":1455552000000,"divPayDate":null,"isLock":null,"updated":null},{"symbol":"ADM","date":1447603200000,"type":1,"subtype":5,"value":0.28,"recordDate":1447776000000,"divPayDate":null,"isLock":null,"updated":null},{"symbol":"ADM","date":1439740800000,"type":1,"subtype":5,"value":0.28,"recordDate":1439913600000,"divPayDate":null,"isLock":null,"updated":null},{"symbol":"ADM","date":1431964800000,"type":1,"subtype":5,"value":0.28,"recordDate":1432137600000,"divPayDate":null,"isLock":null,"updated":null},{"symbol":"ADM","date":1423670400000,"type":1,"subtype":5,"value":0.28,"recordDate":1424102400000,"divPayDate":null,"isLock":null,"updated":null},{"symbol":"ADM","date":1416240000000,"type":1,"subtype":5,"value":0.24,"recordDate":1416412800000,"divPayDate":null,"isLock":null,"updated":null},{"symbol":"ADM","date":1408377600000,"type":1,"subtype":5,"value":0.24,"recordDate":1408550400000,"divPayDate":null,"isLock":null,"updated":null},{"symbol":"ADM","date":1399910400000,"type":1,"subtype":5,"value":0.24,"recordDate":null,"divPayDate":null,"isLock":null,"updated":null},{"symbol":"ADM","date":1392652800000,"type":1,"subtype":5,"value":0.24,"recordDate":null,"divPayDate":null,"isLock":null,"updated":null},{"symbol":"ADM","date":1384185600000,"type":1,"subtype":5,"value":0.19,"recordDate":null,"divPayDate":null,"isLock":null,"updated":null},{"symbol":"ADM","date":1376928000000,"type":1,"subtype":5,"value":0.19,"recordDate":null,"divPayDate":null,"isLock":null,"updated":null},{"symbol":"ADM","date":1368460800000,"type":1,"subtype":5,"value":0.19,"recordDate":null,"divPayDate":null,"isLock":null,"updated":null},{"symbol":"ADM","date":1360857600000,"type":1,"subtype":5,"value":0.19,"recordDate":null,"divPayDate":null,"isLock":null,"updated":null},{"symbol":"ADM","date":1352736000000,"type":1,"subtype":5,"value":0.175,"recordDate":null,"divPayDate":null,"isLock":null,"updated":null},{"symbol":"ADM","date":1344873600000,"type":1,"subtype":5,"value":0.175,"recordDate":null,"divPayDate":null,"isLock":null,"updated":null},{"symbol":"ADM","date":999100800000,"type":2,"subtype":8,"value":1.05,"recordDate":1439913600000,"divPayDate":null,"isLock":null,"updated":null},{"symbol":"ADM","date":967046400000,"type":2,"subtype":8,"value":1.05,"recordDate":null,"divPayDate":null,"isLock":null,"updated":null},{"symbol":"ADM","date":934992000000,"type":2,"subtype":8,"value":1.05,"recordDate":null,"divPayDate":null,"isLock":null,"updated":null}]}