{"list":[{"symbol":"ADRD","date":1561305600000,"type":1,"subtype":5,"value":0.27247,"recordDate":null,"divPayDate":null,"isLock":null,"updated":null},{"symbol":"ADRD","date":1552838400000,"type":1,"subtype":5,"value":0.21442,"recordDate":null,"divPayDate":null,"isLock":null,"updated":null},{"symbol":"ADRD","date":1545580800000,"type":1,"subtype":5,"value":0.15331,"recordDate":null,"divPayDate":null,"isLock":null,"updated":null},{"symbol":"ADRD","date":1537718400000,"type":1,"subtype":5,"value":0.17215,"recordDate":null,"divPayDate":null,"isLock":null,"updated":null},{"symbol":"ADRD","date":1529251200000,"type":1,"subtype":5,"value":0.27758,"recordDate":null,"divPayDate":null,"isLock":null,"updated":null},{"symbol":"ADRD","date":1521388800000,"type":1,"subtype":5,"value":0.16304,"recordDate":null,"divPayDate":null,"isLock":null,"updated":null},{"symbol":"ADRD","date":1513526400000,"type":1,"subtype":5,"value":0.11528,"recordDate":1513612800000,"divPayDate":null,"isLock":null,"updated":null},{"symbol":"ADRD","date":1505664000000,"type":1,"subtype":5,"value":0.13705,"recordDate":1497888000000,"divPayDate":null,"isLock":null,"updated":null},{"symbol":"ADRD","date":1497542400000,"type":1,"subtype":5,"value":0.31358,"recordDate":1490025600000,"divPayDate":null,"isLock":null,"updated":null},{"symbol":"ADRD","date":1489680000000,"type":1,"subtype":5,"value":0.14331,"recordDate":1482163200000,"divPayDate":null,"isLock":null,"updated":null},{"symbol":"ADRD","date":1481817600000,"type":1,"subtype":5,"value":0.16818,"recordDate":1474300800000,"divPayDate":null,"isLock":null,"updated":null},{"symbol":"ADRD","date":1473955200000,"type":1,"subtype":5,"value":0.13896,"recordDate":1466438400000,"divPayDate":null,"isLock":null,"updated":null},{"symbol":"ADRD","date":1466092800000,"type":1,"subtype":5,"value":0.28216,"recordDate":1466438400000,"divPayDate":null,"isLock":null,"updated":null},{"symbol":"ADRD","date":1458230400000,"type":1,"subtype":5,"value":0.13649,"recordDate":1450713600000,"divPayDate":null,"isLock":null,"updated":null},{"symbol":"ADRD","date":1450368000000,"type":1,"subtype":5,"value":0.23333,"recordDate":1450713600000,"divPayDate":null,"isLock":null,"updated":null},{"symbol":"ADRD","date":1442505600000,"type":1,"subtype":5,"value":0.20469,"recordDate":1434988800000,"divPayDate":null,"isLock":null,"updated":null},{"symbol":"ADRD","date":1434643200000,"type":1,"subtype":5,"value":0.25716,"recordDate":1434988800000,"divPayDate":null,"isLock":null,"updated":null},{"symbol":"ADRD","date":1426780800000,"type":1,"subtype":5,"value":0.04833,"recordDate":1427126400000,"divPayDate":null,"isLock":null,"updated":null},{"symbol":"ADRD","date":1418918400000,"type":1,"subtype":5,"value":0.33177,"recordDate":1419264000000,"divPayDate":null,"isLock":null,"updated":null},{"symbol":"ADRD","date":1411056000000,"type":1,"subtype":5,"value":0.16858,"recordDate":1411401600000,"divPayDate":null,"isLock":null,"updated":null},{"symbol":"ADRD","date":1403193600000,"type":1,"subtype":5,"value":0.2534,"recordDate":1403539200000,"divPayDate":null,"isLock":null,"updated":null},{"symbol":"ADRD","date":1395331200000,"type":1,"subtype":5,"value":0.43421,"recordDate":null,"divPayDate":null,"isLock":null,"updated":null},{"symbol":"ADRD","date":1387468800000,"type":1,"subtype":5,"value":0.35606,"recordDate":null,"divPayDate":null,"isLock":null,"updated":null},{"symbol":"ADRD","date":1379606400000,"type":1,"subtype":5,"value":0.1456,"recordDate":null,"divPayDate":null,"isLock":null,"updated":null},{"symbol":"ADRD","date":1371744000000,"type":1,"subtype":5,"value":0.21718,"recordDate":null,"divPayDate":null,"isLock":null,"updated":null},{"symbol":"ADRD","date":1356019200000,"type":1,"subtype":5,"value":0.31263,"recordDate":null,"divPayDate":null,"isLock":null,"updated":null},{"symbol":"ADRD","date":1348156800000,"type":1,"subtype":5,"value":0.12491,"recordDate":null,"divPayDate":null,"isLock":null,"updated":null},{"symbol":"ADRD","date":1339689600000,"type":1,"subtype":5,"value":0.27129,"recordDate":null,"divPayDate":null,"isLock":null,"updated":null},{"symbol":"ADRD","date":1152460800000,"type":2,"subtype":8,"value":3.0,"recordDate":1434988800000,"divPayDate":null,"isLock":null,"updated":null}]}