{"list":[{"symbol":"ADX","date":1557936000000,"type":1,"subtype":5,"value":0.05,"recordDate":1558022400000,"divPayDate":null,"isLock":null,"updated":null},{"symbol":"ADX","date":1550073600000,"type":1,"subtype":5,"value":0.05,"recordDate":null,"divPayDate":null,"isLock":null,"updated":null},{"symbol":"ADX","date":1542902400000,"type":1,"subtype":5,"value":1.85,"recordDate":null,"divPayDate":null,"isLock":null,"updated":null},{"symbol":"ADX","date":1534348800000,"type":1,"subtype":5,"value":0.05,"recordDate":1534435200000,"divPayDate":null,"isLock":null,"updated":null},{"symbol":"ADX","date":1526486400000,"type":1,"subtype":5,"value":0.05,"recordDate":1526572800000,"divPayDate":null,"isLock":null,"updated":null},{"symbol":"ADX","date":1518624000000,"type":1,"subtype":5,"value":0.05,"recordDate":1518710400000,"divPayDate":null,"isLock":null,"updated":null},{"symbol":"ADX","date":1511193600000,"type":2,"subtype":7,"value":0.08,"recordDate":1511280000000,"divPayDate":null,"isLock":null,"updated":null},{"symbol":"ADX","date":1511193600000,"type":1,"subtype":5,"value":1.23,"recordDate":1511280000000,"divPayDate":null,"isLock":null,"updated":null},{"symbol":"ADX","date":1502208000000,"type":1,"subtype":5,"value":0.05,"recordDate":1502380800000,"divPayDate":null,"isLock":null,"updated":null},{"symbol":"ADX","date":1494345600000,"type":1,"subtype":5,"value":0.05,"recordDate":1494518400000,"divPayDate":null,"isLock":null,"updated":null},{"symbol":"ADX","date":1486483200000,"type":1,"subtype":5,"value":0.05,"recordDate":1486656000000,"divPayDate":null,"isLock":null,"updated":null},{"symbol":"ADX","date":1479744000000,"type":1,"subtype":5,"value":0.84,"recordDate":1480003200000,"divPayDate":null,"isLock":null,"updated":null},{"symbol":"ADX","date":1470758400000,"type":1,"subtype":5,"value":0.05,"recordDate":1470931200000,"divPayDate":null,"isLock":null,"updated":null},{"symbol":"ADX","date":1462896000000,"type":1,"subtype":5,"value":0.05,"recordDate":1463068800000,"divPayDate":null,"isLock":null,"updated":null},{"symbol":"ADX","date":1455033600000,"type":1,"subtype":5,"value":0.05,"recordDate":1455206400000,"divPayDate":null,"isLock":null,"updated":null},{"symbol":"ADX","date":1448208000000,"type":1,"subtype":5,"value":0.78,"recordDate":1448380800000,"divPayDate":null,"isLock":null,"updated":null},{"symbol":"ADX","date":1439136000000,"type":1,"subtype":5,"value":0.05,"recordDate":1439308800000,"divPayDate":null,"isLock":null,"updated":null},{"symbol":"ADX","date":1431273600000,"type":1,"subtype":5,"value":0.05,"recordDate":1431446400000,"divPayDate":null,"isLock":null,"updated":null},{"symbol":"ADX","date":1423497600000,"type":1,"subtype":5,"value":0.05,"recordDate":1423670400000,"divPayDate":null,"isLock":null,"updated":null},{"symbol":"ADX","date":1416412800000,"type":1,"subtype":5,"value":1.03,"recordDate":1416758400000,"divPayDate":null,"isLock":null,"updated":null},{"symbol":"ADX","date":1407427200000,"type":1,"subtype":5,"value":0.05,"recordDate":1407772800000,"divPayDate":null,"isLock":null,"updated":null},{"symbol":"ADX","date":1399824000000,"type":1,"subtype":5,"value":0.05,"recordDate":null,"divPayDate":null,"isLock":null,"updated":null},{"symbol":"ADX","date":1392134400000,"type":1,"subtype":5,"value":0.05,"recordDate":null,"divPayDate":null,"isLock":null,"updated":null},{"symbol":"ADX","date":1384963200000,"type":1,"subtype":5,"value":0.69,"recordDate":null,"divPayDate":null,"isLock":null,"updated":null},{"symbol":"ADX","date":1376323200000,"type":1,"subtype":5,"value":0.05,"recordDate":null,"divPayDate":null,"isLock":null,"updated":null},{"symbol":"ADX","date":1368374400000,"type":1,"subtype":5,"value":0.05,"recordDate":null,"divPayDate":null,"isLock":null,"updated":null},{"symbol":"ADX","date":1360684800000,"type":1,"subtype":5,"value":0.05,"recordDate":null,"divPayDate":null,"isLock":null,"updated":null},{"symbol":"ADX","date":1352908800000,"type":1,"subtype":5,"value":0.52,"recordDate":null,"divPayDate":null,"isLock":null,"updated":null},{"symbol":"ADX","date":1344355200000,"type":1,"subtype":5,"value":0.05,"recordDate":null,"divPayDate":null,"isLock":null,"updated":null},{"symbol":"ADX","date":971971200000,"type":2,"subtype":8,"value":1.5,"recordDate":1439308800000,"divPayDate":null,"isLock":null,"updated":null}]}