{"list":[{"symbol":"AFT","date":1560441600000,"type":1,"subtype":5,"value":0.1,"recordDate":1560700800000,"divPayDate":null,"isLock":null,"updated":null},{"symbol":"AFT","date":1557936000000,"type":1,"subtype":5,"value":0.1,"recordDate":1558022400000,"divPayDate":null,"isLock":null,"updated":null},{"symbol":"AFT","date":1555257600000,"type":1,"subtype":5,"value":0.1,"recordDate":1555344000000,"divPayDate":null,"isLock":null,"updated":null},{"symbol":"AFT","date":1552579200000,"type":1,"subtype":5,"value":0.1,"recordDate":1552838400000,"divPayDate":null,"isLock":null,"updated":null},{"symbol":"AFT","date":1549296000000,"type":1,"subtype":5,"value":0.1,"recordDate":1549382400000,"divPayDate":null,"isLock":null,"updated":null},{"symbol":"AFT","date":1547568000000,"type":1,"subtype":5,"value":0.1,"recordDate":1547654400000,"divPayDate":null,"isLock":null,"updated":null},{"symbol":"AFT","date":1544716800000,"type":1,"subtype":5,"value":0.205,"recordDate":null,"divPayDate":null,"isLock":null,"updated":null},{"symbol":"AFT","date":1542211200000,"type":1,"subtype":5,"value":0.1,"recordDate":1542297600000,"divPayDate":null,"isLock":null,"updated":null},{"symbol":"AFT","date":1539705600000,"type":1,"subtype":5,"value":0.098,"recordDate":1539792000000,"divPayDate":null,"isLock":null,"updated":null},{"symbol":"AFT","date":1536854400000,"type":1,"subtype":5,"value":0.098,"recordDate":1537113600000,"divPayDate":null,"isLock":null,"updated":null},{"symbol":"AFT","date":1534435200000,"type":1,"subtype":5,"value":0.096,"recordDate":1534694400000,"divPayDate":null,"isLock":null,"updated":null},{"symbol":"AFT","date":1531756800000,"type":1,"subtype":5,"value":0.096,"recordDate":null,"divPayDate":null,"isLock":null,"updated":null},{"symbol":"AFT","date":1528992000000,"type":1,"subtype":5,"value":0.096,"recordDate":1529251200000,"divPayDate":null,"isLock":null,"updated":null},{"symbol":"AFT","date":1526400000000,"type":1,"subtype":5,"value":0.096,"recordDate":1526486400000,"divPayDate":null,"isLock":null,"updated":null},{"symbol":"AFT","date":1523808000000,"type":1,"subtype":5,"value":0.096,"recordDate":1523894400000,"divPayDate":null,"isLock":null,"updated":null},{"symbol":"AFT","date":1521043200000,"type":1,"subtype":5,"value":0.096,"recordDate":1521129600000,"divPayDate":null,"isLock":null,"updated":null},{"symbol":"AFT","date":1518451200000,"type":1,"subtype":5,"value":0.09,"recordDate":1518537600000,"divPayDate":null,"isLock":null,"updated":null},{"symbol":"AFT","date":1516118400000,"type":1,"subtype":5,"value":0.09,"recordDate":1516204800000,"divPayDate":null,"isLock":null,"updated":null},{"symbol":"AFT","date":1513785600000,"type":1,"subtype":5,"value":0.17,"recordDate":1513872000000,"divPayDate":null,"isLock":null,"updated":null},{"symbol":"AFT","date":1510761600000,"type":1,"subtype":5,"value":0.09,"recordDate":1510848000000,"divPayDate":null,"isLock":null,"updated":null},{"symbol":"AFT","date":1508256000000,"type":1,"subtype":5,"value":0.09,"recordDate":1508342400000,"divPayDate":null,"isLock":null,"updated":null},{"symbol":"AFT","date":1505664000000,"type":1,"subtype":5,"value":0.09,"recordDate":1505750400000,"divPayDate":null,"isLock":null,"updated":null},{"symbol":"AFT","date":1502899200000,"type":1,"subtype":5,"value":0.09,"recordDate":1503244800000,"divPayDate":null,"isLock":null,"updated":null},{"symbol":"AFT","date":1500220800000,"type":1,"subtype":5,"value":0.09,"recordDate":1500393600000,"divPayDate":null,"isLock":null,"updated":null},{"symbol":"AFT","date":1497542400000,"type":1,"subtype":5,"value":0.09,"recordDate":1497888000000,"divPayDate":null,"isLock":null,"updated":null},{"symbol":"AFT","date":1494864000000,"type":1,"subtype":5,"value":0.09,"recordDate":1495036800000,"divPayDate":null,"isLock":null,"updated":null},{"symbol":"AFT","date":1492012800000,"type":1,"subtype":5,"value":0.09,"recordDate":1492444800000,"divPayDate":null,"isLock":null,"updated":null},{"symbol":"AFT","date":1489680000000,"type":1,"subtype":5,"value":0.09,"recordDate":1490025600000,"divPayDate":null,"isLock":null,"updated":null},{"symbol":"AFT","date":1486915200000,"type":1,"subtype":5,"value":0.09,"recordDate":1487088000000,"divPayDate":null,"isLock":null,"updated":null},{"symbol":"AFT","date":1484582400000,"type":1,"subtype":5,"value":0.09,"recordDate":1484755200000,"divPayDate":null,"isLock":null,"updated":null},{"symbol":"AFT","date":1481731200000,"type":1,"subtype":5,"value":0.2462,"recordDate":1482076800000,"divPayDate":null,"isLock":null,"updated":null},{"symbol":"AFT","date":1479139200000,"type":1,"subtype":5,"value":0.09,"recordDate":1479312000000,"divPayDate":null,"isLock":null,"updated":null},{"symbol":"AFT","date":1476633600000,"type":1,"subtype":5,"value":0.09,"recordDate":1476806400000,"divPayDate":null,"isLock":null,"updated":null},{"symbol":"AFT","date":1473955200000,"type":1,"subtype":5,"value":0.09,"recordDate":1474300800000,"divPayDate":null,"isLock":null,"updated":null},{"symbol":"AFT","date":1471363200000,"type":1,"subtype":5,"value":0.09,"recordDate":1471536000000,"divPayDate":null,"isLock":null,"updated":null},{"symbol":"AFT","date":1468512000000,"type":1,"subtype":5,"value":0.09,"recordDate":1468857600000,"divPayDate":null,"isLock":null,"updated":null},{"symbol":"AFT","date":1466006400000,"type":1,"subtype":5,"value":0.09,"recordDate":1466352000000,"divPayDate":null,"isLock":null,"updated":null},{"symbol":"AFT","date":1463328000000,"type":1,"subtype":5,"value":0.09,"recordDate":1463500800000,"divPayDate":null,"isLock":null,"updated":null},{"symbol":"AFT","date":1460649600000,"type":1,"subtype":5,"value":0.09,"recordDate":1460995200000,"divPayDate":null,"isLock":null,"updated":null},{"symbol":"AFT","date":1458057600000,"type":1,"subtype":5,"value":0.09,"recordDate":1458230400000,"divPayDate":null,"isLock":null,"updated":null},{"symbol":"AFT","date":1455206400000,"type":1,"subtype":5,"value":0.09,"recordDate":1455638400000,"divPayDate":null,"isLock":null,"updated":null},{"symbol":"AFT","date":1452700800000,"type":1,"subtype":5,"value":0.0977,"recordDate":1453132800000,"divPayDate":null,"isLock":null,"updated":null},{"symbol":"AFT","date":1450195200000,"type":1,"subtype":5,"value":0.156,"recordDate":1450368000000,"divPayDate":null,"isLock":null,"updated":null},{"symbol":"AFT","date":1447344000000,"type":1,"subtype":5,"value":0.0977,"recordDate":1447689600000,"divPayDate":null,"isLock":null,"updated":null},{"symbol":"AFT","date":1444924800000,"type":1,"subtype":5,"value":0.0977,"recordDate":1445270400000,"divPayDate":null,"isLock":null,"updated":null},{"symbol":"AFT","date":1442332800000,"type":1,"subtype":5,"value":0.0977,"recordDate":1442505600000,"divPayDate":null,"isLock":null,"updated":null},{"symbol":"AFT","date":1439740800000,"type":1,"subtype":5,"value":0.0977,"recordDate":1439913600000,"divPayDate":null,"isLock":null,"updated":null},{"symbol":"AFT","date":1437062400000,"type":1,"subtype":5,"value":0.0977,"recordDate":1437408000000,"divPayDate":null,"isLock":null,"updated":null},{"symbol":"AFT","date":1434384000000,"type":1,"subtype":5,"value":0.0977,"recordDate":1434556800000,"divPayDate":null,"isLock":null,"updated":null},{"symbol":"AFT","date":1431532800000,"type":1,"subtype":5,"value":0.0977,"recordDate":1431878400000,"divPayDate":null,"isLock":null,"updated":null},{"symbol":"AFT","date":1429113600000,"type":1,"subtype":5,"value":0.0977,"recordDate":1429459200000,"divPayDate":null,"isLock":null,"updated":null},{"symbol":"AFT","date":1426521600000,"type":1,"subtype":5,"value":0.0977,"recordDate":1426694400000,"divPayDate":null,"isLock":null,"updated":null},{"symbol":"AFT","date":1423670400000,"type":1,"subtype":5,"value":0.0957,"recordDate":1424102400000,"divPayDate":null,"isLock":null,"updated":null},{"symbol":"AFT","date":1421251200000,"type":1,"subtype":5,"value":0.0957,"recordDate":1421683200000,"divPayDate":null,"isLock":null,"updated":null},{"symbol":"AFT","date":1418659200000,"type":1,"subtype":5,"value":0.0957,"recordDate":1418832000000,"divPayDate":null,"isLock":null,"updated":null},{"symbol":"AFT","date":1415808000000,"type":1,"subtype":5,"value":0.0957,"recordDate":1416153600000,"divPayDate":null,"isLock":null,"updated":null},{"symbol":"AFT","date":1413475200000,"type":1,"subtype":5,"value":0.0957,"recordDate":1413820800000,"divPayDate":null,"isLock":null,"updated":null},{"symbol":"AFT","date":1410796800000,"type":1,"subtype":5,"value":0.0957,"recordDate":1410969600000,"divPayDate":null,"isLock":null,"updated":null},{"symbol":"AFT","date":1408032000000,"type":1,"subtype":5,"value":0.0957,"recordDate":1408377600000,"divPayDate":null,"isLock":null,"updated":null},{"symbol":"AFT","date":1405526400000,"type":1,"subtype":5,"value":0.0957,"recordDate":1405872000000,"divPayDate":null,"isLock":null,"updated":null},{"symbol":"AFT","date":1402848000000,"type":1,"subtype":5,"value":0.0957,"recordDate":null,"divPayDate":null,"isLock":null,"updated":null},{"symbol":"AFT","date":1400083200000,"type":1,"subtype":5,"value":0.0967,"recordDate":null,"divPayDate":null,"isLock":null,"updated":null},{"symbol":"AFT","date":1397491200000,"type":1,"subtype":5,"value":0.0977,"recordDate":null,"divPayDate":null,"isLock":null,"updated":null},{"symbol":"AFT","date":1394985600000,"type":1,"subtype":5,"value":0.0987,"recordDate":null,"divPayDate":null,"isLock":null,"updated":null},{"symbol":"AFT","date":1392220800000,"type":1,"subtype":5,"value":0.0997,"recordDate":null,"divPayDate":null,"isLock":null,"updated":null},{"symbol":"AFT","date":1389801600000,"type":1,"subtype":5,"value":0.0997,"recordDate":null,"divPayDate":null,"isLock":null,"updated":null},{"symbol":"AFT","date":1387123200000,"type":1,"subtype":5,"value":0.1197,"recordDate":null,"divPayDate":null,"isLock":null,"updated":null},{"symbol":"AFT","date":1384358400000,"type":1,"subtype":5,"value":0.0997,"recordDate":null,"divPayDate":null,"isLock":null,"updated":null},{"symbol":"AFT","date":1381939200000,"type":1,"subtype":5,"value":0.0997,"recordDate":null,"divPayDate":null,"isLock":null,"updated":null},{"symbol":"AFT","date":1379260800000,"type":1,"subtype":5,"value":0.101,"recordDate":null,"divPayDate":null,"isLock":null,"updated":null},{"symbol":"AFT","date":1376582400000,"type":1,"subtype":5,"value":0.105,"recordDate":null,"divPayDate":null,"isLock":null,"updated":null},{"symbol":"AFT","date":1373990400000,"type":1,"subtype":5,"value":0.105,"recordDate":null,"divPayDate":null,"isLock":null,"updated":null},{"symbol":"AFT","date":1371139200000,"type":1,"subtype":5,"value":0.105,"recordDate":null,"divPayDate":null,"isLock":null,"updated":null},{"symbol":"AFT","date":1368633600000,"type":1,"subtype":5,"value":0.105,"recordDate":null,"divPayDate":null,"isLock":null,"updated":null},{"symbol":"AFT","date":1366041600000,"type":1,"subtype":5,"value":0.105,"recordDate":null,"divPayDate":null,"isLock":null,"updated":null},{"symbol":"AFT","date":1363190400000,"type":1,"subtype":5,"value":0.105,"recordDate":null,"divPayDate":null,"isLock":null,"updated":null},{"symbol":"AFT","date":1360684800000,"type":1,"subtype":5,"value":0.105,"recordDate":null,"divPayDate":null,"isLock":null,"updated":null},{"symbol":"AFT","date":1358265600000,"type":1,"subtype":5,"value":0.105,"recordDate":null,"divPayDate":null,"isLock":null,"updated":null},{"symbol":"AFT","date":1355414400000,"type":1,"subtype":5,"value":0.105,"recordDate":null,"divPayDate":null,"isLock":null,"updated":null},{"symbol":"AFT","date":1352908800000,"type":1,"subtype":5,"value":0.105,"recordDate":null,"divPayDate":null,"isLock":null,"updated":null},{"symbol":"AFT","date":1350403200000,"type":1,"subtype":5,"value":0.105,"recordDate":null,"divPayDate":null,"isLock":null,"updated":null}]}