{"list":[{"symbol":"AGCO","date":1557763200000,"type":1,"subtype":5,"value":0.16,"recordDate":1557849600000,"divPayDate":null,"isLock":null,"updated":null},{"symbol":"AGCO","date":1550073600000,"type":1,"subtype":5,"value":0.15,"recordDate":1550160000000,"divPayDate":null,"isLock":null,"updated":null},{"symbol":"AGCO","date":1542124800000,"type":1,"subtype":5,"value":0.15,"recordDate":1542211200000,"divPayDate":null,"isLock":null,"updated":null},{"symbol":"AGCO","date":1534176000000,"type":1,"subtype":5,"value":0.15,"recordDate":1534262400000,"divPayDate":null,"isLock":null,"updated":null},{"symbol":"AGCO","date":1526227200000,"type":1,"subtype":5,"value":0.15,"recordDate":1526313600000,"divPayDate":null,"isLock":null,"updated":null},{"symbol":"AGCO","date":1518537600000,"type":1,"subtype":5,"value":0.15,"recordDate":1518624000000,"divPayDate":null,"isLock":null,"updated":null},{"symbol":"AGCO","date":1510588800000,"type":1,"subtype":5,"value":0.14,"recordDate":1510675200000,"divPayDate":null,"isLock":null,"updated":null},{"symbol":"AGCO","date":1502380800000,"type":1,"subtype":5,"value":0.14,"recordDate":1502726400000,"divPayDate":null,"isLock":null,"updated":null},{"symbol":"AGCO","date":1494432000000,"type":1,"subtype":5,"value":0.14,"recordDate":1494777600000,"divPayDate":null,"isLock":null,"updated":null},{"symbol":"AGCO","date":1486915200000,"type":1,"subtype":5,"value":0.14,"recordDate":1487088000000,"divPayDate":null,"isLock":null,"updated":null},{"symbol":"AGCO","date":1478707200000,"type":1,"subtype":5,"value":0.13,"recordDate":1479139200000,"divPayDate":null,"isLock":null,"updated":null},{"symbol":"AGCO","date":1470844800000,"type":1,"subtype":5,"value":0.13,"recordDate":1471190400000,"divPayDate":null,"isLock":null,"updated":null},{"symbol":"AGCO","date":1462982400000,"type":1,"subtype":5,"value":0.13,"recordDate":1463328000000,"divPayDate":null,"isLock":null,"updated":null},{"symbol":"AGCO","date":1455120000000,"type":1,"subtype":5,"value":0.13,"recordDate":1455552000000,"divPayDate":null,"isLock":null,"updated":null},{"symbol":"AGCO","date":1447257600000,"type":1,"subtype":5,"value":0.12,"recordDate":1447603200000,"divPayDate":null,"isLock":null,"updated":null},{"symbol":"AGCO","date":1439308800000,"type":1,"subtype":5,"value":0.12,"recordDate":1439481600000,"divPayDate":null,"isLock":null,"updated":null},{"symbol":"AGCO","date":1431446400000,"type":1,"subtype":5,"value":0.12,"recordDate":1431619200000,"divPayDate":null,"isLock":null,"updated":null},{"symbol":"AGCO","date":1423584000000,"type":1,"subtype":5,"value":0.12,"recordDate":1424016000000,"divPayDate":null,"isLock":null,"updated":null},{"symbol":"AGCO","date":1415721600000,"type":1,"subtype":5,"value":0.11,"recordDate":1415894400000,"divPayDate":null,"isLock":null,"updated":null},{"symbol":"AGCO","date":1407859200000,"type":1,"subtype":5,"value":0.11,"recordDate":1408032000000,"divPayDate":null,"isLock":null,"updated":null},{"symbol":"AGCO","date":1399910400000,"type":1,"subtype":5,"value":0.11,"recordDate":null,"divPayDate":null,"isLock":null,"updated":null},{"symbol":"AGCO","date":1392134400000,"type":1,"subtype":5,"value":0.11,"recordDate":null,"divPayDate":null,"isLock":null,"updated":null},{"symbol":"AGCO","date":1384272000000,"type":1,"subtype":5,"value":0.1,"recordDate":null,"divPayDate":null,"isLock":null,"updated":null},{"symbol":"AGCO","date":1376323200000,"type":1,"subtype":5,"value":0.1,"recordDate":null,"divPayDate":null,"isLock":null,"updated":null},{"symbol":"AGCO","date":1368374400000,"type":1,"subtype":5,"value":0.1,"recordDate":null,"divPayDate":null,"isLock":null,"updated":null},{"symbol":"AGCO","date":1360684800000,"type":1,"subtype":5,"value":0.1,"recordDate":null,"divPayDate":null,"isLock":null,"updated":null},{"symbol":"AGCO","date":823104000000,"type":2,"subtype":8,"value":2.0,"recordDate":1439481600000,"divPayDate":null,"isLock":null,"updated":null},{"symbol":"AGCO","date":787507200000,"type":2,"subtype":8,"value":1.5,"recordDate":null,"divPayDate":null,"isLock":null,"updated":null}]}