{"list":[{"symbol":"AGR","date":1559750400000,"type":1,"subtype":5,"value":0.44,"recordDate":1559836800000,"divPayDate":null,"isLock":null,"updated":null},{"symbol":"AGR","date":1551888000000,"type":1,"subtype":5,"value":0.44,"recordDate":1551974400000,"divPayDate":null,"isLock":null,"updated":null},{"symbol":"AGR","date":1544371200000,"type":1,"subtype":5,"value":0.44,"recordDate":1544457600000,"divPayDate":null,"isLock":null,"updated":null},{"symbol":"AGR","date":1536163200000,"type":1,"subtype":5,"value":0.44,"recordDate":1536249600000,"divPayDate":null,"isLock":null,"updated":null},{"symbol":"AGR","date":1528300800000,"type":1,"subtype":5,"value":0.432,"recordDate":1528387200000,"divPayDate":null,"isLock":null,"updated":null},{"symbol":"AGR","date":1520438400000,"type":1,"subtype":5,"value":0.432,"recordDate":1520524800000,"divPayDate":null,"isLock":null,"updated":null},{"symbol":"AGR","date":1512662400000,"type":1,"subtype":5,"value":0.432,"recordDate":1512921600000,"divPayDate":null,"isLock":null,"updated":null},{"symbol":"AGR","date":1504713600000,"type":1,"subtype":5,"value":0.432,"recordDate":1504800000000,"divPayDate":null,"isLock":null,"updated":null},{"symbol":"AGR","date":1496764800000,"type":1,"subtype":5,"value":0.432,"recordDate":1496937600000,"divPayDate":null,"isLock":null,"updated":null},{"symbol":"AGR","date":1488902400000,"type":1,"subtype":5,"value":0.432,"recordDate":1489075200000,"divPayDate":null,"isLock":null,"updated":null},{"symbol":"AGR","date":1481126400000,"type":1,"subtype":5,"value":0.432,"recordDate":1481472000000,"divPayDate":null,"isLock":null,"updated":null},{"symbol":"AGR","date":1473177600000,"type":1,"subtype":5,"value":0.432,"recordDate":1473350400000,"divPayDate":null,"isLock":null,"updated":null},{"symbol":"AGR","date":1465315200000,"type":1,"subtype":5,"value":0.432,"recordDate":1465488000000,"divPayDate":null,"isLock":null,"updated":null},{"symbol":"AGR","date":1457366400000,"type":1,"subtype":5,"value":0.432,"recordDate":1457539200000,"divPayDate":null,"isLock":null,"updated":null}]}