{"list":[{"symbol":"AMP","date":1556812800000,"type":1,"subtype":5,"value":0.97,"recordDate":1557072000000,"divPayDate":null,"isLock":null,"updated":null},{"symbol":"AMP","date":1550073600000,"type":1,"subtype":5,"value":0.9,"recordDate":1550160000000,"divPayDate":null,"isLock":null,"updated":null},{"symbol":"AMP","date":1541088000000,"type":1,"subtype":5,"value":0.9,"recordDate":1541347200000,"divPayDate":null,"isLock":null,"updated":null},{"symbol":"AMP","date":1533225600000,"type":1,"subtype":5,"value":0.9,"recordDate":1533484800000,"divPayDate":null,"isLock":null,"updated":null},{"symbol":"AMP","date":1525363200000,"type":1,"subtype":5,"value":0.9,"recordDate":1525622400000,"divPayDate":null,"isLock":null,"updated":null},{"symbol":"AMP","date":1518624000000,"type":1,"subtype":5,"value":0.83,"recordDate":1518710400000,"divPayDate":null,"isLock":null,"updated":null},{"symbol":"AMP","date":1509638400000,"type":1,"subtype":5,"value":0.83,"recordDate":1509897600000,"divPayDate":null,"isLock":null,"updated":null},{"symbol":"AMP","date":1501689600000,"type":1,"subtype":5,"value":0.83,"recordDate":1502035200000,"divPayDate":null,"isLock":null,"updated":null},{"symbol":"AMP","date":1493827200000,"type":1,"subtype":5,"value":0.83,"recordDate":1494172800000,"divPayDate":null,"isLock":null,"updated":null},{"symbol":"AMP","date":1486569600000,"type":1,"subtype":5,"value":0.75,"recordDate":1486915200000,"divPayDate":null,"isLock":null,"updated":null},{"symbol":"AMP","date":1478102400000,"type":1,"subtype":5,"value":0.75,"recordDate":1478448000000,"divPayDate":null,"isLock":null,"updated":null},{"symbol":"AMP","date":1470240000000,"type":1,"subtype":5,"value":0.75,"recordDate":1470585600000,"divPayDate":null,"isLock":null,"updated":null},{"symbol":"AMP","date":1462377600000,"type":1,"subtype":5,"value":0.75,"recordDate":1462723200000,"divPayDate":null,"isLock":null,"updated":null},{"symbol":"AMP","date":1455033600000,"type":1,"subtype":5,"value":0.67,"recordDate":1455206400000,"divPayDate":null,"isLock":null,"updated":null},{"symbol":"AMP","date":1446048000000,"type":1,"subtype":5,"value":0.67,"recordDate":1446393600000,"divPayDate":null,"isLock":null,"updated":null},{"symbol":"AMP","date":1438185600000,"type":1,"subtype":5,"value":0.67,"recordDate":1438531200000,"divPayDate":null,"isLock":null,"updated":null},{"symbol":"AMP","date":1430323200000,"type":1,"subtype":5,"value":0.67,"recordDate":1430668800000,"divPayDate":null,"isLock":null,"updated":null},{"symbol":"AMP","date":1423065600000,"type":1,"subtype":5,"value":0.58,"recordDate":1423411200000,"divPayDate":null,"isLock":null,"updated":null},{"symbol":"AMP","date":1415203200000,"type":1,"subtype":5,"value":0.58,"recordDate":1415548800000,"divPayDate":null,"isLock":null,"updated":null},{"symbol":"AMP","date":1407340800000,"type":1,"subtype":5,"value":0.58,"recordDate":1407686400000,"divPayDate":null,"isLock":null,"updated":null},{"symbol":"AMP","date":1399392000000,"type":1,"subtype":5,"value":0.58,"recordDate":null,"divPayDate":null,"isLock":null,"updated":null},{"symbol":"AMP","date":1392134400000,"type":1,"subtype":5,"value":0.52,"recordDate":null,"divPayDate":null,"isLock":null,"updated":null},{"symbol":"AMP","date":1383753600000,"type":1,"subtype":5,"value":0.52,"recordDate":null,"divPayDate":null,"isLock":null,"updated":null},{"symbol":"AMP","date":1375286400000,"type":1,"subtype":5,"value":0.52,"recordDate":null,"divPayDate":null,"isLock":null,"updated":null},{"symbol":"AMP","date":1367424000000,"type":1,"subtype":5,"value":0.52,"recordDate":null,"divPayDate":null,"isLock":null,"updated":null},{"symbol":"AMP","date":1360166400000,"type":1,"subtype":5,"value":0.45,"recordDate":null,"divPayDate":null,"isLock":null,"updated":null},{"symbol":"AMP","date":1351699200000,"type":1,"subtype":5,"value":0.45,"recordDate":null,"divPayDate":null,"isLock":null,"updated":null},{"symbol":"AMP","date":1343750400000,"type":1,"subtype":5,"value":0.35,"recordDate":null,"divPayDate":null,"isLock":null,"updated":null}]}