{"list":[{"symbol":"AMSWA","date":1565798400000,"type":1,"subtype":5,"value":0.11,"recordDate":null,"divPayDate":null,"isLock":null,"updated":null},{"symbol":"AMSWA","date":1557331200000,"type":1,"subtype":5,"value":0.11,"recordDate":1557417600000,"divPayDate":null,"isLock":null,"updated":null},{"symbol":"AMSWA","date":1549468800000,"type":1,"subtype":5,"value":0.11,"recordDate":1549555200000,"divPayDate":null,"isLock":null,"updated":null},{"symbol":"AMSWA","date":1542297600000,"type":1,"subtype":5,"value":0.11,"recordDate":1542556800000,"divPayDate":null,"isLock":null,"updated":null},{"symbol":"AMSWA","date":1534348800000,"type":1,"subtype":5,"value":0.11,"recordDate":1534435200000,"divPayDate":null,"isLock":null,"updated":null},{"symbol":"AMSWA","date":1525881600000,"type":1,"subtype":5,"value":0.11,"recordDate":1525968000000,"divPayDate":null,"isLock":null,"updated":null},{"symbol":"AMSWA","date":1518019200000,"type":1,"subtype":5,"value":0.11,"recordDate":1518105600000,"divPayDate":null,"isLock":null,"updated":null},{"symbol":"AMSWA","date":1510156800000,"type":1,"subtype":5,"value":0.11,"recordDate":1510243200000,"divPayDate":null,"isLock":null,"updated":null},{"symbol":"AMSWA","date":1502208000000,"type":1,"subtype":5,"value":0.11,"recordDate":1502380800000,"divPayDate":null,"isLock":null,"updated":null},{"symbol":"AMSWA","date":1494345600000,"type":1,"subtype":5,"value":0.11,"recordDate":1494518400000,"divPayDate":null,"isLock":null,"updated":null},{"symbol":"AMSWA","date":1486483200000,"type":1,"subtype":5,"value":0.11,"recordDate":1486656000000,"divPayDate":null,"isLock":null,"updated":null},{"symbol":"AMSWA","date":1478534400000,"type":1,"subtype":5,"value":0.11,"recordDate":1478793600000,"divPayDate":null,"isLock":null,"updated":null},{"symbol":"AMSWA","date":1470153600000,"type":1,"subtype":5,"value":0.11,"recordDate":1470326400000,"divPayDate":null,"isLock":null,"updated":null},{"symbol":"AMSWA","date":1462896000000,"type":1,"subtype":5,"value":0.1,"recordDate":1463068800000,"divPayDate":null,"isLock":null,"updated":null},{"symbol":"AMSWA","date":1455033600000,"type":1,"subtype":5,"value":0.1,"recordDate":1455206400000,"divPayDate":null,"isLock":null,"updated":null},{"symbol":"AMSWA","date":1447084800000,"type":1,"subtype":5,"value":0.1,"recordDate":1447344000000,"divPayDate":null,"isLock":null,"updated":null},{"symbol":"AMSWA","date":1438704000000,"type":1,"subtype":5,"value":0.1,"recordDate":1438876800000,"divPayDate":null,"isLock":null,"updated":null},{"symbol":"AMSWA","date":1430841600000,"type":1,"subtype":5,"value":0.1,"recordDate":1431014400000,"divPayDate":null,"isLock":null,"updated":null},{"symbol":"AMSWA","date":1422979200000,"type":1,"subtype":5,"value":0.1,"recordDate":1423152000000,"divPayDate":null,"isLock":null,"updated":null},{"symbol":"AMSWA","date":1415721600000,"type":1,"subtype":5,"value":0.1,"recordDate":1415894400000,"divPayDate":null,"isLock":null,"updated":null},{"symbol":"AMSWA","date":1407254400000,"type":1,"subtype":5,"value":0.1,"recordDate":null,"divPayDate":null,"isLock":null,"updated":null},{"symbol":"AMSWA","date":1399392000000,"type":1,"subtype":5,"value":0.1,"recordDate":null,"divPayDate":null,"isLock":null,"updated":null},{"symbol":"AMSWA","date":1391529600000,"type":1,"subtype":5,"value":0.1,"recordDate":null,"divPayDate":null,"isLock":null,"updated":null},{"symbol":"AMSWA","date":1384272000000,"type":1,"subtype":5,"value":0.1,"recordDate":null,"divPayDate":null,"isLock":null,"updated":null},{"symbol":"AMSWA","date":1354636800000,"type":1,"subtype":5,"value":0.3,"recordDate":null,"divPayDate":null,"isLock":null,"updated":null},{"symbol":"AMSWA","date":1352822400000,"type":1,"subtype":5,"value":0.09,"recordDate":null,"divPayDate":null,"isLock":null,"updated":null},{"symbol":"AMSWA","date":648745200000,"type":2,"subtype":8,"value":1.5,"recordDate":1438876800000,"divPayDate":null,"isLock":null,"updated":null},{"symbol":"AMSWA","date":610556400000,"type":2,"subtype":8,"value":1.5,"recordDate":null,"divPayDate":null,"isLock":null,"updated":null},{"symbol":"AMSWA","date":544204800000,"type":2,"subtype":8,"value":1.5,"recordDate":null,"divPayDate":null,"isLock":null,"updated":null}]}