{"list":[{"symbol":"APD","date":1561651200000,"type":1,"subtype":5,"value":1.16,"recordDate":1561910400000,"divPayDate":null,"isLock":null,"updated":null},{"symbol":"APD","date":1553788800000,"type":1,"subtype":5,"value":1.16,"recordDate":1554048000000,"divPayDate":null,"isLock":null,"updated":null},{"symbol":"APD","date":1546185600000,"type":1,"subtype":5,"value":1.1,"recordDate":1546358400000,"divPayDate":null,"isLock":null,"updated":null},{"symbol":"APD","date":1538064000000,"type":1,"subtype":5,"value":1.1,"recordDate":1538323200000,"divPayDate":null,"isLock":null,"updated":null},{"symbol":"APD","date":1530201600000,"type":1,"subtype":5,"value":1.1,"recordDate":null,"divPayDate":null,"isLock":null,"updated":null},{"symbol":"APD","date":1522252800000,"type":1,"subtype":5,"value":1.1,"recordDate":1522598400000,"divPayDate":null,"isLock":null,"updated":null},{"symbol":"APD","date":1514476800000,"type":1,"subtype":5,"value":0.95,"recordDate":1514822400000,"divPayDate":null,"isLock":null,"updated":null},{"symbol":"APD","date":1507219200000,"type":1,"subtype":5,"value":0.95,"recordDate":1507564800000,"divPayDate":null,"isLock":null,"updated":null},{"symbol":"APD","date":1498665600000,"type":1,"subtype":5,"value":0.95,"recordDate":1499011200000,"divPayDate":null,"isLock":null,"updated":null},{"symbol":"APD","date":1490803200000,"type":1,"subtype":5,"value":0.95,"recordDate":1491148800000,"divPayDate":null,"isLock":null,"updated":null},{"symbol":"APD","date":1482940800000,"type":1,"subtype":5,"value":0.86,"recordDate":1483372800000,"divPayDate":null,"isLock":null,"updated":null},{"symbol":"APD","date":1475683200000,"type":1,"subtype":5,"value":0.86,"recordDate":1476115200000,"divPayDate":null,"isLock":null,"updated":null},{"symbol":"APD","date":1475424000000,"type":2,"subtype":7,"value":0.5,"recordDate":1476115200000,"divPayDate":null,"isLock":null,"updated":null},{"symbol":"APD","date":1475078400000,"type":1,"subtype":5,"value":0.86,"recordDate":1475424000000,"divPayDate":null,"isLock":null,"updated":null},{"symbol":"APD","date":1467129600000,"type":1,"subtype":5,"value":0.86,"recordDate":1467302400000,"divPayDate":null,"isLock":null,"updated":null},{"symbol":"APD","date":1459267200000,"type":1,"subtype":5,"value":0.86,"recordDate":1459440000000,"divPayDate":null,"isLock":null,"updated":null},{"symbol":"APD","date":1451404800000,"type":1,"subtype":5,"value":0.81,"recordDate":1451836800000,"divPayDate":null,"isLock":null,"updated":null},{"symbol":"APD","date":1443456000000,"type":1,"subtype":5,"value":0.81,"recordDate":1443628800000,"divPayDate":null,"isLock":null,"updated":null},{"symbol":"APD","date":1435507200000,"type":1,"subtype":5,"value":0.81,"recordDate":1435680000000,"divPayDate":null,"isLock":null,"updated":null},{"symbol":"APD","date":1427644800000,"type":1,"subtype":5,"value":0.81,"recordDate":1427817600000,"divPayDate":null,"isLock":null,"updated":null},{"symbol":"APD","date":1419868800000,"type":1,"subtype":5,"value":0.77,"recordDate":1420128000000,"divPayDate":null,"isLock":null,"updated":null},{"symbol":"APD","date":1411920000000,"type":1,"subtype":5,"value":0.77,"recordDate":1412092800000,"divPayDate":null,"isLock":null,"updated":null},{"symbol":"APD","date":1403798400000,"type":1,"subtype":5,"value":0.77,"recordDate":null,"divPayDate":null,"isLock":null,"updated":null},{"symbol":"APD","date":1395936000000,"type":1,"subtype":5,"value":0.77,"recordDate":null,"divPayDate":null,"isLock":null,"updated":null},{"symbol":"APD","date":1388332800000,"type":1,"subtype":5,"value":0.71,"recordDate":null,"divPayDate":null,"isLock":null,"updated":null},{"symbol":"APD","date":1380211200000,"type":1,"subtype":5,"value":0.71,"recordDate":null,"divPayDate":null,"isLock":null,"updated":null},{"symbol":"APD","date":1372262400000,"type":1,"subtype":5,"value":0.71,"recordDate":null,"divPayDate":null,"isLock":null,"updated":null},{"symbol":"APD","date":1364313600000,"type":1,"subtype":5,"value":0.71,"recordDate":null,"divPayDate":null,"isLock":null,"updated":null},{"symbol":"APD","date":1356624000000,"type":1,"subtype":5,"value":0.64,"recordDate":null,"divPayDate":null,"isLock":null,"updated":null},{"symbol":"APD","date":1348675200000,"type":1,"subtype":5,"value":0.64,"recordDate":null,"divPayDate":null,"isLock":null,"updated":null},{"symbol":"APD","date":1340812800000,"type":1,"subtype":5,"value":0.64,"recordDate":null,"divPayDate":null,"isLock":null,"updated":null},{"symbol":"APD","date":897926400000,"type":2,"subtype":8,"value":2.0,"recordDate":1435680000000,"divPayDate":null,"isLock":null,"updated":null},{"symbol":"APD","date":700156800000,"type":2,"subtype":8,"value":2.0,"recordDate":null,"divPayDate":null,"isLock":null,"updated":null},{"symbol":"APD","date":518367600000,"type":2,"subtype":8,"value":2.0,"recordDate":null,"divPayDate":null,"isLock":null,"updated":null}]}