{"list":[{"symbol":"AQN","date":1561564800000,"type":1,"subtype":5,"value":0.141,"recordDate":1561651200000,"divPayDate":null,"isLock":null,"updated":null},{"symbol":"AQN","date":1553702400000,"type":1,"subtype":5,"value":0.1282,"recordDate":null,"divPayDate":null,"isLock":null,"updated":null},{"symbol":"AQN","date":1545926400000,"type":1,"subtype":5,"value":0.1282,"recordDate":null,"divPayDate":null,"isLock":null,"updated":null},{"symbol":"AQN","date":1537977600000,"type":1,"subtype":5,"value":0.1282,"recordDate":null,"divPayDate":null,"isLock":null,"updated":null},{"symbol":"AQN","date":1530115200000,"type":1,"subtype":5,"value":0.1282,"recordDate":null,"divPayDate":null,"isLock":null,"updated":null},{"symbol":"AQN","date":1522166400000,"type":1,"subtype":5,"value":0.1165,"recordDate":null,"divPayDate":null,"isLock":null,"updated":null},{"symbol":"AQN","date":1514390400000,"type":1,"subtype":5,"value":0.1165,"recordDate":1514476800000,"divPayDate":null,"isLock":null,"updated":null},{"symbol":"AQN","date":1506528000000,"type":1,"subtype":5,"value":0.1165,"recordDate":1506614400000,"divPayDate":null,"isLock":null,"updated":null},{"symbol":"AQN","date":1498579200000,"type":1,"subtype":5,"value":0.1165,"recordDate":1498752000000,"divPayDate":null,"isLock":null,"updated":null},{"symbol":"AQN","date":1490716800000,"type":1,"subtype":5,"value":0.1165,"recordDate":1490889600000,"divPayDate":null,"isLock":null,"updated":null},{"symbol":"AQN","date":1482854400000,"type":1,"subtype":5,"value":0.1059,"recordDate":1483113600000,"divPayDate":null,"isLock":null,"updated":null}]}