{"list":[{"symbol":"ARES","date":1560355200000,"type":1,"subtype":5,"value":0.32,"recordDate":1560441600000,"divPayDate":null,"isLock":null,"updated":null},{"symbol":"ARES","date":1552492800000,"type":1,"subtype":5,"value":0.32,"recordDate":1552579200000,"divPayDate":null,"isLock":null,"updated":null},{"symbol":"ARES","date":1544716800000,"type":1,"subtype":5,"value":0.28,"recordDate":1544976000000,"divPayDate":null,"isLock":null,"updated":null},{"symbol":"ARES","date":1536768000000,"type":1,"subtype":5,"value":0.28,"recordDate":1536854400000,"divPayDate":null,"isLock":null,"updated":null},{"symbol":"ARES","date":1528905600000,"type":1,"subtype":5,"value":0.28,"recordDate":1528992000000,"divPayDate":null,"isLock":null,"updated":null},{"symbol":"ARES","date":1523548800000,"type":1,"subtype":5,"value":0.0933,"recordDate":null,"divPayDate":null,"isLock":null,"updated":null},{"symbol":"ARES","date":1519315200000,"type":1,"subtype":5,"value":0.4,"recordDate":null,"divPayDate":null,"isLock":null,"updated":null},{"symbol":"ARES","date":1510761600000,"type":1,"subtype":5,"value":0.41,"recordDate":null,"divPayDate":null,"isLock":null,"updated":null},{"symbol":"ARES","date":1502812800000,"type":1,"subtype":5,"value":0.31,"recordDate":1502985600000,"divPayDate":null,"isLock":null,"updated":null},{"symbol":"ARES","date":1495641600000,"type":1,"subtype":5,"value":0.13,"recordDate":1496073600000,"divPayDate":null,"isLock":null,"updated":null},{"symbol":"ARES","date":1488902400000,"type":1,"subtype":5,"value":0.28,"recordDate":1489075200000,"divPayDate":null,"isLock":null,"updated":null},{"symbol":"ARES","date":1479312000000,"type":1,"subtype":5,"value":0.2,"recordDate":1479657600000,"divPayDate":null,"isLock":null,"updated":null},{"symbol":"ARES","date":1471536000000,"type":1,"subtype":5,"value":0.28,"recordDate":1471881600000,"divPayDate":null,"isLock":null,"updated":null},{"symbol":"ARES","date":1463673600000,"type":1,"subtype":5,"value":0.15,"recordDate":1464019200000,"divPayDate":null,"isLock":null,"updated":null},{"symbol":"ARES","date":1457539200000,"type":1,"subtype":5,"value":0.2,"recordDate":1457884800000,"divPayDate":null,"isLock":null,"updated":null},{"symbol":"ARES","date":1447948800000,"type":1,"subtype":5,"value":0.13,"recordDate":1448294400000,"divPayDate":null,"isLock":null,"updated":null},{"symbol":"ARES","date":1440086400000,"type":1,"subtype":5,"value":0.26,"recordDate":1440432000000,"divPayDate":null,"isLock":null,"updated":null},{"symbol":"ARES","date":1432051200000,"type":1,"subtype":5,"value":0.25,"recordDate":1432224000000,"divPayDate":null,"isLock":null,"updated":null},{"symbol":"ARES","date":1426089600000,"type":1,"subtype":5,"value":0.24,"recordDate":1426435200000,"divPayDate":null,"isLock":null,"updated":null},{"symbol":"ARES","date":1416412800000,"type":1,"subtype":5,"value":0.24,"recordDate":1416758400000,"divPayDate":null,"isLock":null,"updated":null},{"symbol":"ARES","date":1408550400000,"type":1,"subtype":5,"value":0.18,"recordDate":1408896000000,"divPayDate":null,"isLock":null,"updated":null}]}