{"list":[{"symbol":"ATI","date":1471276800000,"type":1,"subtype":5,"value":0.08,"recordDate":1471449600000,"divPayDate":null,"isLock":null,"updated":null},{"symbol":"ATI","date":1464105600000,"type":1,"subtype":5,"value":0.08,"recordDate":1464278400000,"divPayDate":null,"isLock":null,"updated":null},{"symbol":"ATI","date":1457452800000,"type":1,"subtype":5,"value":0.08,"recordDate":1457625600000,"divPayDate":null,"isLock":null,"updated":null},{"symbol":"ATI","date":1450281600000,"type":1,"subtype":5,"value":0.08,"recordDate":1450627200000,"divPayDate":null,"isLock":null,"updated":null},{"symbol":"ATI","date":1439740800000,"type":1,"subtype":5,"value":0.18,"recordDate":1439913600000,"divPayDate":null,"isLock":null,"updated":null},{"symbol":"ATI","date":1432224000000,"type":1,"subtype":5,"value":0.18,"recordDate":1432656000000,"divPayDate":null,"isLock":null,"updated":null},{"symbol":"ATI","date":1425830400000,"type":1,"subtype":5,"value":0.18,"recordDate":1426003200000,"divPayDate":null,"isLock":null,"updated":null},{"symbol":"ATI","date":1418313600000,"type":1,"subtype":5,"value":0.18,"recordDate":1418659200000,"divPayDate":null,"isLock":null,"updated":null},{"symbol":"ATI","date":1408291200000,"type":1,"subtype":5,"value":0.18,"recordDate":1408464000000,"divPayDate":null,"isLock":null,"updated":null},{"symbol":"ATI","date":1401724800000,"type":1,"subtype":5,"value":0.18,"recordDate":null,"divPayDate":null,"isLock":null,"updated":null},{"symbol":"ATI","date":1394380800000,"type":1,"subtype":5,"value":0.18,"recordDate":null,"divPayDate":null,"isLock":null,"updated":null},{"symbol":"ATI","date":1387296000000,"type":1,"subtype":5,"value":0.18,"recordDate":null,"divPayDate":null,"isLock":null,"updated":null},{"symbol":"ATI","date":1376841600000,"type":1,"subtype":5,"value":0.18,"recordDate":null,"divPayDate":null,"isLock":null,"updated":null},{"symbol":"ATI","date":1368979200000,"type":1,"subtype":5,"value":0.18,"recordDate":null,"divPayDate":null,"isLock":null,"updated":null},{"symbol":"ATI","date":1362931200000,"type":1,"subtype":5,"value":0.18,"recordDate":null,"divPayDate":null,"isLock":null,"updated":null},{"symbol":"ATI","date":1355328000000,"type":1,"subtype":5,"value":0.18,"recordDate":null,"divPayDate":null,"isLock":null,"updated":null},{"symbol":"ATI","date":1347811200000,"type":1,"subtype":5,"value":0.18,"recordDate":null,"divPayDate":null,"isLock":null,"updated":null},{"symbol":"ATI","date":1337875200000,"type":1,"subtype":5,"value":0.18,"recordDate":null,"divPayDate":null,"isLock":null,"updated":null},{"symbol":"ATI","date":943891200000,"type":2,"subtype":7,"value":0.5,"recordDate":1439913600000,"divPayDate":null,"isLock":null,"updated":null},{"symbol":"ATI","date":741542400000,"type":2,"subtype":8,"value":2.0,"recordDate":null,"divPayDate":null,"isLock":null,"updated":null},{"symbol":"ATI","date":646930800000,"type":2,"subtype":8,"value":1.5,"recordDate":null,"divPayDate":null,"isLock":null,"updated":null}]}