{"list":[{"symbol":"AVAL","date":1567008000000,"type":1,"subtype":5,"value":0.02943,"recordDate":null,"divPayDate":null,"isLock":null,"updated":null},{"symbol":"AVAL","date":1561651200000,"type":1,"subtype":5,"value":0.029,"recordDate":1561910400000,"divPayDate":null,"isLock":null,"updated":null},{"symbol":"AVAL","date":1559232000000,"type":1,"subtype":5,"value":0.029,"recordDate":1559491200000,"divPayDate":null,"isLock":null,"updated":null},{"symbol":"AVAL","date":1556553600000,"type":1,"subtype":5,"value":0.029,"recordDate":1556640000000,"divPayDate":null,"isLock":null,"updated":null},{"symbol":"AVAL","date":1554134400000,"type":1,"subtype":5,"value":0.02986,"recordDate":null,"divPayDate":null,"isLock":null,"updated":null},{"symbol":"AVAL","date":1551196800000,"type":1,"subtype":5,"value":0.02392,"recordDate":null,"divPayDate":null,"isLock":null,"updated":null},{"symbol":"AVAL","date":1548777600000,"type":1,"subtype":5,"value":0.026,"recordDate":1548864000000,"divPayDate":null,"isLock":null,"updated":null},{"symbol":"AVAL","date":1545926400000,"type":1,"subtype":5,"value":0.026,"recordDate":1546185600000,"divPayDate":null,"isLock":null,"updated":null},{"symbol":"AVAL","date":1543420800000,"type":1,"subtype":5,"value":0.026,"recordDate":1543507200000,"divPayDate":null,"isLock":null,"updated":null},{"symbol":"AVAL","date":1540828800000,"type":1,"subtype":5,"value":0.026,"recordDate":1540915200000,"divPayDate":null,"isLock":null,"updated":null},{"symbol":"AVAL","date":1537977600000,"type":1,"subtype":5,"value":0.026,"recordDate":1538064000000,"divPayDate":null,"isLock":null,"updated":null},{"symbol":"AVAL","date":1535558400000,"type":1,"subtype":5,"value":0.02594,"recordDate":null,"divPayDate":null,"isLock":null,"updated":null},{"symbol":"AVAL","date":1532880000000,"type":1,"subtype":5,"value":0.029,"recordDate":1532966400000,"divPayDate":null,"isLock":null,"updated":null},{"symbol":"AVAL","date":1530201600000,"type":1,"subtype":5,"value":0.02878,"recordDate":null,"divPayDate":null,"isLock":null,"updated":null},{"symbol":"AVAL","date":1527609600000,"type":1,"subtype":5,"value":0.029,"recordDate":1527696000000,"divPayDate":null,"isLock":null,"updated":null},{"symbol":"AVAL","date":1525017600000,"type":1,"subtype":5,"value":0.02792,"recordDate":null,"divPayDate":null,"isLock":null,"updated":null},{"symbol":"AVAL","date":1522944000000,"type":1,"subtype":5,"value":0.02881,"recordDate":null,"divPayDate":null,"isLock":null,"updated":null},{"symbol":"AVAL","date":1519660800000,"type":1,"subtype":5,"value":0.034,"recordDate":1519747200000,"divPayDate":null,"isLock":null,"updated":null},{"symbol":"AVAL","date":1517241600000,"type":1,"subtype":5,"value":0.03338,"recordDate":1517328000000,"divPayDate":null,"isLock":null,"updated":null},{"symbol":"AVAL","date":1514390400000,"type":1,"subtype":5,"value":0.03338,"recordDate":1514476800000,"divPayDate":null,"isLock":null,"updated":null},{"symbol":"AVAL","date":1511884800000,"type":1,"subtype":5,"value":0.03338,"recordDate":1511971200000,"divPayDate":null,"isLock":null,"updated":null},{"symbol":"AVAL","date":1509292800000,"type":1,"subtype":5,"value":0.03338,"recordDate":1509379200000,"divPayDate":null,"isLock":null,"updated":null},{"symbol":"AVAL","date":1506528000000,"type":1,"subtype":5,"value":0.03319,"recordDate":1506614400000,"divPayDate":null,"isLock":null,"updated":null},{"symbol":"AVAL","date":1503936000000,"type":1,"subtype":5,"value":0.03354,"recordDate":1504108800000,"divPayDate":null,"isLock":null,"updated":null},{"symbol":"AVAL","date":1501084800000,"type":1,"subtype":5,"value":0.03387,"recordDate":1501430400000,"divPayDate":null,"isLock":null,"updated":null},{"symbol":"AVAL","date":1498665600000,"type":1,"subtype":5,"value":0.03387,"recordDate":1499011200000,"divPayDate":null,"isLock":null,"updated":null},{"symbol":"AVAL","date":1495728000000,"type":1,"subtype":5,"value":0.03387,"recordDate":1496160000000,"divPayDate":null,"isLock":null,"updated":null},{"symbol":"AVAL","date":1493222400000,"type":1,"subtype":5,"value":0.03387,"recordDate":1493568000000,"divPayDate":null,"isLock":null,"updated":null},{"symbol":"AVAL","date":1491408000000,"type":1,"subtype":5,"value":0.03387,"recordDate":1491753600000,"divPayDate":null,"isLock":null,"updated":null},{"symbol":"AVAL","date":1487865600000,"type":1,"subtype":5,"value":0.03313,"recordDate":1488211200000,"divPayDate":null,"isLock":null,"updated":null},{"symbol":"AVAL","date":1485446400000,"type":1,"subtype":5,"value":0.03341,"recordDate":1485792000000,"divPayDate":null,"isLock":null,"updated":null},{"symbol":"AVAL","date":1482854400000,"type":1,"subtype":5,"value":0.03341,"recordDate":1483027200000,"divPayDate":null,"isLock":null,"updated":null},{"symbol":"AVAL","date":1480262400000,"type":1,"subtype":5,"value":0.03341,"recordDate":1480435200000,"divPayDate":null,"isLock":null,"updated":null},{"symbol":"AVAL","date":1477497600000,"type":1,"subtype":5,"value":0.03341,"recordDate":1477843200000,"divPayDate":null,"isLock":null,"updated":null},{"symbol":"AVAL","date":1476115200000,"type":1,"subtype":5,"value":0.03347,"recordDate":1476288000000,"divPayDate":null,"isLock":null,"updated":null},{"symbol":"AVAL","date":1472400000000,"type":1,"subtype":5,"value":0.03307,"recordDate":1472572800000,"divPayDate":null,"isLock":null,"updated":null},{"symbol":"AVAL","date":1469548800000,"type":1,"subtype":5,"value":0.03231,"recordDate":1469721600000,"divPayDate":null,"isLock":null,"updated":null},{"symbol":"AVAL","date":1467043200000,"type":1,"subtype":5,"value":0.03231,"recordDate":1467216000000,"divPayDate":null,"isLock":null,"updated":null},{"symbol":"AVAL","date":1464192000000,"type":1,"subtype":5,"value":0.03231,"recordDate":1464624000000,"divPayDate":null,"isLock":null,"updated":null},{"symbol":"AVAL","date":1461686400000,"type":1,"subtype":5,"value":0.03231,"recordDate":1461859200000,"divPayDate":null,"isLock":null,"updated":null},{"symbol":"AVAL","date":1459440000000,"type":1,"subtype":5,"value":0.03113,"recordDate":1459785600000,"divPayDate":null,"isLock":null,"updated":null},{"symbol":"AVAL","date":1456329600000,"type":1,"subtype":5,"value":0.03065,"recordDate":1456675200000,"divPayDate":null,"isLock":null,"updated":null},{"symbol":"AVAL","date":1453824000000,"type":1,"subtype":5,"value":0.03283,"recordDate":1453996800000,"divPayDate":null,"isLock":null,"updated":null},{"symbol":"AVAL","date":1451318400000,"type":1,"subtype":5,"value":0.03283,"recordDate":1451491200000,"divPayDate":null,"isLock":null,"updated":null},{"symbol":"AVAL","date":1448380800000,"type":1,"subtype":5,"value":0.03283,"recordDate":1448812800000,"divPayDate":null,"isLock":null,"updated":null},{"symbol":"AVAL","date":1446048000000,"type":1,"subtype":5,"value":0.03283,"recordDate":1446393600000,"divPayDate":null,"isLock":null,"updated":null},{"symbol":"AVAL","date":1444147200000,"type":1,"subtype":5,"value":0.03244,"recordDate":1444320000000,"divPayDate":null,"isLock":null,"updated":null},{"symbol":"AVAL","date":1440604800000,"type":1,"subtype":5,"value":0.03068,"recordDate":1440950400000,"divPayDate":null,"isLock":null,"updated":null},{"symbol":"AVAL","date":1438099200000,"type":1,"subtype":5,"value":0.03796,"recordDate":1438272000000,"divPayDate":null,"isLock":null,"updated":null},{"symbol":"AVAL","date":1435248000000,"type":1,"subtype":5,"value":0.03796,"recordDate":1435593600000,"divPayDate":null,"isLock":null,"updated":null},{"symbol":"AVAL","date":1432656000000,"type":1,"subtype":5,"value":0.03796,"recordDate":1432828800000,"divPayDate":null,"isLock":null,"updated":null},{"symbol":"AVAL","date":1430150400000,"type":1,"subtype":5,"value":0.03796,"recordDate":1430323200000,"divPayDate":null,"isLock":null,"updated":null},{"symbol":"AVAL","date":1427731200000,"type":1,"subtype":5,"value":0.03864,"recordDate":1427904000000,"divPayDate":null,"isLock":null,"updated":null},{"symbol":"AVAL","date":1424793600000,"type":1,"subtype":5,"value":0.03762,"recordDate":1424966400000,"divPayDate":null,"isLock":null,"updated":null},{"symbol":"AVAL","date":1422374400000,"type":1,"subtype":5,"value":0.04033,"recordDate":1422547200000,"divPayDate":null,"isLock":null,"updated":null},{"symbol":"AVAL","date":1419782400000,"type":1,"subtype":5,"value":0.04193,"recordDate":1419955200000,"divPayDate":null,"isLock":null,"updated":null},{"symbol":"AVAL","date":1416844800000,"type":1,"subtype":5,"value":0.0418,"recordDate":1417104000000,"divPayDate":null,"isLock":null,"updated":null},{"symbol":"AVAL","date":1414598400000,"type":1,"subtype":5,"value":0.04786,"recordDate":1414944000000,"divPayDate":null,"isLock":null,"updated":null},{"symbol":"AVAL","date":1412092800000,"type":1,"subtype":5,"value":0.03777,"recordDate":1412265600000,"divPayDate":null,"isLock":null,"updated":null}]}