{"list":[{"symbol":"AVP","date":1447257600000,"type":1,"subtype":5,"value":0.06,"recordDate":1447603200000,"divPayDate":null,"isLock":null,"updated":null},{"symbol":"AVP","date":1439222400000,"type":1,"subtype":5,"value":0.06,"recordDate":1439395200000,"divPayDate":null,"isLock":null,"updated":null},{"symbol":"AVP","date":1431360000000,"type":1,"subtype":5,"value":0.06,"recordDate":1431532800000,"divPayDate":null,"isLock":null,"updated":null},{"symbol":"AVP","date":1424275200000,"type":1,"subtype":5,"value":0.06,"recordDate":1424620800000,"divPayDate":null,"isLock":null,"updated":null},{"symbol":"AVP","date":1415548800000,"type":1,"subtype":5,"value":0.06,"recordDate":1415808000000,"divPayDate":null,"isLock":null,"updated":null},{"symbol":"AVP","date":1407772800000,"type":1,"subtype":5,"value":0.06,"recordDate":1407945600000,"divPayDate":null,"isLock":null,"updated":null},{"symbol":"AVP","date":1399910400000,"type":1,"subtype":5,"value":0.06,"recordDate":null,"divPayDate":null,"isLock":null,"updated":null},{"symbol":"AVP","date":1393344000000,"type":1,"subtype":5,"value":0.06,"recordDate":null,"divPayDate":null,"isLock":null,"updated":null},{"symbol":"AVP","date":1384272000000,"type":1,"subtype":5,"value":0.06,"recordDate":null,"divPayDate":null,"isLock":null,"updated":null},{"symbol":"AVP","date":1376323200000,"type":1,"subtype":5,"value":0.06,"recordDate":null,"divPayDate":null,"isLock":null,"updated":null},{"symbol":"AVP","date":1368115200000,"type":1,"subtype":5,"value":0.06,"recordDate":null,"divPayDate":null,"isLock":null,"updated":null},{"symbol":"AVP","date":1361462400000,"type":1,"subtype":5,"value":0.06,"recordDate":null,"divPayDate":null,"isLock":null,"updated":null},{"symbol":"AVP","date":1352736000000,"type":1,"subtype":5,"value":0.06,"recordDate":null,"divPayDate":null,"isLock":null,"updated":null},{"symbol":"AVP","date":1344787200000,"type":1,"subtype":5,"value":0.23,"recordDate":null,"divPayDate":null,"isLock":null,"updated":null},{"symbol":"AVP","date":1086019200000,"type":2,"subtype":8,"value":2.0,"recordDate":1439395200000,"divPayDate":null,"isLock":null,"updated":null},{"symbol":"AVP","date":905702400000,"type":2,"subtype":8,"value":2.0,"recordDate":null,"divPayDate":null,"isLock":null,"updated":null},{"symbol":"AVP","date":833817600000,"type":2,"subtype":8,"value":2.0,"recordDate":null,"divPayDate":null,"isLock":null,"updated":null}]}