{"list":[{"symbol":"BBBY","date":1560355200000,"type":1,"subtype":5,"value":0.17,"recordDate":1560441600000,"divPayDate":null,"isLock":null,"updated":null},{"symbol":"BBBY","date":1552492800000,"type":1,"subtype":5,"value":0.16,"recordDate":1552579200000,"divPayDate":null,"isLock":null,"updated":null},{"symbol":"BBBY","date":1544630400000,"type":1,"subtype":5,"value":0.16,"recordDate":1544716800000,"divPayDate":null,"isLock":null,"updated":null},{"symbol":"BBBY","date":1536768000000,"type":1,"subtype":5,"value":0.16,"recordDate":1536854400000,"divPayDate":null,"isLock":null,"updated":null},{"symbol":"BBBY","date":1528905600000,"type":1,"subtype":5,"value":0.16,"recordDate":1528992000000,"divPayDate":null,"isLock":null,"updated":null},{"symbol":"BBBY","date":1521043200000,"type":1,"subtype":5,"value":0.15,"recordDate":1521129600000,"divPayDate":null,"isLock":null,"updated":null},{"symbol":"BBBY","date":1513180800000,"type":1,"subtype":5,"value":0.15,"recordDate":1513267200000,"divPayDate":null,"isLock":null,"updated":null},{"symbol":"BBBY","date":1505318400000,"type":1,"subtype":5,"value":0.15,"recordDate":1505404800000,"divPayDate":null,"isLock":null,"updated":null},{"symbol":"BBBY","date":1497369600000,"type":1,"subtype":5,"value":0.15,"recordDate":1497542400000,"divPayDate":null,"isLock":null,"updated":null},{"symbol":"BBBY","date":1489507200000,"type":1,"subtype":5,"value":0.125,"recordDate":1489680000000,"divPayDate":null,"isLock":null,"updated":null},{"symbol":"BBBY","date":1481644800000,"type":1,"subtype":5,"value":0.125,"recordDate":1481817600000,"divPayDate":null,"isLock":null,"updated":null},{"symbol":"BBBY","date":1473782400000,"type":1,"subtype":5,"value":0.125,"recordDate":1473955200000,"divPayDate":null,"isLock":null,"updated":null},{"symbol":"BBBY","date":1465920000000,"type":1,"subtype":5,"value":0.125,"recordDate":1466092800000,"divPayDate":null,"isLock":null,"updated":null},{"symbol":"BBBY","date":966182400000,"type":2,"subtype":8,"value":2.0,"recordDate":1441728000000,"divPayDate":null,"isLock":null,"updated":null},{"symbol":"BBBY","date":902073600000,"type":2,"subtype":8,"value":2.0,"recordDate":null,"divPayDate":null,"isLock":null,"updated":null},{"symbol":"BBBY","date":830880000000,"type":2,"subtype":8,"value":2.0,"recordDate":null,"divPayDate":null,"isLock":null,"updated":null}]}