{"list":[{"symbol":"BCC","date":1559232000000,"type":1,"subtype":5,"value":0.09,"recordDate":1559491200000,"divPayDate":null,"isLock":null,"updated":null},{"symbol":"BCC","date":1551283200000,"type":1,"subtype":5,"value":0.09,"recordDate":1551369600000,"divPayDate":null,"isLock":null,"updated":null},{"symbol":"BCC","date":1543507200000,"type":1,"subtype":5,"value":0.09,"recordDate":1543766400000,"divPayDate":null,"isLock":null,"updated":null},{"symbol":"BCC","date":1535558400000,"type":1,"subtype":5,"value":1.07,"recordDate":1535644800000,"divPayDate":null,"isLock":null,"updated":null},{"symbol":"BCC","date":1527696000000,"type":1,"subtype":5,"value":0.07,"recordDate":1527782400000,"divPayDate":null,"isLock":null,"updated":null},{"symbol":"BCC","date":1519747200000,"type":1,"subtype":5,"value":0.07,"recordDate":1519833600000,"divPayDate":null,"isLock":null,"updated":null},{"symbol":"BCC","date":1511452800000,"type":1,"subtype":5,"value":0.07,"recordDate":1511712000000,"divPayDate":null,"isLock":null,"updated":null}]}