{"list":[{"symbol":"BCO","date":1557936000000,"type":1,"subtype":5,"value":0.15,"recordDate":1558022400000,"divPayDate":null,"isLock":null,"updated":null},{"symbol":"BCO","date":1549468800000,"type":1,"subtype":5,"value":0.15,"recordDate":1549555200000,"divPayDate":null,"isLock":null,"updated":null},{"symbol":"BCO","date":1541606400000,"type":1,"subtype":5,"value":0.15,"recordDate":1541692800000,"divPayDate":null,"isLock":null,"updated":null},{"symbol":"BCO","date":1532534400000,"type":1,"subtype":5,"value":0.15,"recordDate":1532620800000,"divPayDate":null,"isLock":null,"updated":null},{"symbol":"BCO","date":1526486400000,"type":1,"subtype":5,"value":0.15,"recordDate":1526572800000,"divPayDate":null,"isLock":null,"updated":null},{"symbol":"BCO","date":1517932800000,"type":1,"subtype":5,"value":0.15,"recordDate":1518019200000,"divPayDate":null,"isLock":null,"updated":null},{"symbol":"BCO","date":1510243200000,"type":1,"subtype":5,"value":0.15,"recordDate":1510502400000,"divPayDate":null,"isLock":null,"updated":null},{"symbol":"BCO","date":1500912000000,"type":1,"subtype":5,"value":0.15,"recordDate":1501084800000,"divPayDate":null,"isLock":null,"updated":null},{"symbol":"BCO","date":1494864000000,"type":1,"subtype":5,"value":0.15,"recordDate":1495036800000,"divPayDate":null,"isLock":null,"updated":null},{"symbol":"BCO","date":1486396800000,"type":1,"subtype":5,"value":0.1,"recordDate":1486569600000,"divPayDate":null,"isLock":null,"updated":null},{"symbol":"BCO","date":1478620800000,"type":1,"subtype":5,"value":0.1,"recordDate":1479052800000,"divPayDate":null,"isLock":null,"updated":null},{"symbol":"BCO","date":1469116800000,"type":1,"subtype":5,"value":0.1,"recordDate":1469462400000,"divPayDate":null,"isLock":null,"updated":null},{"symbol":"BCO","date":1463328000000,"type":1,"subtype":5,"value":0.1,"recordDate":1463500800000,"divPayDate":null,"isLock":null,"updated":null},{"symbol":"BCO","date":1454515200000,"type":1,"subtype":5,"value":0.1,"recordDate":1454860800000,"divPayDate":null,"isLock":null,"updated":null},{"symbol":"BCO","date":1447084800000,"type":1,"subtype":5,"value":0.1,"recordDate":1447344000000,"divPayDate":null,"isLock":null,"updated":null},{"symbol":"BCO","date":1437494400000,"type":1,"subtype":5,"value":0.1,"recordDate":1437667200000,"divPayDate":null,"isLock":null,"updated":null},{"symbol":"BCO","date":1431532800000,"type":1,"subtype":5,"value":0.1,"recordDate":1431878400000,"divPayDate":null,"isLock":null,"updated":null},{"symbol":"BCO","date":1422979200000,"type":1,"subtype":5,"value":0.1,"recordDate":1423152000000,"divPayDate":null,"isLock":null,"updated":null},{"symbol":"BCO","date":1415721600000,"type":1,"subtype":5,"value":0.1,"recordDate":1415894400000,"divPayDate":null,"isLock":null,"updated":null},{"symbol":"BCO","date":1406044800000,"type":1,"subtype":5,"value":0.1,"recordDate":1406217600000,"divPayDate":null,"isLock":null,"updated":null},{"symbol":"BCO","date":1399824000000,"type":1,"subtype":5,"value":0.1,"recordDate":null,"divPayDate":null,"isLock":null,"updated":null},{"symbol":"BCO","date":1391011200000,"type":1,"subtype":5,"value":0.1,"recordDate":null,"divPayDate":null,"isLock":null,"updated":null},{"symbol":"BCO","date":1384272000000,"type":1,"subtype":5,"value":0.1,"recordDate":null,"divPayDate":null,"isLock":null,"updated":null},{"symbol":"BCO","date":1374422400000,"type":1,"subtype":5,"value":0.1,"recordDate":null,"divPayDate":null,"isLock":null,"updated":null},{"symbol":"BCO","date":1368547200000,"type":1,"subtype":5,"value":0.1,"recordDate":null,"divPayDate":null,"isLock":null,"updated":null},{"symbol":"BCO","date":1359475200000,"type":1,"subtype":5,"value":0.1,"recordDate":null,"divPayDate":null,"isLock":null,"updated":null},{"symbol":"BCO","date":1352390400000,"type":1,"subtype":5,"value":0.1,"recordDate":null,"divPayDate":null,"isLock":null,"updated":null},{"symbol":"BCO","date":1342713600000,"type":1,"subtype":5,"value":0.1,"recordDate":null,"divPayDate":null,"isLock":null,"updated":null},{"symbol":"BCO","date":221414400000,"type":2,"subtype":8,"value":1.02,"recordDate":1437667200000,"divPayDate":null,"isLock":null,"updated":null},{"symbol":"BCO","date":189878400000,"type":2,"subtype":8,"value":1.02,"recordDate":null,"divPayDate":null,"isLock":null,"updated":null},{"symbol":"BCO","date":183830400000,"type":2,"subtype":8,"value":2.0,"recordDate":null,"divPayDate":null,"isLock":null,"updated":null}]}