{"list":[{"symbol":"BCOM","date":1465747200000,"type":1,"subtype":5,"value":3.07,"recordDate":1465920000000,"divPayDate":null,"isLock":null,"updated":null},{"symbol":"BCOM","date":1449504000000,"type":1,"subtype":5,"value":0.32,"recordDate":1449676800000,"divPayDate":null,"isLock":null,"updated":null},{"symbol":"BCOM","date":1442160000000,"type":1,"subtype":5,"value":0.19,"recordDate":1442332800000,"divPayDate":null,"isLock":null,"updated":null},{"symbol":"BCOM","date":1432828800000,"type":1,"subtype":5,"value":0.58,"recordDate":1433174400000,"divPayDate":null,"isLock":null,"updated":null},{"symbol":"BCOM","date":1384358400000,"type":1,"subtype":5,"value":0.97,"recordDate":null,"divPayDate":null,"isLock":null,"updated":null}]}