{"list":[{"symbol":"BKT","date":1560355200000,"type":1,"subtype":5,"value":0.0344,"recordDate":null,"divPayDate":null,"isLock":null,"updated":null},{"symbol":"BKT","date":1557763200000,"type":1,"subtype":5,"value":0.0344,"recordDate":null,"divPayDate":null,"isLock":null,"updated":null},{"symbol":"BKT","date":1554998400000,"type":1,"subtype":5,"value":0.0344,"recordDate":null,"divPayDate":null,"isLock":null,"updated":null},{"symbol":"BKT","date":1552492800000,"type":1,"subtype":5,"value":0.0344,"recordDate":null,"divPayDate":null,"isLock":null,"updated":null},{"symbol":"BKT","date":1550073600000,"type":1,"subtype":5,"value":0.0344,"recordDate":null,"divPayDate":null,"isLock":null,"updated":null},{"symbol":"BKT","date":1545926400000,"type":1,"subtype":5,"value":0.0344,"recordDate":null,"divPayDate":null,"isLock":null,"updated":null},{"symbol":"BKT","date":1544544000000,"type":1,"subtype":5,"value":0.0344,"recordDate":null,"divPayDate":null,"isLock":null,"updated":null},{"symbol":"BKT","date":1542124800000,"type":1,"subtype":5,"value":0.0344,"recordDate":null,"divPayDate":null,"isLock":null,"updated":null},{"symbol":"BKT","date":1539273600000,"type":1,"subtype":5,"value":0.0344,"recordDate":null,"divPayDate":null,"isLock":null,"updated":null},{"symbol":"BKT","date":1536768000000,"type":1,"subtype":5,"value":0.0344,"recordDate":null,"divPayDate":null,"isLock":null,"updated":null},{"symbol":"BKT","date":1534176000000,"type":1,"subtype":5,"value":0.0344,"recordDate":null,"divPayDate":null,"isLock":null,"updated":null},{"symbol":"BKT","date":1531411200000,"type":1,"subtype":5,"value":0.0265,"recordDate":null,"divPayDate":null,"isLock":null,"updated":null},{"symbol":"BKT","date":1528905600000,"type":1,"subtype":5,"value":0.0265,"recordDate":null,"divPayDate":null,"isLock":null,"updated":null},{"symbol":"BKT","date":1526227200000,"type":1,"subtype":5,"value":0.0265,"recordDate":null,"divPayDate":null,"isLock":null,"updated":null},{"symbol":"BKT","date":1523548800000,"type":1,"subtype":5,"value":0.0265,"recordDate":null,"divPayDate":null,"isLock":null,"updated":null},{"symbol":"BKT","date":1520956800000,"type":1,"subtype":5,"value":0.0265,"recordDate":1521043200000,"divPayDate":null,"isLock":null,"updated":null},{"symbol":"BKT","date":1518537600000,"type":1,"subtype":5,"value":0.0265,"recordDate":1518624000000,"divPayDate":null,"isLock":null,"updated":null},{"symbol":"BKT","date":1514390400000,"type":1,"subtype":5,"value":0.0265,"recordDate":1514476800000,"divPayDate":null,"isLock":null,"updated":null},{"symbol":"BKT","date":1512921600000,"type":1,"subtype":5,"value":0.0265,"recordDate":1513008000000,"divPayDate":null,"isLock":null,"updated":null},{"symbol":"BKT","date":1510588800000,"type":1,"subtype":5,"value":0.0265,"recordDate":1510675200000,"divPayDate":null,"isLock":null,"updated":null},{"symbol":"BKT","date":1507824000000,"type":1,"subtype":5,"value":0.0265,"recordDate":1508083200000,"divPayDate":null,"isLock":null,"updated":null},{"symbol":"BKT","date":1505318400000,"type":1,"subtype":5,"value":0.0265,"recordDate":1505404800000,"divPayDate":null,"isLock":null,"updated":null},{"symbol":"BKT","date":1502380800000,"type":1,"subtype":5,"value":0.0265,"recordDate":1502726400000,"divPayDate":null,"isLock":null,"updated":null},{"symbol":"BKT","date":1499788800000,"type":1,"subtype":5,"value":0.0265,"recordDate":1499961600000,"divPayDate":null,"isLock":null,"updated":null},{"symbol":"BKT","date":1497283200000,"type":1,"subtype":5,"value":0.0265,"recordDate":1497456000000,"divPayDate":null,"isLock":null,"updated":null},{"symbol":"BKT","date":1494432000000,"type":1,"subtype":5,"value":0.0265,"recordDate":1494777600000,"divPayDate":null,"isLock":null,"updated":null},{"symbol":"BKT","date":1491840000000,"type":1,"subtype":5,"value":0.0265,"recordDate":1492012800000,"divPayDate":null,"isLock":null,"updated":null},{"symbol":"BKT","date":1489334400000,"type":1,"subtype":5,"value":0.0265,"recordDate":1489507200000,"divPayDate":null,"isLock":null,"updated":null},{"symbol":"BKT","date":1486915200000,"type":1,"subtype":5,"value":0.0265,"recordDate":1487088000000,"divPayDate":null,"isLock":null,"updated":null},{"symbol":"BKT","date":1482854400000,"type":1,"subtype":5,"value":0.0265,"recordDate":1483027200000,"divPayDate":null,"isLock":null,"updated":null},{"symbol":"BKT","date":1481126400000,"type":1,"subtype":5,"value":0.0265,"recordDate":1481472000000,"divPayDate":null,"isLock":null,"updated":null},{"symbol":"BKT","date":1478707200000,"type":1,"subtype":5,"value":0.0265,"recordDate":1479139200000,"divPayDate":null,"isLock":null,"updated":null},{"symbol":"BKT","date":1476201600000,"type":1,"subtype":5,"value":0.0265,"recordDate":1476374400000,"divPayDate":null,"isLock":null,"updated":null},{"symbol":"BKT","date":1473696000000,"type":1,"subtype":5,"value":0.0265,"recordDate":1473868800000,"divPayDate":null,"isLock":null,"updated":null},{"symbol":"BKT","date":1470844800000,"type":1,"subtype":5,"value":0.0265,"recordDate":1471190400000,"divPayDate":null,"isLock":null,"updated":null},{"symbol":"BKT","date":1468339200000,"type":1,"subtype":5,"value":0.0265,"recordDate":1468512000000,"divPayDate":null,"isLock":null,"updated":null},{"symbol":"BKT","date":1465747200000,"type":1,"subtype":5,"value":0.0265,"recordDate":1465920000000,"divPayDate":null,"isLock":null,"updated":null},{"symbol":"BKT","date":1462982400000,"type":1,"subtype":5,"value":0.0265,"recordDate":1463328000000,"divPayDate":null,"isLock":null,"updated":null},{"symbol":"BKT","date":1460476800000,"type":1,"subtype":5,"value":0.0265,"recordDate":1460649600000,"divPayDate":null,"isLock":null,"updated":null},{"symbol":"BKT","date":1457625600000,"type":1,"subtype":5,"value":0.0265,"recordDate":1457971200000,"divPayDate":null,"isLock":null,"updated":null},{"symbol":"BKT","date":1455120000000,"type":1,"subtype":5,"value":0.031,"recordDate":1455552000000,"divPayDate":null,"isLock":null,"updated":null},{"symbol":"BKT","date":1451318400000,"type":1,"subtype":5,"value":0.031,"recordDate":1451491200000,"divPayDate":null,"isLock":null,"updated":null},{"symbol":"BKT","date":1449676800000,"type":1,"subtype":5,"value":0.031,"recordDate":1450022400000,"divPayDate":null,"isLock":null,"updated":null},{"symbol":"BKT","date":1447257600000,"type":1,"subtype":5,"value":0.031,"recordDate":1447603200000,"divPayDate":null,"isLock":null,"updated":null},{"symbol":"BKT","date":1444665600000,"type":1,"subtype":5,"value":0.031,"recordDate":1444838400000,"divPayDate":null,"isLock":null,"updated":null},{"symbol":"BKT","date":1441900800000,"type":1,"subtype":5,"value":0.031,"recordDate":1442246400000,"divPayDate":null,"isLock":null,"updated":null},{"symbol":"BKT","date":1439308800000,"type":1,"subtype":5,"value":0.031,"recordDate":1439481600000,"divPayDate":null,"isLock":null,"updated":null},{"symbol":"BKT","date":1436716800000,"type":1,"subtype":5,"value":0.031,"recordDate":1436889600000,"divPayDate":null,"isLock":null,"updated":null},{"symbol":"BKT","date":1433952000000,"type":1,"subtype":5,"value":0.031,"recordDate":1434297600000,"divPayDate":null,"isLock":null,"updated":null},{"symbol":"BKT","date":1431446400000,"type":1,"subtype":5,"value":0.031,"recordDate":1431619200000,"divPayDate":null,"isLock":null,"updated":null},{"symbol":"BKT","date":1428854400000,"type":1,"subtype":5,"value":0.031,"recordDate":1429027200000,"divPayDate":null,"isLock":null,"updated":null},{"symbol":"BKT","date":1426003200000,"type":1,"subtype":5,"value":0.031,"recordDate":1426176000000,"divPayDate":null,"isLock":null,"updated":null},{"symbol":"BKT","date":1423584000000,"type":1,"subtype":5,"value":0.035,"recordDate":1423756800000,"divPayDate":null,"isLock":null,"updated":null},{"symbol":"BKT","date":1419782400000,"type":1,"subtype":5,"value":0.035,"recordDate":1419955200000,"divPayDate":null,"isLock":null,"updated":null},{"symbol":"BKT","date":1418140800000,"type":1,"subtype":5,"value":0.035,"recordDate":1418313600000,"divPayDate":null,"isLock":null,"updated":null},{"symbol":"BKT","date":1415721600000,"type":1,"subtype":5,"value":0.035,"recordDate":1415894400000,"divPayDate":null,"isLock":null,"updated":null},{"symbol":"BKT","date":1412870400000,"type":1,"subtype":5,"value":0.035,"recordDate":1413302400000,"divPayDate":null,"isLock":null,"updated":null},{"symbol":"BKT","date":1410364800000,"type":1,"subtype":5,"value":0.035,"recordDate":1410710400000,"divPayDate":null,"isLock":null,"updated":null},{"symbol":"BKT","date":1407859200000,"type":1,"subtype":5,"value":0.035,"recordDate":1408032000000,"divPayDate":null,"isLock":null,"updated":null},{"symbol":"BKT","date":1405008000000,"type":1,"subtype":5,"value":0.035,"recordDate":1405353600000,"divPayDate":null,"isLock":null,"updated":null},{"symbol":"BKT","date":1402502400000,"type":1,"subtype":5,"value":0.035,"recordDate":null,"divPayDate":null,"isLock":null,"updated":null},{"symbol":"BKT","date":1399910400000,"type":1,"subtype":5,"value":0.035,"recordDate":null,"divPayDate":null,"isLock":null,"updated":null},{"symbol":"BKT","date":1397145600000,"type":1,"subtype":5,"value":0.035,"recordDate":null,"divPayDate":null,"isLock":null,"updated":null},{"symbol":"BKT","date":1394553600000,"type":1,"subtype":5,"value":0.035,"recordDate":null,"divPayDate":null,"isLock":null,"updated":null},{"symbol":"BKT","date":1392134400000,"type":1,"subtype":5,"value":0.037,"recordDate":null,"divPayDate":null,"isLock":null,"updated":null},{"symbol":"BKT","date":1388073600000,"type":1,"subtype":5,"value":0.037,"recordDate":null,"divPayDate":null,"isLock":null,"updated":null},{"symbol":"BKT","date":1386691200000,"type":1,"subtype":5,"value":0.037,"recordDate":null,"divPayDate":null,"isLock":null,"updated":null},{"symbol":"BKT","date":1384272000000,"type":1,"subtype":5,"value":0.037,"recordDate":null,"divPayDate":null,"isLock":null,"updated":null},{"symbol":"BKT","date":1381420800000,"type":1,"subtype":5,"value":0.037,"recordDate":null,"divPayDate":null,"isLock":null,"updated":null},{"symbol":"BKT","date":1378915200000,"type":1,"subtype":5,"value":0.037,"recordDate":null,"divPayDate":null,"isLock":null,"updated":null},{"symbol":"BKT","date":1376323200000,"type":1,"subtype":5,"value":0.037,"recordDate":null,"divPayDate":null,"isLock":null,"updated":null},{"symbol":"BKT","date":1373472000000,"type":1,"subtype":5,"value":0.037,"recordDate":null,"divPayDate":null,"isLock":null,"updated":null},{"symbol":"BKT","date":1370966400000,"type":1,"subtype":5,"value":0.0405,"recordDate":null,"divPayDate":null,"isLock":null,"updated":null},{"symbol":"BKT","date":1368374400000,"type":1,"subtype":5,"value":0.0405,"recordDate":null,"divPayDate":null,"isLock":null,"updated":null},{"symbol":"BKT","date":1365609600000,"type":1,"subtype":5,"value":0.0405,"recordDate":null,"divPayDate":null,"isLock":null,"updated":null},{"symbol":"BKT","date":1363104000000,"type":1,"subtype":5,"value":0.0405,"recordDate":null,"divPayDate":null,"isLock":null,"updated":null},{"symbol":"BKT","date":1360684800000,"type":1,"subtype":5,"value":0.0405,"recordDate":null,"divPayDate":null,"isLock":null,"updated":null},{"symbol":"BKT","date":1356537600000,"type":1,"subtype":5,"value":0.0405,"recordDate":null,"divPayDate":null,"isLock":null,"updated":null},{"symbol":"BKT","date":1355241600000,"type":1,"subtype":5,"value":0.0405,"recordDate":null,"divPayDate":null,"isLock":null,"updated":null},{"symbol":"BKT","date":1352736000000,"type":1,"subtype":5,"value":0.0405,"recordDate":null,"divPayDate":null,"isLock":null,"updated":null},{"symbol":"BKT","date":1349884800000,"type":1,"subtype":5,"value":0.0405,"recordDate":null,"divPayDate":null,"isLock":null,"updated":null},{"symbol":"BKT","date":1347379200000,"type":1,"subtype":5,"value":0.0405,"recordDate":null,"divPayDate":null,"isLock":null,"updated":null},{"symbol":"BKT","date":1344787200000,"type":1,"subtype":5,"value":0.0405,"recordDate":null,"divPayDate":null,"isLock":null,"updated":null}]}