{"list":[{"symbol":"BMY","date":1562083200000,"type":1,"subtype":5,"value":0.41,"recordDate":1562256000000,"divPayDate":null,"isLock":null,"updated":null},{"symbol":"BMY","date":1554307200000,"type":1,"subtype":5,"value":0.41,"recordDate":1554393600000,"divPayDate":null,"isLock":null,"updated":null},{"symbol":"BMY","date":1546444800000,"type":1,"subtype":5,"value":0.41,"recordDate":1546531200000,"divPayDate":null,"isLock":null,"updated":null},{"symbol":"BMY","date":1538582400000,"type":1,"subtype":5,"value":0.4,"recordDate":1538668800000,"divPayDate":null,"isLock":null,"updated":null},{"symbol":"BMY","date":1530720000000,"type":1,"subtype":5,"value":0.4,"recordDate":null,"divPayDate":null,"isLock":null,"updated":null},{"symbol":"BMY","date":1522857600000,"type":1,"subtype":5,"value":0.4,"recordDate":1522944000000,"divPayDate":null,"isLock":null,"updated":null},{"symbol":"BMY","date":1514995200000,"type":1,"subtype":5,"value":0.4,"recordDate":1515081600000,"divPayDate":null,"isLock":null,"updated":null},{"symbol":"BMY","date":1507132800000,"type":1,"subtype":5,"value":0.39,"recordDate":1507219200000,"divPayDate":null,"isLock":null,"updated":null},{"symbol":"BMY","date":1499184000000,"type":1,"subtype":5,"value":0.39,"recordDate":1499356800000,"divPayDate":null,"isLock":null,"updated":null},{"symbol":"BMY","date":1491321600000,"type":1,"subtype":5,"value":0.39,"recordDate":1491494400000,"divPayDate":null,"isLock":null,"updated":null},{"symbol":"BMY","date":1483459200000,"type":1,"subtype":5,"value":0.39,"recordDate":1483632000000,"divPayDate":null,"isLock":null,"updated":null},{"symbol":"BMY","date":1475596800000,"type":1,"subtype":5,"value":0.38,"recordDate":1475769600000,"divPayDate":null,"isLock":null,"updated":null},{"symbol":"BMY","date":1469721600000,"type":1,"subtype":5,"value":0.38,"recordDate":1467302400000,"divPayDate":null,"isLock":null,"updated":null},{"symbol":"BMY","date":1467129600000,"type":1,"subtype":5,"value":0.38,"recordDate":1467302400000,"divPayDate":null,"isLock":null,"updated":null},{"symbol":"BMY","date":1459267200000,"type":1,"subtype":5,"value":0.38,"recordDate":1459440000000,"divPayDate":null,"isLock":null,"updated":null},{"symbol":"BMY","date":1451404800000,"type":1,"subtype":5,"value":0.38,"recordDate":1451836800000,"divPayDate":null,"isLock":null,"updated":null},{"symbol":"BMY","date":1443542400000,"type":1,"subtype":5,"value":0.37,"recordDate":1443715200000,"divPayDate":null,"isLock":null,"updated":null},{"symbol":"BMY","date":1435680000000,"type":1,"subtype":5,"value":0.37,"recordDate":1436112000000,"divPayDate":null,"isLock":null,"updated":null},{"symbol":"BMY","date":1427817600000,"type":1,"subtype":5,"value":0.37,"recordDate":1428249600000,"divPayDate":null,"isLock":null,"updated":null},{"symbol":"BMY","date":1419868800000,"type":1,"subtype":5,"value":0.37,"recordDate":1420128000000,"divPayDate":null,"isLock":null,"updated":null},{"symbol":"BMY","date":1412092800000,"type":1,"subtype":5,"value":0.36,"recordDate":1412265600000,"divPayDate":null,"isLock":null,"updated":null},{"symbol":"BMY","date":1404144000000,"type":1,"subtype":5,"value":0.36,"recordDate":1404316800000,"divPayDate":null,"isLock":null,"updated":null},{"symbol":"BMY","date":1396368000000,"type":1,"subtype":5,"value":0.36,"recordDate":null,"divPayDate":null,"isLock":null,"updated":null},{"symbol":"BMY","date":1388419200000,"type":1,"subtype":5,"value":0.36,"recordDate":null,"divPayDate":null,"isLock":null,"updated":null},{"symbol":"BMY","date":1380643200000,"type":1,"subtype":5,"value":0.35,"recordDate":null,"divPayDate":null,"isLock":null,"updated":null},{"symbol":"BMY","date":1372694400000,"type":1,"subtype":5,"value":0.35,"recordDate":null,"divPayDate":null,"isLock":null,"updated":null},{"symbol":"BMY","date":1364918400000,"type":1,"subtype":5,"value":0.35,"recordDate":null,"divPayDate":null,"isLock":null,"updated":null},{"symbol":"BMY","date":1357056000000,"type":1,"subtype":5,"value":0.35,"recordDate":null,"divPayDate":null,"isLock":null,"updated":null},{"symbol":"BMY","date":1349193600000,"type":1,"subtype":5,"value":0.34,"recordDate":null,"divPayDate":null,"isLock":null,"updated":null},{"symbol":"BMY","date":1341244800000,"type":1,"subtype":5,"value":0.34,"recordDate":null,"divPayDate":null,"isLock":null,"updated":null},{"symbol":"BMY","date":920217600000,"type":2,"subtype":8,"value":2.0,"recordDate":1436112000000,"divPayDate":null,"isLock":null,"updated":null},{"symbol":"BMY","date":857318400000,"type":2,"subtype":8,"value":2.0,"recordDate":null,"divPayDate":null,"isLock":null,"updated":null},{"symbol":"BMY","date":550249200000,"type":2,"subtype":8,"value":2.0,"recordDate":null,"divPayDate":null,"isLock":null,"updated":null}]}