{"list":[{"symbol":"BNS","date":1561910400000,"type":1,"subtype":5,"value":0.64761,"recordDate":null,"divPayDate":null,"isLock":null,"updated":null},{"symbol":"BNS","date":1561651200000,"type":1,"subtype":5,"value":0.644,"recordDate":1561996800000,"divPayDate":null,"isLock":null,"updated":null},{"symbol":"BNS","date":1554048000000,"type":1,"subtype":5,"value":0.64638,"recordDate":null,"divPayDate":null,"isLock":null,"updated":null},{"symbol":"BNS","date":1546185600000,"type":1,"subtype":5,"value":0.64017,"recordDate":null,"divPayDate":null,"isLock":null,"updated":null},{"symbol":"BNS","date":1538323200000,"type":1,"subtype":5,"value":0.64679,"recordDate":null,"divPayDate":null,"isLock":null,"updated":null},{"symbol":"BNS","date":1530460800000,"type":1,"subtype":5,"value":0.62762,"recordDate":null,"divPayDate":null,"isLock":null,"updated":null},{"symbol":"BNS","date":1530201600000,"type":1,"subtype":5,"value":0.82,"recordDate":null,"divPayDate":null,"isLock":null,"updated":null},{"symbol":"BNS","date":1522598400000,"type":1,"subtype":5,"value":0.63644,"recordDate":null,"divPayDate":null,"isLock":null,"updated":null},{"symbol":"BNS","date":1514476800000,"type":1,"subtype":5,"value":0.64078,"recordDate":1514822400000,"divPayDate":null,"isLock":null,"updated":null},{"symbol":"BNS","date":1506873600000,"type":1,"subtype":5,"value":0.61567,"recordDate":1506960000000,"divPayDate":null,"isLock":null,"updated":null},{"symbol":"BNS","date":1498665600000,"type":1,"subtype":5,"value":0.60503,"recordDate":1499097600000,"divPayDate":null,"isLock":null,"updated":null},{"symbol":"BNS","date":1490889600000,"type":1,"subtype":5,"value":0.55805,"recordDate":1491235200000,"divPayDate":null,"isLock":null,"updated":null},{"symbol":"BNS","date":1482940800000,"type":1,"subtype":5,"value":0.56327,"recordDate":1483372800000,"divPayDate":null,"isLock":null,"updated":null},{"symbol":"BNS","date":1475164800000,"type":1,"subtype":5,"value":0.55266,"recordDate":1475510400000,"divPayDate":null,"isLock":null,"updated":null},{"symbol":"BNS","date":1467216000000,"type":1,"subtype":5,"value":0.54608,"recordDate":1467648000000,"divPayDate":null,"isLock":null,"updated":null},{"symbol":"BNS","date":1459440000000,"type":1,"subtype":5,"value":0.57051,"recordDate":1459785600000,"divPayDate":null,"isLock":null,"updated":null},{"symbol":"BNS","date":1451491200000,"type":1,"subtype":5,"value":0.49636,"recordDate":1451923200000,"divPayDate":null,"isLock":null,"updated":null},{"symbol":"BNS","date":1443715200000,"type":1,"subtype":5,"value":0.53128,"recordDate":1444060800000,"divPayDate":null,"isLock":null,"updated":null},{"symbol":"BNS","date":1435766400000,"type":1,"subtype":5,"value":0.52542,"recordDate":1436198400000,"divPayDate":null,"isLock":null,"updated":null},{"symbol":"BNS","date":1427904000000,"type":1,"subtype":5,"value":0.56568,"recordDate":1428336000000,"divPayDate":null,"isLock":null,"updated":null},{"symbol":"BNS","date":1420128000000,"type":1,"subtype":5,"value":0.52728,"recordDate":1420473600000,"divPayDate":null,"isLock":null,"updated":null},{"symbol":"BNS","date":1412265600000,"type":1,"subtype":5,"value":0.5896,"recordDate":1412611200000,"divPayDate":null,"isLock":null,"updated":null},{"symbol":"BNS","date":1404057600000,"type":1,"subtype":5,"value":0.58966,"recordDate":1404230400000,"divPayDate":null,"isLock":null,"updated":null},{"symbol":"BNS","date":1395936000000,"type":1,"subtype":5,"value":0.58053,"recordDate":null,"divPayDate":null,"isLock":null,"updated":null},{"symbol":"BNS","date":1388678400000,"type":1,"subtype":5,"value":0.55493,"recordDate":null,"divPayDate":null,"isLock":null,"updated":null},{"symbol":"BNS","date":1380211200000,"type":1,"subtype":5,"value":0.59241,"recordDate":null,"divPayDate":null,"isLock":null,"updated":null},{"symbol":"BNS","date":1372348800000,"type":1,"subtype":5,"value":0.58482,"recordDate":null,"divPayDate":null,"isLock":null,"updated":null},{"symbol":"BNS","date":1364400000000,"type":1,"subtype":5,"value":0.59033,"recordDate":null,"divPayDate":null,"isLock":null,"updated":null},{"symbol":"BNS","date":1356624000000,"type":1,"subtype":5,"value":0.56874,"recordDate":null,"divPayDate":null,"isLock":null,"updated":null},{"symbol":"BNS","date":1348761600000,"type":1,"subtype":5,"value":0.57178,"recordDate":null,"divPayDate":null,"isLock":null,"updated":null},{"symbol":"BNS","date":1340899200000,"type":1,"subtype":5,"value":0.54796,"recordDate":null,"divPayDate":null,"isLock":null,"updated":null},{"symbol":"BNS","date":1083168000000,"type":2,"subtype":8,"value":2.0,"recordDate":1436198400000,"divPayDate":null,"isLock":null,"updated":null}]}