{"list":[{"symbol":"BPT","date":1555257600000,"type":1,"subtype":5,"value":0.34493,"recordDate":null,"divPayDate":null,"isLock":null,"updated":null},{"symbol":"BPT","date":1547481600000,"type":1,"subtype":5,"value":1.00293,"recordDate":null,"divPayDate":null,"isLock":null,"updated":null},{"symbol":"BPT","date":1539532800000,"type":1,"subtype":5,"value":1.3801,"recordDate":null,"divPayDate":null,"isLock":null,"updated":null},{"symbol":"BPT","date":1531411200000,"type":1,"subtype":5,"value":1.40756,"recordDate":null,"divPayDate":null,"isLock":null,"updated":null},{"symbol":"BPT","date":1523548800000,"type":1,"subtype":5,"value":1.27484,"recordDate":null,"divPayDate":null,"isLock":null,"updated":null},{"symbol":"BPT","date":1516204800000,"type":1,"subtype":5,"value":1.23015,"recordDate":1516291200000,"divPayDate":null,"isLock":null,"updated":null},{"symbol":"BPT","date":1507824000000,"type":1,"subtype":5,"value":0.67412,"recordDate":1508083200000,"divPayDate":null,"isLock":null,"updated":null},{"symbol":"BPT","date":1499788800000,"type":1,"subtype":5,"value":0.83293,"recordDate":1500134400000,"divPayDate":null,"isLock":null,"updated":null},{"symbol":"BPT","date":1491840000000,"type":1,"subtype":5,"value":1.0983,"recordDate":1492272000000,"divPayDate":null,"isLock":null,"updated":null},{"symbol":"BPT","date":1484064000000,"type":1,"subtype":5,"value":0.99425,"recordDate":1484496000000,"divPayDate":null,"isLock":null,"updated":null},{"symbol":"BPT","date":1476201600000,"type":1,"subtype":5,"value":0.6793,"recordDate":1476547200000,"divPayDate":null,"isLock":null,"updated":null},{"symbol":"BPT","date":1468339200000,"type":1,"subtype":5,"value":0.68504,"recordDate":1468598400000,"divPayDate":null,"isLock":null,"updated":null},{"symbol":"BPT","date":1460476800000,"type":1,"subtype":5,"value":0.07204,"recordDate":1460736000000,"divPayDate":null,"isLock":null,"updated":null},{"symbol":"BPT","date":1452614400000,"type":1,"subtype":5,"value":0.60189,"recordDate":1452873600000,"divPayDate":null,"isLock":null,"updated":null},{"symbol":"BPT","date":1444752000000,"type":1,"subtype":5,"value":0.70297,"recordDate":1444924800000,"divPayDate":null,"isLock":null,"updated":null},{"symbol":"BPT","date":1436803200000,"type":1,"subtype":5,"value":1.47238,"recordDate":1436976000000,"divPayDate":null,"isLock":null,"updated":null},{"symbol":"BPT","date":1428940800000,"type":1,"subtype":5,"value":0.99891,"recordDate":1429113600000,"divPayDate":null,"isLock":null,"updated":null},{"symbol":"BPT","date":1421164800000,"type":1,"subtype":5,"value":2.68841,"recordDate":1421337600000,"divPayDate":null,"isLock":null,"updated":null},{"symbol":"BPT","date":1412870400000,"type":1,"subtype":5,"value":2.02699,"recordDate":1413302400000,"divPayDate":null,"isLock":null,"updated":null},{"symbol":"BPT","date":1405008000000,"type":1,"subtype":5,"value":3.03256,"recordDate":1405353600000,"divPayDate":null,"isLock":null,"updated":null},{"symbol":"BPT","date":1397145600000,"type":1,"subtype":5,"value":3.00904,"recordDate":null,"divPayDate":null,"isLock":null,"updated":null},{"symbol":"BPT","date":1389542400000,"type":1,"subtype":5,"value":2.52781,"recordDate":null,"divPayDate":null,"isLock":null,"updated":null},{"symbol":"BPT","date":1381334400000,"type":1,"subtype":5,"value":2.16793,"recordDate":null,"divPayDate":null,"isLock":null,"updated":null},{"symbol":"BPT","date":1373472000000,"type":1,"subtype":5,"value":2.14291,"recordDate":null,"divPayDate":null,"isLock":null,"updated":null},{"symbol":"BPT","date":1365609600000,"type":1,"subtype":5,"value":2.41475,"recordDate":null,"divPayDate":null,"isLock":null,"updated":null},{"symbol":"BPT","date":1357833600000,"type":1,"subtype":5,"value":2.31521,"recordDate":null,"divPayDate":null,"isLock":null,"updated":null},{"symbol":"BPT","date":1349884800000,"type":1,"subtype":5,"value":1.8216,"recordDate":null,"divPayDate":null,"isLock":null,"updated":null},{"symbol":"BPT","date":1342022400000,"type":1,"subtype":5,"value":2.3129,"recordDate":null,"divPayDate":null,"isLock":null,"updated":null}]}