{"list":[{"symbol":"BRX","date":1562083200000,"type":1,"subtype":5,"value":0.28,"recordDate":1562256000000,"divPayDate":null,"isLock":null,"updated":null},{"symbol":"BRX","date":1554307200000,"type":1,"subtype":5,"value":0.28,"recordDate":1554393600000,"divPayDate":null,"isLock":null,"updated":null},{"symbol":"BRX","date":1546444800000,"type":1,"subtype":5,"value":0.28,"recordDate":1546531200000,"divPayDate":null,"isLock":null,"updated":null},{"symbol":"BRX","date":1538582400000,"type":1,"subtype":5,"value":0.275,"recordDate":1538668800000,"divPayDate":null,"isLock":null,"updated":null},{"symbol":"BRX","date":1530720000000,"type":1,"subtype":5,"value":0.275,"recordDate":null,"divPayDate":null,"isLock":null,"updated":null},{"symbol":"BRX","date":1522771200000,"type":1,"subtype":5,"value":0.275,"recordDate":1522857600000,"divPayDate":null,"isLock":null,"updated":null},{"symbol":"BRX","date":1514908800000,"type":1,"subtype":5,"value":0.275,"recordDate":1514995200000,"divPayDate":null,"isLock":null,"updated":null},{"symbol":"BRX","date":1507046400000,"type":1,"subtype":5,"value":0.26,"recordDate":1507132800000,"divPayDate":null,"isLock":null,"updated":null},{"symbol":"BRX","date":1499011200000,"type":1,"subtype":5,"value":0.26,"recordDate":1499270400000,"divPayDate":null,"isLock":null,"updated":null},{"symbol":"BRX","date":1491148800000,"type":1,"subtype":5,"value":0.26,"recordDate":1491321600000,"divPayDate":null,"isLock":null,"updated":null},{"symbol":"BRX","date":1483372800000,"type":1,"subtype":5,"value":0.26,"recordDate":1483545600000,"divPayDate":null,"isLock":null,"updated":null},{"symbol":"BRX","date":1475424000000,"type":1,"subtype":5,"value":0.245,"recordDate":1475596800000,"divPayDate":null,"isLock":null,"updated":null},{"symbol":"BRX","date":1467302400000,"type":1,"subtype":5,"value":0.245,"recordDate":1467734400000,"divPayDate":null,"isLock":null,"updated":null},{"symbol":"BRX","date":1459440000000,"type":1,"subtype":5,"value":0.245,"recordDate":1459785600000,"divPayDate":null,"isLock":null,"updated":null},{"symbol":"BRX","date":1451836800000,"type":1,"subtype":5,"value":0.245,"recordDate":1452009600000,"divPayDate":null,"isLock":null,"updated":null},{"symbol":"BRX","date":1443628800000,"type":1,"subtype":5,"value":0.225,"recordDate":1443974400000,"divPayDate":null,"isLock":null,"updated":null},{"symbol":"BRX","date":1435680000000,"type":1,"subtype":5,"value":0.225,"recordDate":1436112000000,"divPayDate":null,"isLock":null,"updated":null},{"symbol":"BRX","date":1427817600000,"type":1,"subtype":5,"value":0.225,"recordDate":1428249600000,"divPayDate":null,"isLock":null,"updated":null},{"symbol":"BRX","date":1420128000000,"type":1,"subtype":5,"value":0.225,"recordDate":1420473600000,"divPayDate":null,"isLock":null,"updated":null},{"symbol":"BRX","date":1412092800000,"type":1,"subtype":5,"value":0.2,"recordDate":1412265600000,"divPayDate":null,"isLock":null,"updated":null},{"symbol":"BRX","date":1404144000000,"type":1,"subtype":5,"value":0.2,"recordDate":null,"divPayDate":null,"isLock":null,"updated":null},{"symbol":"BRX","date":1396281600000,"type":1,"subtype":5,"value":0.2,"recordDate":null,"divPayDate":null,"isLock":null,"updated":null},{"symbol":"BRX","date":1388592000000,"type":1,"subtype":5,"value":0.127,"recordDate":null,"divPayDate":null,"isLock":null,"updated":null}]}