{"list":[{"symbol":"BSIG","date":1560355200000,"type":1,"subtype":5,"value":0.1,"recordDate":null,"divPayDate":null,"isLock":null,"updated":null},{"symbol":"BSIG","date":1552492800000,"type":1,"subtype":5,"value":0.1,"recordDate":null,"divPayDate":null,"isLock":null,"updated":null},{"symbol":"BSIG","date":1544630400000,"type":1,"subtype":5,"value":0.1,"recordDate":null,"divPayDate":null,"isLock":null,"updated":null},{"symbol":"BSIG","date":1536768000000,"type":1,"subtype":5,"value":0.1,"recordDate":null,"divPayDate":null,"isLock":null,"updated":null},{"symbol":"BSIG","date":1528905600000,"type":1,"subtype":5,"value":0.1,"recordDate":null,"divPayDate":null,"isLock":null,"updated":null},{"symbol":"BSIG","date":1521043200000,"type":1,"subtype":5,"value":0.09,"recordDate":null,"divPayDate":null,"isLock":null,"updated":null}]}