{"list":[{"symbol":"BSRR","date":1556640000000,"type":1,"subtype":5,"value":0.18,"recordDate":1556726400000,"divPayDate":null,"isLock":null,"updated":null},{"symbol":"BSRR","date":1548777600000,"type":1,"subtype":5,"value":0.18,"recordDate":1548864000000,"divPayDate":null,"isLock":null,"updated":null},{"symbol":"BSRR","date":1540915200000,"type":1,"subtype":5,"value":0.16,"recordDate":1541001600000,"divPayDate":null,"isLock":null,"updated":null},{"symbol":"BSRR","date":1533052800000,"type":1,"subtype":5,"value":0.16,"recordDate":1533139200000,"divPayDate":null,"isLock":null,"updated":null},{"symbol":"BSRR","date":1525190400000,"type":1,"subtype":5,"value":0.16,"recordDate":1525276800000,"divPayDate":null,"isLock":null,"updated":null},{"symbol":"BSRR","date":1517328000000,"type":1,"subtype":5,"value":0.16,"recordDate":1517414400000,"divPayDate":null,"isLock":null,"updated":null},{"symbol":"BSRR","date":1509465600000,"type":1,"subtype":5,"value":0.14,"recordDate":1509552000000,"divPayDate":null,"isLock":null,"updated":null},{"symbol":"BSRR","date":1501516800000,"type":1,"subtype":5,"value":0.14,"recordDate":1501689600000,"divPayDate":null,"isLock":null,"updated":null},{"symbol":"BSRR","date":1493654400000,"type":1,"subtype":5,"value":0.14,"recordDate":1493827200000,"divPayDate":null,"isLock":null,"updated":null},{"symbol":"BSRR","date":1485792000000,"type":1,"subtype":5,"value":0.14,"recordDate":1485964800000,"divPayDate":null,"isLock":null,"updated":null},{"symbol":"BSRR","date":1477929600000,"type":1,"subtype":5,"value":0.12,"recordDate":1478102400000,"divPayDate":null,"isLock":null,"updated":null},{"symbol":"BSRR","date":1470067200000,"type":1,"subtype":5,"value":0.12,"recordDate":1470240000000,"divPayDate":null,"isLock":null,"updated":null},{"symbol":"BSRR","date":1462204800000,"type":1,"subtype":5,"value":0.12,"recordDate":1462377600000,"divPayDate":null,"isLock":null,"updated":null},{"symbol":"BSRR","date":1454342400000,"type":1,"subtype":5,"value":0.12,"recordDate":1454515200000,"divPayDate":null,"isLock":null,"updated":null},{"symbol":"BSRR","date":1445875200000,"type":1,"subtype":5,"value":0.11,"recordDate":1446048000000,"divPayDate":null,"isLock":null,"updated":null},{"symbol":"BSRR","date":1438012800000,"type":1,"subtype":5,"value":0.11,"recordDate":1438185600000,"divPayDate":null,"isLock":null,"updated":null},{"symbol":"BSRR","date":1430150400000,"type":1,"subtype":5,"value":0.1,"recordDate":1430323200000,"divPayDate":null,"isLock":null,"updated":null},{"symbol":"BSRR","date":1422288000000,"type":1,"subtype":5,"value":0.1,"recordDate":1422460800000,"divPayDate":null,"isLock":null,"updated":null},{"symbol":"BSRR","date":1414425600000,"type":1,"subtype":5,"value":0.09,"recordDate":1414598400000,"divPayDate":null,"isLock":null,"updated":null},{"symbol":"BSRR","date":1406563200000,"type":1,"subtype":5,"value":0.09,"recordDate":1406736000000,"divPayDate":null,"isLock":null,"updated":null},{"symbol":"BSRR","date":1398700800000,"type":1,"subtype":5,"value":0.08,"recordDate":null,"divPayDate":null,"isLock":null,"updated":null},{"symbol":"BSRR","date":1390838400000,"type":1,"subtype":5,"value":0.08,"recordDate":null,"divPayDate":null,"isLock":null,"updated":null},{"symbol":"BSRR","date":1382976000000,"type":1,"subtype":5,"value":0.07,"recordDate":null,"divPayDate":null,"isLock":null,"updated":null},{"symbol":"BSRR","date":1375113600000,"type":1,"subtype":5,"value":0.07,"recordDate":null,"divPayDate":null,"isLock":null,"updated":null},{"symbol":"BSRR","date":1367251200000,"type":1,"subtype":5,"value":0.06,"recordDate":null,"divPayDate":null,"isLock":null,"updated":null},{"symbol":"BSRR","date":1359388800000,"type":1,"subtype":5,"value":0.06,"recordDate":null,"divPayDate":null,"isLock":null,"updated":null},{"symbol":"BSRR","date":1351612800000,"type":1,"subtype":5,"value":0.06,"recordDate":null,"divPayDate":null,"isLock":null,"updated":null},{"symbol":"BSRR","date":1351526400000,"type":1,"subtype":5,"value":0.06,"recordDate":null,"divPayDate":null,"isLock":null,"updated":null},{"symbol":"BSRR","date":1343664000000,"type":1,"subtype":5,"value":0.06,"recordDate":null,"divPayDate":null,"isLock":null,"updated":null},{"symbol":"BSRR","date":879696000000,"type":2,"subtype":8,"value":2.0,"recordDate":1438185600000,"divPayDate":null,"isLock":null,"updated":null},{"symbol":"BSRR","date":844617600000,"type":2,"subtype":8,"value":2.0,"recordDate":null,"divPayDate":null,"isLock":null,"updated":null}]}