{"list":[{"symbol":"BTU","date":1558368000000,"type":1,"subtype":5,"value":0.14,"recordDate":1558454400000,"divPayDate":null,"isLock":null,"updated":null},{"symbol":"BTU","date":1552233600000,"type":1,"subtype":5,"value":1.85,"recordDate":1552320000000,"divPayDate":null,"isLock":null,"updated":null},{"symbol":"BTU","date":1550505600000,"type":1,"subtype":5,"value":0.13,"recordDate":1550592000000,"divPayDate":null,"isLock":null,"updated":null},{"symbol":"BTU","date":1540828800000,"type":1,"subtype":5,"value":0.13,"recordDate":1540915200000,"divPayDate":null,"isLock":null,"updated":null},{"symbol":"BTU","date":1533052800000,"type":1,"subtype":5,"value":0.125,"recordDate":1533139200000,"divPayDate":null,"isLock":null,"updated":null},{"symbol":"BTU","date":1526572800000,"type":1,"subtype":5,"value":0.115,"recordDate":1526832000000,"divPayDate":null,"isLock":null,"updated":null},{"symbol":"BTU","date":1518624000000,"type":1,"subtype":5,"value":0.115,"recordDate":1518969600000,"divPayDate":null,"isLock":null,"updated":null},{"symbol":"BTU","date":1443628800000,"type":2,"subtype":7,"value":0.06667,"recordDate":1431964800000,"divPayDate":null,"isLock":null,"updated":null},{"symbol":"BTU","date":1443542400000,"type":2,"subtype":7,"value":0.06667,"recordDate":1431964800000,"divPayDate":null,"isLock":null,"updated":null},{"symbol":"BTU","date":1431619200000,"type":1,"subtype":5,"value":0.0375,"recordDate":1431964800000,"divPayDate":null,"isLock":null,"updated":null},{"symbol":"BTU","date":1422979200000,"type":1,"subtype":5,"value":0.0025,"recordDate":1423152000000,"divPayDate":null,"isLock":null,"updated":null},{"symbol":"BTU","date":1415030400000,"type":1,"subtype":5,"value":0.085,"recordDate":1415203200000,"divPayDate":null,"isLock":null,"updated":null},{"symbol":"BTU","date":1407254400000,"type":1,"subtype":5,"value":0.085,"recordDate":1407427200000,"divPayDate":null,"isLock":null,"updated":null},{"symbol":"BTU","date":1400515200000,"type":1,"subtype":5,"value":0.085,"recordDate":null,"divPayDate":null,"isLock":null,"updated":null},{"symbol":"BTU","date":1391443200000,"type":1,"subtype":5,"value":0.085,"recordDate":null,"divPayDate":null,"isLock":null,"updated":null},{"symbol":"BTU","date":1383580800000,"type":1,"subtype":5,"value":0.085,"recordDate":null,"divPayDate":null,"isLock":null,"updated":null},{"symbol":"BTU","date":1375718400000,"type":1,"subtype":5,"value":0.085,"recordDate":null,"divPayDate":null,"isLock":null,"updated":null},{"symbol":"BTU","date":1368115200000,"type":1,"subtype":5,"value":0.085,"recordDate":null,"divPayDate":null,"isLock":null,"updated":null},{"symbol":"BTU","date":1359993600000,"type":1,"subtype":5,"value":0.085,"recordDate":null,"divPayDate":null,"isLock":null,"updated":null},{"symbol":"BTU","date":1351612800000,"type":1,"subtype":5,"value":0.085,"recordDate":null,"divPayDate":null,"isLock":null,"updated":null},{"symbol":"BTU","date":1351526400000,"type":1,"subtype":5,"value":0.085,"recordDate":null,"divPayDate":null,"isLock":null,"updated":null},{"symbol":"BTU","date":1343318400000,"type":1,"subtype":5,"value":0.085,"recordDate":null,"divPayDate":null,"isLock":null,"updated":null},{"symbol":"BTU","date":1140624000000,"type":2,"subtype":8,"value":2.0,"recordDate":1431964800000,"divPayDate":null,"isLock":null,"updated":null},{"symbol":"BTU","date":1112198400000,"type":2,"subtype":8,"value":2.0,"recordDate":null,"divPayDate":null,"isLock":null,"updated":null}]}