{"list":[{"symbol":"CADE","date":1559145600000,"type":1,"subtype":5,"value":0.175,"recordDate":1559232000000,"divPayDate":null,"isLock":null,"updated":null},{"symbol":"CADE","date":1551283200000,"type":1,"subtype":5,"value":0.175,"recordDate":1551369600000,"divPayDate":null,"isLock":null,"updated":null},{"symbol":"CADE","date":1543507200000,"type":1,"subtype":5,"value":0.15,"recordDate":1543766400000,"divPayDate":null,"isLock":null,"updated":null},{"symbol":"CADE","date":1535644800000,"type":1,"subtype":5,"value":0.15,"recordDate":1535990400000,"divPayDate":null,"isLock":null,"updated":null},{"symbol":"CADE","date":1527696000000,"type":1,"subtype":5,"value":0.125,"recordDate":1527782400000,"divPayDate":null,"isLock":null,"updated":null},{"symbol":"CADE","date":1519747200000,"type":1,"subtype":5,"value":0.125,"recordDate":1519833600000,"divPayDate":null,"isLock":null,"updated":null},{"symbol":"CADE","date":1237132800000,"type":1,"subtype":5,"value":0.05,"recordDate":null,"divPayDate":null,"isLock":null,"updated":null},{"symbol":"CADE","date":1031587200000,"type":2,"subtype":8,"value":1.33333,"recordDate":null,"divPayDate":null,"isLock":null,"updated":null},{"symbol":"CADE","date":878140800000,"type":2,"subtype":8,"value":4.0,"recordDate":null,"divPayDate":null,"isLock":null,"updated":null}]}