{"list":[{"symbol":"CAPL","date":1556812800000,"type":1,"subtype":5,"value":0.525,"recordDate":1557072000000,"divPayDate":null,"isLock":null,"updated":null},{"symbol":"CAPL","date":1549555200000,"type":1,"subtype":5,"value":0.525,"recordDate":1549814400000,"divPayDate":null,"isLock":null,"updated":null},{"symbol":"CAPL","date":1541088000000,"type":1,"subtype":5,"value":0.525,"recordDate":1541347200000,"divPayDate":null,"isLock":null,"updated":null},{"symbol":"CAPL","date":1533225600000,"type":1,"subtype":5,"value":0.525,"recordDate":1533484800000,"divPayDate":null,"isLock":null,"updated":null},{"symbol":"CAPL","date":1526486400000,"type":1,"subtype":5,"value":0.525,"recordDate":1526572800000,"divPayDate":null,"isLock":null,"updated":null},{"symbol":"CAPL","date":1517500800000,"type":1,"subtype":5,"value":0.6275,"recordDate":1517760000000,"divPayDate":null,"isLock":null,"updated":null},{"symbol":"CAPL","date":1509638400000,"type":1,"subtype":5,"value":0.6275,"recordDate":1509897600000,"divPayDate":null,"isLock":null,"updated":null},{"symbol":"CAPL","date":1501689600000,"type":1,"subtype":5,"value":0.6225,"recordDate":1502035200000,"divPayDate":null,"isLock":null,"updated":null},{"symbol":"CAPL","date":1493827200000,"type":1,"subtype":5,"value":0.6175,"recordDate":1494172800000,"divPayDate":null,"isLock":null,"updated":null},{"symbol":"CAPL","date":1485964800000,"type":1,"subtype":5,"value":0.6125,"recordDate":1486310400000,"divPayDate":null,"isLock":null,"updated":null},{"symbol":"CAPL","date":1478016000000,"type":1,"subtype":5,"value":0.6075,"recordDate":1478188800000,"divPayDate":null,"isLock":null,"updated":null},{"symbol":"CAPL","date":1470240000000,"type":1,"subtype":5,"value":0.6025,"recordDate":1470585600000,"divPayDate":null,"isLock":null,"updated":null},{"symbol":"CAPL","date":1463414400000,"type":1,"subtype":5,"value":0.5975,"recordDate":1463587200000,"divPayDate":null,"isLock":null,"updated":null},{"symbol":"CAPL","date":1455033600000,"type":1,"subtype":5,"value":0.5925,"recordDate":1455206400000,"divPayDate":null,"isLock":null,"updated":null},{"symbol":"CAPL","date":1447603200000,"type":1,"subtype":5,"value":0.5775,"recordDate":1447776000000,"divPayDate":null,"isLock":null,"updated":null},{"symbol":"CAPL","date":1441123200000,"type":1,"subtype":5,"value":0.5625,"recordDate":1441296000000,"divPayDate":null,"isLock":null,"updated":null},{"symbol":"CAPL","date":1433952000000,"type":1,"subtype":5,"value":0.5475,"recordDate":1434297600000,"divPayDate":null,"isLock":null,"updated":null},{"symbol":"CAPL","date":1433779200000,"type":1,"subtype":5,"value":0.5475,"recordDate":1433952000000,"divPayDate":null,"isLock":null,"updated":null},{"symbol":"CAPL","date":1425484800000,"type":1,"subtype":5,"value":0.5425,"recordDate":1425830400000,"divPayDate":null,"isLock":null,"updated":null},{"symbol":"CAPL","date":1415808000000,"type":1,"subtype":5,"value":0.5325,"recordDate":1416153600000,"divPayDate":null,"isLock":null,"updated":null},{"symbol":"CAPL","date":1407945600000,"type":1,"subtype":5,"value":0.5225,"recordDate":1408291200000,"divPayDate":null,"isLock":null,"updated":null}]}