{"list":[{"symbol":"CASS","date":1559491200000,"type":1,"subtype":5,"value":0.26,"recordDate":1559577600000,"divPayDate":null,"isLock":null,"updated":null},{"symbol":"CASS","date":1551628800000,"type":1,"subtype":5,"value":0.26,"recordDate":1551715200000,"divPayDate":null,"isLock":null,"updated":null},{"symbol":"CASS","date":1543766400000,"type":2,"subtype":8,"value":1.2,"recordDate":null,"divPayDate":null,"isLock":null,"updated":null},{"symbol":"CASS","date":1543766400000,"type":1,"subtype":5,"value":0.26,"recordDate":1543852800000,"divPayDate":null,"isLock":null,"updated":null},{"symbol":"CASS","date":1535644800000,"type":1,"subtype":5,"value":0.26,"recordDate":1535990400000,"divPayDate":null,"isLock":null,"updated":null},{"symbol":"CASS","date":1528041600000,"type":1,"subtype":5,"value":0.26,"recordDate":1528128000000,"divPayDate":null,"isLock":null,"updated":null},{"symbol":"CASS","date":1519920000000,"type":1,"subtype":5,"value":0.24,"recordDate":1520179200000,"divPayDate":null,"isLock":null,"updated":null},{"symbol":"CASS","date":1512316800000,"type":2,"subtype":8,"value":1.1,"recordDate":1512403200000,"divPayDate":null,"isLock":null,"updated":null},{"symbol":"CASS","date":1512316800000,"type":1,"subtype":5,"value":0.24,"recordDate":1512403200000,"divPayDate":null,"isLock":null,"updated":null},{"symbol":"CASS","date":1504195200000,"type":1,"subtype":5,"value":0.23,"recordDate":1504540800000,"divPayDate":null,"isLock":null,"updated":null},{"symbol":"CASS","date":1504108800000,"type":1,"subtype":5,"value":0.23,"recordDate":1504540800000,"divPayDate":null,"isLock":null,"updated":null},{"symbol":"CASS","date":1496160000000,"type":1,"subtype":5,"value":0.23,"recordDate":1496332800000,"divPayDate":null,"isLock":null,"updated":null},{"symbol":"CASS","date":1488297600000,"type":1,"subtype":5,"value":0.23,"recordDate":1488470400000,"divPayDate":null,"isLock":null,"updated":null},{"symbol":"CASS","date":1480521600000,"type":1,"subtype":5,"value":0.23,"recordDate":1480867200000,"divPayDate":null,"isLock":null,"updated":null},{"symbol":"CASS","date":1472572800000,"type":1,"subtype":5,"value":0.22,"recordDate":1472745600000,"divPayDate":null,"isLock":null,"updated":null},{"symbol":"CASS","date":1464710400000,"type":1,"subtype":5,"value":0.22,"recordDate":1464883200000,"divPayDate":null,"isLock":null,"updated":null},{"symbol":"CASS","date":1456848000000,"type":1,"subtype":5,"value":0.22,"recordDate":1457020800000,"divPayDate":null,"isLock":null,"updated":null},{"symbol":"CASS","date":1448985600000,"type":1,"subtype":5,"value":0.22,"recordDate":1449158400000,"divPayDate":null,"isLock":null,"updated":null},{"symbol":"CASS","date":1441123200000,"type":1,"subtype":5,"value":0.21,"recordDate":1441296000000,"divPayDate":null,"isLock":null,"updated":null},{"symbol":"CASS","date":1433260800000,"type":1,"subtype":5,"value":0.21,"recordDate":1433433600000,"divPayDate":null,"isLock":null,"updated":null},{"symbol":"CASS","date":1425312000000,"type":1,"subtype":5,"value":0.21,"recordDate":1425484800000,"divPayDate":null,"isLock":null,"updated":null},{"symbol":"CASS","date":1417536000000,"type":1,"subtype":5,"value":0.21,"recordDate":1417708800000,"divPayDate":null,"isLock":null,"updated":null},{"symbol":"CASS","date":1409673600000,"type":1,"subtype":5,"value":0.2,"recordDate":1409846400000,"divPayDate":null,"isLock":null,"updated":null},{"symbol":"CASS","date":1401724800000,"type":1,"subtype":5,"value":0.2,"recordDate":null,"divPayDate":null,"isLock":null,"updated":null},{"symbol":"CASS","date":1393776000000,"type":1,"subtype":5,"value":0.2,"recordDate":null,"divPayDate":null,"isLock":null,"updated":null},{"symbol":"CASS","date":1386000000000,"type":1,"subtype":5,"value":0.2,"recordDate":null,"divPayDate":null,"isLock":null,"updated":null},{"symbol":"CASS","date":1378137600000,"type":1,"subtype":5,"value":0.18,"recordDate":null,"divPayDate":null,"isLock":null,"updated":null},{"symbol":"CASS","date":1369929600000,"type":1,"subtype":5,"value":0.18,"recordDate":null,"divPayDate":null,"isLock":null,"updated":null},{"symbol":"CASS","date":1362067200000,"type":1,"subtype":5,"value":0.18,"recordDate":null,"divPayDate":null,"isLock":null,"updated":null},{"symbol":"CASS","date":1354464000000,"type":2,"subtype":8,"value":1.1,"recordDate":1441296000000,"divPayDate":null,"isLock":null,"updated":null},{"symbol":"CASS","date":1354464000000,"type":1,"subtype":5,"value":0.18,"recordDate":null,"divPayDate":null,"isLock":null,"updated":null},{"symbol":"CASS","date":1346342400000,"type":1,"subtype":5,"value":0.17,"recordDate":null,"divPayDate":null,"isLock":null,"updated":null},{"symbol":"CASS","date":1322668800000,"type":2,"subtype":8,"value":1.1,"recordDate":null,"divPayDate":null,"isLock":null,"updated":null},{"symbol":"CASS","date":1196265600000,"type":2,"subtype":8,"value":1.1,"recordDate":null,"divPayDate":null,"isLock":null,"updated":null},{"symbol":"CASS","date":1158508800000,"type":2,"subtype":8,"value":1.5,"recordDate":null,"divPayDate":null,"isLock":null,"updated":null}]}