{"list":[{"symbol":"CBT","date":1559145600000,"type":1,"subtype":5,"value":0.35,"recordDate":1559232000000,"divPayDate":null,"isLock":null,"updated":null},{"symbol":"CBT","date":1550678400000,"type":1,"subtype":5,"value":0.33,"recordDate":1550764800000,"divPayDate":null,"isLock":null,"updated":null},{"symbol":"CBT","date":1543420800000,"type":1,"subtype":5,"value":0.33,"recordDate":1543507200000,"divPayDate":null,"isLock":null,"updated":null},{"symbol":"CBT","date":1535558400000,"type":1,"subtype":5,"value":0.33,"recordDate":1535644800000,"divPayDate":null,"isLock":null,"updated":null},{"symbol":"CBT","date":1527091200000,"type":1,"subtype":5,"value":0.33,"recordDate":1527177600000,"divPayDate":null,"isLock":null,"updated":null},{"symbol":"CBT","date":1519228800000,"type":1,"subtype":5,"value":0.315,"recordDate":1519315200000,"divPayDate":null,"isLock":null,"updated":null},{"symbol":"CBT","date":1511280000000,"type":1,"subtype":5,"value":0.315,"recordDate":1511452800000,"divPayDate":null,"isLock":null,"updated":null},{"symbol":"CBT","date":1503417600000,"type":1,"subtype":5,"value":0.315,"recordDate":1503590400000,"divPayDate":null,"isLock":null,"updated":null},{"symbol":"CBT","date":1495555200000,"type":1,"subtype":5,"value":0.315,"recordDate":1495728000000,"divPayDate":null,"isLock":null,"updated":null},{"symbol":"CBT","date":1487692800000,"type":1,"subtype":5,"value":0.3,"recordDate":1487865600000,"divPayDate":null,"isLock":null,"updated":null},{"symbol":"CBT","date":1479744000000,"type":1,"subtype":5,"value":0.3,"recordDate":1480003200000,"divPayDate":null,"isLock":null,"updated":null},{"symbol":"CBT","date":1471968000000,"type":1,"subtype":5,"value":0.3,"recordDate":1472140800000,"divPayDate":null,"isLock":null,"updated":null},{"symbol":"CBT","date":1464105600000,"type":1,"subtype":5,"value":0.3,"recordDate":1464278400000,"divPayDate":null,"isLock":null,"updated":null},{"symbol":"CBT","date":1456243200000,"type":1,"subtype":5,"value":0.22,"recordDate":1456416000000,"divPayDate":null,"isLock":null,"updated":null},{"symbol":"CBT","date":1448294400000,"type":1,"subtype":5,"value":0.22,"recordDate":1448553600000,"divPayDate":null,"isLock":null,"updated":null},{"symbol":"CBT","date":1440518400000,"type":1,"subtype":5,"value":0.22,"recordDate":1440691200000,"divPayDate":null,"isLock":null,"updated":null},{"symbol":"CBT","date":1432656000000,"type":1,"subtype":5,"value":0.22,"recordDate":1432828800000,"divPayDate":null,"isLock":null,"updated":null},{"symbol":"CBT","date":1424793600000,"type":1,"subtype":5,"value":0.22,"recordDate":1424966400000,"divPayDate":null,"isLock":null,"updated":null},{"symbol":"CBT","date":1416844800000,"type":1,"subtype":5,"value":0.22,"recordDate":1417104000000,"divPayDate":null,"isLock":null,"updated":null},{"symbol":"CBT","date":1409068800000,"type":1,"subtype":5,"value":0.22,"recordDate":1409241600000,"divPayDate":null,"isLock":null,"updated":null},{"symbol":"CBT","date":1401206400000,"type":1,"subtype":5,"value":0.22,"recordDate":null,"divPayDate":null,"isLock":null,"updated":null},{"symbol":"CBT","date":1393344000000,"type":1,"subtype":5,"value":0.2,"recordDate":null,"divPayDate":null,"isLock":null,"updated":null},{"symbol":"CBT","date":1385395200000,"type":1,"subtype":5,"value":0.2,"recordDate":null,"divPayDate":null,"isLock":null,"updated":null},{"symbol":"CBT","date":1377619200000,"type":1,"subtype":5,"value":0.2,"recordDate":null,"divPayDate":null,"isLock":null,"updated":null},{"symbol":"CBT","date":1369756800000,"type":1,"subtype":5,"value":0.2,"recordDate":null,"divPayDate":null,"isLock":null,"updated":null},{"symbol":"CBT","date":1361894400000,"type":1,"subtype":5,"value":0.2,"recordDate":null,"divPayDate":null,"isLock":null,"updated":null},{"symbol":"CBT","date":1354032000000,"type":1,"subtype":5,"value":0.2,"recordDate":null,"divPayDate":null,"isLock":null,"updated":null},{"symbol":"CBT","date":1346169600000,"type":1,"subtype":5,"value":0.2,"recordDate":null,"divPayDate":null,"isLock":null,"updated":null},{"symbol":"CBT","date":827683200000,"type":2,"subtype":8,"value":2.0,"recordDate":1440691200000,"divPayDate":null,"isLock":null,"updated":null},{"symbol":"CBT","date":777139200000,"type":2,"subtype":8,"value":2.0,"recordDate":null,"divPayDate":null,"isLock":null,"updated":null},{"symbol":"CBT","date":342201600000,"type":2,"subtype":8,"value":3.0,"recordDate":null,"divPayDate":null,"isLock":null,"updated":null}]}