{"list":[{"symbol":"CCR","date":1557072000000,"type":1,"subtype":5,"value":0.5125,"recordDate":null,"divPayDate":null,"isLock":null,"updated":null},{"symbol":"CCR","date":1549382400000,"type":1,"subtype":5,"value":0.5125,"recordDate":null,"divPayDate":null,"isLock":null,"updated":null},{"symbol":"CCR","date":1541520000000,"type":1,"subtype":5,"value":0.5125,"recordDate":null,"divPayDate":null,"isLock":null,"updated":null},{"symbol":"CCR","date":1533571200000,"type":1,"subtype":5,"value":0.5125,"recordDate":null,"divPayDate":null,"isLock":null,"updated":null},{"symbol":"CCR","date":1525622400000,"type":1,"subtype":5,"value":0.5125,"recordDate":null,"divPayDate":null,"isLock":null,"updated":null},{"symbol":"CCR","date":1517932800000,"type":1,"subtype":5,"value":0.5125,"recordDate":1518019200000,"divPayDate":null,"isLock":null,"updated":null},{"symbol":"CCR","date":1509984000000,"type":1,"subtype":5,"value":0.5125,"recordDate":1510070400000,"divPayDate":null,"isLock":null,"updated":null}]}