{"list":[{"symbol":"CDL","date":1560355200000,"type":1,"subtype":5,"value":0.15996,"recordDate":null,"divPayDate":null,"isLock":null,"updated":null},{"symbol":"CDL","date":1557849600000,"type":1,"subtype":5,"value":0.04332,"recordDate":null,"divPayDate":null,"isLock":null,"updated":null},{"symbol":"CDL","date":1555344000000,"type":1,"subtype":5,"value":0.1708,"recordDate":null,"divPayDate":null,"isLock":null,"updated":null},{"symbol":"CDL","date":1551888000000,"type":1,"subtype":5,"value":0.15206,"recordDate":null,"divPayDate":null,"isLock":null,"updated":null},{"symbol":"CDL","date":1549987200000,"type":1,"subtype":5,"value":0.07185,"recordDate":null,"divPayDate":null,"isLock":null,"updated":null},{"symbol":"CDL","date":1547568000000,"type":1,"subtype":5,"value":0.00803,"recordDate":null,"divPayDate":null,"isLock":null,"updated":null},{"symbol":"CDL","date":1545148800000,"type":1,"subtype":5,"value":0.22943,"recordDate":null,"divPayDate":null,"isLock":null,"updated":null},{"symbol":"CDL","date":1542124800000,"type":1,"subtype":5,"value":0.10447,"recordDate":null,"divPayDate":null,"isLock":null,"updated":null},{"symbol":"CDL","date":1539705600000,"type":1,"subtype":5,"value":0.13843,"recordDate":null,"divPayDate":null,"isLock":null,"updated":null},{"symbol":"CDL","date":1536249600000,"type":1,"subtype":5,"value":0.11464,"recordDate":null,"divPayDate":null,"isLock":null,"updated":null},{"symbol":"CDL","date":1534262400000,"type":1,"subtype":5,"value":0.06777,"recordDate":null,"divPayDate":null,"isLock":null,"updated":null},{"symbol":"CDL","date":1531756800000,"type":1,"subtype":5,"value":0.1117,"recordDate":null,"divPayDate":null,"isLock":null,"updated":null},{"symbol":"CDL","date":1528819200000,"type":1,"subtype":5,"value":0.17808,"recordDate":null,"divPayDate":null,"isLock":null,"updated":null},{"symbol":"CDL","date":1526400000000,"type":1,"subtype":5,"value":0.07363,"recordDate":null,"divPayDate":null,"isLock":null,"updated":null},{"symbol":"CDL","date":1523894400000,"type":1,"subtype":5,"value":0.16199,"recordDate":null,"divPayDate":null,"isLock":null,"updated":null},{"symbol":"CDL","date":1520352000000,"type":1,"subtype":5,"value":0.13154,"recordDate":1518624000000,"divPayDate":null,"isLock":null,"updated":null},{"symbol":"CDL","date":1518537600000,"type":1,"subtype":5,"value":0.04297,"recordDate":1516204800000,"divPayDate":null,"isLock":null,"updated":null},{"symbol":"CDL","date":1516118400000,"type":1,"subtype":5,"value":0.01923,"recordDate":1514217600000,"divPayDate":null,"isLock":null,"updated":null},{"symbol":"CDL","date":1513872000000,"type":1,"subtype":5,"value":0.27902,"recordDate":1510761600000,"divPayDate":null,"isLock":null,"updated":null},{"symbol":"CDL","date":1510675200000,"type":1,"subtype":5,"value":0.04727,"recordDate":1508256000000,"divPayDate":null,"isLock":null,"updated":null},{"symbol":"CDL","date":1508169600000,"type":1,"subtype":5,"value":0.1349,"recordDate":1508256000000,"divPayDate":null,"isLock":null,"updated":null},{"symbol":"CDL","date":1504713600000,"type":1,"subtype":5,"value":0.21478,"recordDate":1502899200000,"divPayDate":null,"isLock":null,"updated":null},{"symbol":"CDL","date":1502726400000,"type":1,"subtype":5,"value":0.05596,"recordDate":1500480000000,"divPayDate":null,"isLock":null,"updated":null},{"symbol":"CDL","date":1500307200000,"type":1,"subtype":5,"value":0.03502,"recordDate":1497456000000,"divPayDate":null,"isLock":null,"updated":null},{"symbol":"CDL","date":1497283200000,"type":1,"subtype":5,"value":0.11949,"recordDate":1497456000000,"divPayDate":null,"isLock":null,"updated":null},{"symbol":"CDL","date":1494864000000,"type":1,"subtype":5,"value":0.06721,"recordDate":1492617600000,"divPayDate":null,"isLock":null,"updated":null},{"symbol":"CDL","date":1492444800000,"type":1,"subtype":5,"value":0.15786,"recordDate":1488988800000,"divPayDate":null,"isLock":null,"updated":null},{"symbol":"CDL","date":1488816000000,"type":1,"subtype":5,"value":0.08021,"recordDate":1487174400000,"divPayDate":null,"isLock":null,"updated":null},{"symbol":"CDL","date":1487001600000,"type":1,"subtype":5,"value":0.06037,"recordDate":1484755200000,"divPayDate":null,"isLock":null,"updated":null},{"symbol":"CDL","date":1484582400000,"type":1,"subtype":5,"value":0.04921,"recordDate":1484755200000,"divPayDate":null,"isLock":null,"updated":null},{"symbol":"CDL","date":1481558400000,"type":1,"subtype":5,"value":0.16891,"recordDate":1479312000000,"divPayDate":null,"isLock":null,"updated":null},{"symbol":"CDL","date":1479139200000,"type":1,"subtype":5,"value":0.07838,"recordDate":1476892800000,"divPayDate":null,"isLock":null,"updated":null},{"symbol":"CDL","date":1476720000000,"type":1,"subtype":5,"value":0.10425,"recordDate":1476892800000,"divPayDate":null,"isLock":null,"updated":null},{"symbol":"CDL","date":1473177600000,"type":1,"subtype":5,"value":0.09576,"recordDate":1471449600000,"divPayDate":null,"isLock":null,"updated":null},{"symbol":"CDL","date":1471276800000,"type":1,"subtype":5,"value":0.1068,"recordDate":1469030400000,"divPayDate":null,"isLock":null,"updated":null},{"symbol":"CDL","date":1468857600000,"type":1,"subtype":5,"value":0.02589,"recordDate":1466006400000,"divPayDate":null,"isLock":null,"updated":null},{"symbol":"CDL","date":1465833600000,"type":1,"subtype":5,"value":0.10404,"recordDate":1463587200000,"divPayDate":null,"isLock":null,"updated":null},{"symbol":"CDL","date":1463414400000,"type":1,"subtype":5,"value":0.1005,"recordDate":1461168000000,"divPayDate":null,"isLock":null,"updated":null},{"symbol":"CDL","date":1460995200000,"type":1,"subtype":5,"value":0.10157,"recordDate":1461168000000,"divPayDate":null,"isLock":null,"updated":null},{"symbol":"CDL","date":1457366400000,"type":1,"subtype":5,"value":0.17089,"recordDate":1455724800000,"divPayDate":null,"isLock":null,"updated":null},{"symbol":"CDL","date":1455552000000,"type":1,"subtype":5,"value":0.12477,"recordDate":1453305600000,"divPayDate":null,"isLock":null,"updated":null},{"symbol":"CDL","date":1453132800000,"type":1,"subtype":5,"value":0.01066,"recordDate":1451404800000,"divPayDate":null,"isLock":null,"updated":null},{"symbol":"CDL","date":1451232000000,"type":1,"subtype":5,"value":0.14247,"recordDate":1451404800000,"divPayDate":null,"isLock":null,"updated":null},{"symbol":"CDL","date":1447689600000,"type":1,"subtype":5,"value":0.0368,"recordDate":1445443200000,"divPayDate":null,"isLock":null,"updated":null},{"symbol":"CDL","date":1445270400000,"type":1,"subtype":5,"value":0.02418,"recordDate":1445443200000,"divPayDate":null,"isLock":null,"updated":null},{"symbol":"CDL","date":1442851200000,"type":1,"subtype":5,"value":0.12196,"recordDate":1440000000000,"divPayDate":null,"isLock":null,"updated":null},{"symbol":"CDL","date":1439827200000,"type":1,"subtype":5,"value":0.1148,"recordDate":null,"divPayDate":null,"isLock":null,"updated":null}]}