{"list":[{"symbol":"CECE","date":1505318400000,"type":1,"subtype":5,"value":0.075,"recordDate":1505404800000,"divPayDate":null,"isLock":null,"updated":null},{"symbol":"CECE","date":1497369600000,"type":1,"subtype":5,"value":0.075,"recordDate":1497542400000,"divPayDate":null,"isLock":null,"updated":null},{"symbol":"CECE","date":1489507200000,"type":1,"subtype":5,"value":0.075,"recordDate":1489680000000,"divPayDate":null,"isLock":null,"updated":null},{"symbol":"CECE","date":1481644800000,"type":1,"subtype":5,"value":0.066,"recordDate":1481817600000,"divPayDate":null,"isLock":null,"updated":null},{"symbol":"CECE","date":1473782400000,"type":1,"subtype":5,"value":0.066,"recordDate":1473955200000,"divPayDate":null,"isLock":null,"updated":null},{"symbol":"CECE","date":1465920000000,"type":1,"subtype":5,"value":0.066,"recordDate":1466179200000,"divPayDate":null,"isLock":null,"updated":null},{"symbol":"CECE","date":1458057600000,"type":1,"subtype":5,"value":0.066,"recordDate":1458230400000,"divPayDate":null,"isLock":null,"updated":null},{"symbol":"CECE","date":1450022400000,"type":1,"subtype":5,"value":0.066,"recordDate":1450195200000,"divPayDate":null,"isLock":null,"updated":null},{"symbol":"CECE","date":1442332800000,"type":1,"subtype":5,"value":0.066,"recordDate":1442505600000,"divPayDate":null,"isLock":null,"updated":null},{"symbol":"CECE","date":1433865600000,"type":1,"subtype":5,"value":0.066,"recordDate":1434038400000,"divPayDate":null,"isLock":null,"updated":null},{"symbol":"CECE","date":1426521600000,"type":1,"subtype":5,"value":0.066,"recordDate":1426694400000,"divPayDate":null,"isLock":null,"updated":null},{"symbol":"CECE","date":1418745600000,"type":1,"subtype":5,"value":0.06,"recordDate":1418918400000,"divPayDate":null,"isLock":null,"updated":null},{"symbol":"CECE","date":1410451200000,"type":1,"subtype":5,"value":0.06,"recordDate":1410796800000,"divPayDate":null,"isLock":null,"updated":null},{"symbol":"CECE","date":1402416000000,"type":1,"subtype":5,"value":0.06,"recordDate":null,"divPayDate":null,"isLock":null,"updated":null},{"symbol":"CECE","date":1394985600000,"type":1,"subtype":5,"value":0.05,"recordDate":null,"divPayDate":null,"isLock":null,"updated":null},{"symbol":"CECE","date":1386864000000,"type":1,"subtype":5,"value":0.05,"recordDate":null,"divPayDate":null,"isLock":null,"updated":null},{"symbol":"CECE","date":1378915200000,"type":1,"subtype":5,"value":0.05,"recordDate":null,"divPayDate":null,"isLock":null,"updated":null},{"symbol":"CECE","date":1370966400000,"type":1,"subtype":5,"value":0.05,"recordDate":null,"divPayDate":null,"isLock":null,"updated":null},{"symbol":"CECE","date":1363190400000,"type":1,"subtype":5,"value":0.05,"recordDate":null,"divPayDate":null,"isLock":null,"updated":null},{"symbol":"CECE","date":1355241600000,"type":1,"subtype":5,"value":0.045,"recordDate":null,"divPayDate":null,"isLock":null,"updated":null},{"symbol":"CECE","date":1347379200000,"type":1,"subtype":5,"value":0.045,"recordDate":null,"divPayDate":null,"isLock":null,"updated":null},{"symbol":"CECE","date":717696000000,"type":2,"subtype":7,"value":0.2,"recordDate":1434038400000,"divPayDate":null,"isLock":null,"updated":null},{"symbol":"CECE","date":494179200000,"type":2,"subtype":8,"value":3.0,"recordDate":null,"divPayDate":null,"isLock":null,"updated":null}]}