{"list":[{"symbol":"CGNX","date":1557936000000,"type":1,"subtype":5,"value":0.05,"recordDate":1558022400000,"divPayDate":null,"isLock":null,"updated":null},{"symbol":"CGNX","date":1551283200000,"type":1,"subtype":5,"value":0.05,"recordDate":1551369600000,"divPayDate":null,"isLock":null,"updated":null},{"symbol":"CGNX","date":1542211200000,"type":1,"subtype":5,"value":0.05,"recordDate":1542297600000,"divPayDate":null,"isLock":null,"updated":null},{"symbol":"CGNX","date":1534348800000,"type":1,"subtype":5,"value":0.045,"recordDate":1534435200000,"divPayDate":null,"isLock":null,"updated":null},{"symbol":"CGNX","date":1526486400000,"type":1,"subtype":5,"value":0.045,"recordDate":1526572800000,"divPayDate":null,"isLock":null,"updated":null},{"symbol":"CGNX","date":1519833600000,"type":1,"subtype":5,"value":0.045,"recordDate":1519920000000,"divPayDate":null,"isLock":null,"updated":null},{"symbol":"CGNX","date":1512316800000,"type":2,"subtype":8,"value":2.0,"recordDate":null,"divPayDate":null,"isLock":null,"updated":null},{"symbol":"CGNX","date":1510761600000,"type":1,"subtype":5,"value":0.045,"recordDate":1510848000000,"divPayDate":null,"isLock":null,"updated":null},{"symbol":"CGNX","date":1502812800000,"type":1,"subtype":5,"value":0.085,"recordDate":1502985600000,"divPayDate":null,"isLock":null,"updated":null},{"symbol":"CGNX","date":1496160000000,"type":1,"subtype":5,"value":0.085,"recordDate":1496332800000,"divPayDate":null,"isLock":null,"updated":null},{"symbol":"CGNX","date":1488297600000,"type":1,"subtype":5,"value":0.075,"recordDate":1488470400000,"divPayDate":null,"isLock":null,"updated":null},{"symbol":"CGNX","date":1480435200000,"type":1,"subtype":5,"value":0.075,"recordDate":1480608000000,"divPayDate":null,"isLock":null,"updated":null},{"symbol":"CGNX","date":1472572800000,"type":1,"subtype":5,"value":0.075,"recordDate":1472745600000,"divPayDate":null,"isLock":null,"updated":null},{"symbol":"CGNX","date":1464710400000,"type":1,"subtype":5,"value":0.075,"recordDate":1464883200000,"divPayDate":null,"isLock":null,"updated":null},{"symbol":"CGNX","date":1456848000000,"type":1,"subtype":5,"value":0.07,"recordDate":1457020800000,"divPayDate":null,"isLock":null,"updated":null},{"symbol":"CGNX","date":1448985600000,"type":1,"subtype":5,"value":0.07,"recordDate":1449158400000,"divPayDate":null,"isLock":null,"updated":null},{"symbol":"CGNX","date":1441123200000,"type":1,"subtype":5,"value":0.07,"recordDate":1441296000000,"divPayDate":null,"isLock":null,"updated":null},{"symbol":"CGNX","date":1433260800000,"type":1,"subtype":5,"value":0.07,"recordDate":1433433600000,"divPayDate":null,"isLock":null,"updated":null},{"symbol":"CGNX","date":1379347200000,"type":2,"subtype":8,"value":2.0,"recordDate":1441296000000,"divPayDate":null,"isLock":null,"updated":null},{"symbol":"CGNX","date":1355241600000,"type":1,"subtype":5,"value":0.555,"recordDate":null,"divPayDate":null,"isLock":null,"updated":null},{"symbol":"CGNX","date":1354032000000,"type":1,"subtype":5,"value":0.11,"recordDate":null,"divPayDate":null,"isLock":null,"updated":null},{"symbol":"CGNX","date":1346169600000,"type":1,"subtype":5,"value":0.11,"recordDate":null,"divPayDate":null,"isLock":null,"updated":null},{"symbol":"CGNX","date":819302400000,"type":2,"subtype":8,"value":2.0,"recordDate":null,"divPayDate":null,"isLock":null,"updated":null},{"symbol":"CGNX","date":749404800000,"type":2,"subtype":8,"value":2.0,"recordDate":null,"divPayDate":null,"isLock":null,"updated":null},{"symbol":"CGNX","date":698342400000,"type":2,"subtype":8,"value":2.0,"recordDate":null,"divPayDate":null,"isLock":null,"updated":null}]}