{"list":[{"symbol":"CII","date":1560355200000,"type":1,"subtype":5,"value":0.0828,"recordDate":null,"divPayDate":null,"isLock":null,"updated":null},{"symbol":"CII","date":1557763200000,"type":1,"subtype":5,"value":0.0828,"recordDate":null,"divPayDate":null,"isLock":null,"updated":null},{"symbol":"CII","date":1554998400000,"type":1,"subtype":5,"value":0.0828,"recordDate":null,"divPayDate":null,"isLock":null,"updated":null},{"symbol":"CII","date":1552492800000,"type":1,"subtype":5,"value":0.0828,"recordDate":null,"divPayDate":null,"isLock":null,"updated":null},{"symbol":"CII","date":1550073600000,"type":1,"subtype":5,"value":0.0828,"recordDate":null,"divPayDate":null,"isLock":null,"updated":null},{"symbol":"CII","date":1547395200000,"type":1,"subtype":5,"value":0.0828,"recordDate":null,"divPayDate":null,"isLock":null,"updated":null},{"symbol":"CII","date":1544716800000,"type":1,"subtype":5,"value":0.0828,"recordDate":null,"divPayDate":null,"isLock":null,"updated":null},{"symbol":"CII","date":1542124800000,"type":1,"subtype":5,"value":0.0828,"recordDate":null,"divPayDate":null,"isLock":null,"updated":null},{"symbol":"CII","date":1539273600000,"type":1,"subtype":5,"value":0.0828,"recordDate":null,"divPayDate":null,"isLock":null,"updated":null},{"symbol":"CII","date":1536768000000,"type":1,"subtype":5,"value":0.0828,"recordDate":null,"divPayDate":null,"isLock":null,"updated":null},{"symbol":"CII","date":1534176000000,"type":1,"subtype":5,"value":0.0828,"recordDate":null,"divPayDate":null,"isLock":null,"updated":null},{"symbol":"CII","date":1531411200000,"type":1,"subtype":5,"value":0.0828,"recordDate":null,"divPayDate":null,"isLock":null,"updated":null},{"symbol":"CII","date":1528905600000,"type":1,"subtype":5,"value":0.0828,"recordDate":null,"divPayDate":null,"isLock":null,"updated":null},{"symbol":"CII","date":1526227200000,"type":1,"subtype":5,"value":0.0828,"recordDate":null,"divPayDate":null,"isLock":null,"updated":null},{"symbol":"CII","date":1523548800000,"type":1,"subtype":5,"value":0.0828,"recordDate":null,"divPayDate":null,"isLock":null,"updated":null},{"symbol":"CII","date":1520956800000,"type":1,"subtype":5,"value":0.0828,"recordDate":1521043200000,"divPayDate":null,"isLock":null,"updated":null},{"symbol":"CII","date":1518537600000,"type":1,"subtype":5,"value":0.0828,"recordDate":1518624000000,"divPayDate":null,"isLock":null,"updated":null},{"symbol":"CII","date":1515686400000,"type":1,"subtype":5,"value":0.0828,"recordDate":1516032000000,"divPayDate":null,"isLock":null,"updated":null},{"symbol":"CII","date":1513267200000,"type":1,"subtype":5,"value":0.0828,"recordDate":1513526400000,"divPayDate":null,"isLock":null,"updated":null},{"symbol":"CII","date":1510588800000,"type":1,"subtype":5,"value":0.0828,"recordDate":1510675200000,"divPayDate":null,"isLock":null,"updated":null},{"symbol":"CII","date":1507824000000,"type":1,"subtype":5,"value":0.0828,"recordDate":1508083200000,"divPayDate":null,"isLock":null,"updated":null},{"symbol":"CII","date":1505318400000,"type":1,"subtype":5,"value":0.0828,"recordDate":1505404800000,"divPayDate":null,"isLock":null,"updated":null},{"symbol":"CII","date":1502380800000,"type":1,"subtype":5,"value":0.0828,"recordDate":1502726400000,"divPayDate":null,"isLock":null,"updated":null},{"symbol":"CII","date":1499788800000,"type":1,"subtype":5,"value":0.0828,"recordDate":1499961600000,"divPayDate":null,"isLock":null,"updated":null},{"symbol":"CII","date":1497283200000,"type":1,"subtype":5,"value":0.0828,"recordDate":1497456000000,"divPayDate":null,"isLock":null,"updated":null},{"symbol":"CII","date":1494432000000,"type":1,"subtype":5,"value":0.0828,"recordDate":1494777600000,"divPayDate":null,"isLock":null,"updated":null},{"symbol":"CII","date":1491840000000,"type":1,"subtype":5,"value":0.0828,"recordDate":1492012800000,"divPayDate":null,"isLock":null,"updated":null},{"symbol":"CII","date":1489334400000,"type":1,"subtype":5,"value":0.0828,"recordDate":1489507200000,"divPayDate":null,"isLock":null,"updated":null},{"symbol":"CII","date":1486915200000,"type":1,"subtype":5,"value":0.0828,"recordDate":1487088000000,"divPayDate":null,"isLock":null,"updated":null},{"symbol":"CII","date":1484064000000,"type":1,"subtype":5,"value":0.0828,"recordDate":1484236800000,"divPayDate":null,"isLock":null,"updated":null},{"symbol":"CII","date":1481731200000,"type":1,"subtype":5,"value":0.0828,"recordDate":1482076800000,"divPayDate":null,"isLock":null,"updated":null},{"symbol":"CII","date":1478707200000,"type":1,"subtype":5,"value":0.0828,"recordDate":1479139200000,"divPayDate":null,"isLock":null,"updated":null},{"symbol":"CII","date":1476201600000,"type":1,"subtype":5,"value":0.0828,"recordDate":1476374400000,"divPayDate":null,"isLock":null,"updated":null},{"symbol":"CII","date":1473696000000,"type":1,"subtype":5,"value":0.1,"recordDate":1473868800000,"divPayDate":null,"isLock":null,"updated":null},{"symbol":"CII","date":1470844800000,"type":1,"subtype":5,"value":0.1,"recordDate":1471190400000,"divPayDate":null,"isLock":null,"updated":null},{"symbol":"CII","date":1468339200000,"type":1,"subtype":5,"value":0.1,"recordDate":1468512000000,"divPayDate":null,"isLock":null,"updated":null},{"symbol":"CII","date":1465747200000,"type":1,"subtype":5,"value":0.1,"recordDate":1465920000000,"divPayDate":null,"isLock":null,"updated":null},{"symbol":"CII","date":1462982400000,"type":1,"subtype":5,"value":0.1,"recordDate":1463328000000,"divPayDate":null,"isLock":null,"updated":null},{"symbol":"CII","date":1460476800000,"type":1,"subtype":5,"value":0.1,"recordDate":1460649600000,"divPayDate":null,"isLock":null,"updated":null},{"symbol":"CII","date":1457625600000,"type":1,"subtype":5,"value":0.1,"recordDate":1457971200000,"divPayDate":null,"isLock":null,"updated":null},{"symbol":"CII","date":1455120000000,"type":1,"subtype":5,"value":0.1,"recordDate":1455552000000,"divPayDate":null,"isLock":null,"updated":null},{"symbol":"CII","date":1452614400000,"type":1,"subtype":5,"value":0.1,"recordDate":1452787200000,"divPayDate":null,"isLock":null,"updated":null},{"symbol":"CII","date":1450195200000,"type":1,"subtype":5,"value":0.1,"recordDate":1450368000000,"divPayDate":null,"isLock":null,"updated":null},{"symbol":"CII","date":1447257600000,"type":1,"subtype":5,"value":0.1,"recordDate":1447603200000,"divPayDate":null,"isLock":null,"updated":null},{"symbol":"CII","date":1444665600000,"type":1,"subtype":5,"value":0.1,"recordDate":1444838400000,"divPayDate":null,"isLock":null,"updated":null},{"symbol":"CII","date":1441900800000,"type":1,"subtype":5,"value":0.1,"recordDate":1442246400000,"divPayDate":null,"isLock":null,"updated":null},{"symbol":"CII","date":1439308800000,"type":1,"subtype":5,"value":0.1,"recordDate":1439481600000,"divPayDate":null,"isLock":null,"updated":null},{"symbol":"CII","date":1436716800000,"type":1,"subtype":5,"value":0.1,"recordDate":1436889600000,"divPayDate":null,"isLock":null,"updated":null},{"symbol":"CII","date":1433952000000,"type":1,"subtype":5,"value":0.1,"recordDate":1434297600000,"divPayDate":null,"isLock":null,"updated":null},{"symbol":"CII","date":1431446400000,"type":1,"subtype":5,"value":0.1,"recordDate":1431619200000,"divPayDate":null,"isLock":null,"updated":null},{"symbol":"CII","date":1428854400000,"type":1,"subtype":5,"value":0.1,"recordDate":1429027200000,"divPayDate":null,"isLock":null,"updated":null},{"symbol":"CII","date":1426003200000,"type":1,"subtype":5,"value":0.1,"recordDate":1426176000000,"divPayDate":null,"isLock":null,"updated":null},{"symbol":"CII","date":1423584000000,"type":1,"subtype":5,"value":0.1,"recordDate":1423756800000,"divPayDate":null,"isLock":null,"updated":null},{"symbol":"CII","date":1421078400000,"type":1,"subtype":5,"value":0.1,"recordDate":1421251200000,"divPayDate":null,"isLock":null,"updated":null},{"symbol":"CII","date":1418832000000,"type":1,"subtype":5,"value":0.1,"recordDate":1419177600000,"divPayDate":null,"isLock":null,"updated":null},{"symbol":"CII","date":1415721600000,"type":1,"subtype":5,"value":0.1,"recordDate":1415894400000,"divPayDate":null,"isLock":null,"updated":null},{"symbol":"CII","date":1412870400000,"type":1,"subtype":5,"value":0.3,"recordDate":1413302400000,"divPayDate":null,"isLock":null,"updated":null},{"symbol":"CII","date":1410364800000,"type":1,"subtype":5,"value":0.1,"recordDate":1410710400000,"divPayDate":null,"isLock":null,"updated":null},{"symbol":"CII","date":1402502400000,"type":1,"subtype":5,"value":0.3,"recordDate":null,"divPayDate":null,"isLock":null,"updated":null},{"symbol":"CII","date":1394553600000,"type":1,"subtype":5,"value":0.3,"recordDate":null,"divPayDate":null,"isLock":null,"updated":null},{"symbol":"CII","date":1387296000000,"type":1,"subtype":5,"value":0.3,"recordDate":null,"divPayDate":null,"isLock":null,"updated":null},{"symbol":"CII","date":1378915200000,"type":1,"subtype":5,"value":0.3,"recordDate":null,"divPayDate":null,"isLock":null,"updated":null},{"symbol":"CII","date":1370966400000,"type":1,"subtype":5,"value":0.3,"recordDate":null,"divPayDate":null,"isLock":null,"updated":null},{"symbol":"CII","date":1363104000000,"type":1,"subtype":5,"value":0.3,"recordDate":null,"divPayDate":null,"isLock":null,"updated":null},{"symbol":"CII","date":1355846400000,"type":1,"subtype":5,"value":0.3,"recordDate":null,"divPayDate":null,"isLock":null,"updated":null},{"symbol":"CII","date":1347379200000,"type":1,"subtype":5,"value":0.3,"recordDate":null,"divPayDate":null,"isLock":null,"updated":null},{"symbol":"CII","date":1339516800000,"type":1,"subtype":5,"value":0.36,"recordDate":null,"divPayDate":null,"isLock":null,"updated":null}]}