{"list":[{"symbol":"CLB","date":1556121600000,"type":1,"subtype":5,"value":0.55,"recordDate":1556208000000,"divPayDate":null,"isLock":null,"updated":null},{"symbol":"CLB","date":1548259200000,"type":1,"subtype":5,"value":0.55,"recordDate":1548345600000,"divPayDate":null,"isLock":null,"updated":null},{"symbol":"CLB","date":1539792000000,"type":1,"subtype":5,"value":0.55,"recordDate":1539878400000,"divPayDate":null,"isLock":null,"updated":null},{"symbol":"CLB","date":1532016000000,"type":1,"subtype":5,"value":0.55,"recordDate":null,"divPayDate":null,"isLock":null,"updated":null},{"symbol":"CLB","date":1524672000000,"type":1,"subtype":5,"value":0.55,"recordDate":1524758400000,"divPayDate":null,"isLock":null,"updated":null},{"symbol":"CLB","date":1516809600000,"type":1,"subtype":5,"value":0.55,"recordDate":1516896000000,"divPayDate":null,"isLock":null,"updated":null},{"symbol":"CLB","date":1508342400000,"type":1,"subtype":5,"value":0.55,"recordDate":null,"divPayDate":null,"isLock":null,"updated":null},{"symbol":"CLB","date":1499875200000,"type":1,"subtype":5,"value":0.55,"recordDate":1500220800000,"divPayDate":null,"isLock":null,"updated":null},{"symbol":"CLB","date":1493136000000,"type":1,"subtype":5,"value":0.55,"recordDate":1493308800000,"divPayDate":null,"isLock":null,"updated":null},{"symbol":"CLB","date":1484668800000,"type":1,"subtype":5,"value":0.55,"recordDate":1484841600000,"divPayDate":null,"isLock":null,"updated":null},{"symbol":"CLB","date":1476806400000,"type":1,"subtype":5,"value":0.55,"recordDate":1476979200000,"divPayDate":null,"isLock":null,"updated":null},{"symbol":"CLB","date":1468425600000,"type":1,"subtype":5,"value":0.55,"recordDate":1468771200000,"divPayDate":null,"isLock":null,"updated":null},{"symbol":"CLB","date":1462118400000,"type":1,"subtype":5,"value":0.55,"recordDate":1462291200000,"divPayDate":null,"isLock":null,"updated":null},{"symbol":"CLB","date":1453219200000,"type":1,"subtype":5,"value":0.55,"recordDate":1453392000000,"divPayDate":null,"isLock":null,"updated":null},{"symbol":"CLB","date":1445356800000,"type":1,"subtype":5,"value":0.55,"recordDate":1445529600000,"divPayDate":null,"isLock":null,"updated":null},{"symbol":"CLB","date":1436889600000,"type":1,"subtype":5,"value":0.55,"recordDate":1437062400000,"divPayDate":null,"isLock":null,"updated":null},{"symbol":"CLB","date":1429632000000,"type":1,"subtype":5,"value":0.55,"recordDate":1429804800000,"divPayDate":null,"isLock":null,"updated":null},{"symbol":"CLB","date":1421769600000,"type":1,"subtype":5,"value":0.55,"recordDate":1421942400000,"divPayDate":null,"isLock":null,"updated":null},{"symbol":"CLB","date":1413302400000,"type":1,"subtype":5,"value":0.5,"recordDate":1413475200000,"divPayDate":null,"isLock":null,"updated":null},{"symbol":"CLB","date":1405440000000,"type":1,"subtype":5,"value":0.5,"recordDate":1405612800000,"divPayDate":null,"isLock":null,"updated":null},{"symbol":"CLB","date":1398182400000,"type":1,"subtype":5,"value":0.5,"recordDate":null,"divPayDate":null,"isLock":null,"updated":null},{"symbol":"CLB","date":1390320000000,"type":1,"subtype":5,"value":0.5,"recordDate":null,"divPayDate":null,"isLock":null,"updated":null},{"symbol":"CLB","date":1381852800000,"type":1,"subtype":5,"value":0.32,"recordDate":null,"divPayDate":null,"isLock":null,"updated":null},{"symbol":"CLB","date":1373990400000,"type":1,"subtype":5,"value":0.32,"recordDate":null,"divPayDate":null,"isLock":null,"updated":null},{"symbol":"CLB","date":1366732800000,"type":1,"subtype":5,"value":0.32,"recordDate":null,"divPayDate":null,"isLock":null,"updated":null},{"symbol":"CLB","date":1358352000000,"type":1,"subtype":5,"value":0.32,"recordDate":null,"divPayDate":null,"isLock":null,"updated":null},{"symbol":"CLB","date":1350403200000,"type":1,"subtype":5,"value":0.28,"recordDate":null,"divPayDate":null,"isLock":null,"updated":null},{"symbol":"CLB","date":1342540800000,"type":1,"subtype":5,"value":0.28,"recordDate":null,"divPayDate":null,"isLock":null,"updated":null},{"symbol":"CLB","date":1278604800000,"type":2,"subtype":8,"value":2.0,"recordDate":1437062400000,"divPayDate":null,"isLock":null,"updated":null},{"symbol":"CLB","date":882720000000,"type":2,"subtype":8,"value":2.0,"recordDate":null,"divPayDate":null,"isLock":null,"updated":null}]}