{"list":[{"symbol":"CLDT","date":1561564800000,"type":1,"subtype":5,"value":0.11,"recordDate":1561651200000,"divPayDate":null,"isLock":null,"updated":null},{"symbol":"CLDT","date":1559145600000,"type":1,"subtype":5,"value":0.11,"recordDate":1559232000000,"divPayDate":null,"isLock":null,"updated":null},{"symbol":"CLDT","date":1556467200000,"type":1,"subtype":5,"value":0.11,"recordDate":1556553600000,"divPayDate":null,"isLock":null,"updated":null},{"symbol":"CLDT","date":1553702400000,"type":1,"subtype":5,"value":0.11,"recordDate":1553788800000,"divPayDate":null,"isLock":null,"updated":null},{"symbol":"CLDT","date":1551196800000,"type":1,"subtype":5,"value":0.11,"recordDate":1551283200000,"divPayDate":null,"isLock":null,"updated":null},{"symbol":"CLDT","date":1548777600000,"type":1,"subtype":5,"value":0.11,"recordDate":1548864000000,"divPayDate":null,"isLock":null,"updated":null},{"symbol":"CLDT","date":1545926400000,"type":1,"subtype":5,"value":0.11,"recordDate":1546185600000,"divPayDate":null,"isLock":null,"updated":null},{"symbol":"CLDT","date":1543420800000,"type":1,"subtype":5,"value":0.11,"recordDate":1543507200000,"divPayDate":null,"isLock":null,"updated":null},{"symbol":"CLDT","date":1540828800000,"type":1,"subtype":5,"value":0.11,"recordDate":1540915200000,"divPayDate":null,"isLock":null,"updated":null},{"symbol":"CLDT","date":1537977600000,"type":1,"subtype":5,"value":0.11,"recordDate":1538064000000,"divPayDate":null,"isLock":null,"updated":null},{"symbol":"CLDT","date":1535558400000,"type":1,"subtype":5,"value":0.11,"recordDate":1535644800000,"divPayDate":null,"isLock":null,"updated":null},{"symbol":"CLDT","date":1532880000000,"type":1,"subtype":5,"value":0.11,"recordDate":1532966400000,"divPayDate":null,"isLock":null,"updated":null},{"symbol":"CLDT","date":1530115200000,"type":1,"subtype":5,"value":0.11,"recordDate":null,"divPayDate":null,"isLock":null,"updated":null},{"symbol":"CLDT","date":1527609600000,"type":1,"subtype":5,"value":0.11,"recordDate":1527696000000,"divPayDate":null,"isLock":null,"updated":null},{"symbol":"CLDT","date":1524758400000,"type":1,"subtype":5,"value":0.11,"recordDate":1525017600000,"divPayDate":null,"isLock":null,"updated":null},{"symbol":"CLDT","date":1522166400000,"type":1,"subtype":5,"value":0.11,"recordDate":1522252800000,"divPayDate":null,"isLock":null,"updated":null},{"symbol":"CLDT","date":1519660800000,"type":1,"subtype":5,"value":0.11,"recordDate":1519747200000,"divPayDate":null,"isLock":null,"updated":null},{"symbol":"CLDT","date":1517241600000,"type":1,"subtype":5,"value":0.11,"recordDate":1517328000000,"divPayDate":null,"isLock":null,"updated":null},{"symbol":"CLDT","date":1514390400000,"type":1,"subtype":5,"value":0.11,"recordDate":1514476800000,"divPayDate":null,"isLock":null,"updated":null},{"symbol":"CLDT","date":1511884800000,"type":1,"subtype":5,"value":0.11,"recordDate":1511971200000,"divPayDate":null,"isLock":null,"updated":null},{"symbol":"CLDT","date":1509292800000,"type":1,"subtype":5,"value":0.11,"recordDate":1509379200000,"divPayDate":null,"isLock":null,"updated":null},{"symbol":"CLDT","date":1506528000000,"type":1,"subtype":5,"value":0.11,"recordDate":1506614400000,"divPayDate":null,"isLock":null,"updated":null},{"symbol":"CLDT","date":1503936000000,"type":1,"subtype":5,"value":0.11,"recordDate":1504108800000,"divPayDate":null,"isLock":null,"updated":null},{"symbol":"CLDT","date":1501084800000,"type":1,"subtype":5,"value":0.11,"recordDate":1501430400000,"divPayDate":null,"isLock":null,"updated":null},{"symbol":"CLDT","date":1498579200000,"type":1,"subtype":5,"value":0.11,"recordDate":1498752000000,"divPayDate":null,"isLock":null,"updated":null},{"symbol":"CLDT","date":1495728000000,"type":1,"subtype":5,"value":0.11,"recordDate":1496160000000,"divPayDate":null,"isLock":null,"updated":null},{"symbol":"CLDT","date":1493136000000,"type":1,"subtype":5,"value":0.11,"recordDate":1493308800000,"divPayDate":null,"isLock":null,"updated":null},{"symbol":"CLDT","date":1490716800000,"type":1,"subtype":5,"value":0.11,"recordDate":1490889600000,"divPayDate":null,"isLock":null,"updated":null},{"symbol":"CLDT","date":1487865600000,"type":1,"subtype":5,"value":0.11,"recordDate":1488211200000,"divPayDate":null,"isLock":null,"updated":null},{"symbol":"CLDT","date":1485446400000,"type":1,"subtype":5,"value":0.11,"recordDate":1485792000000,"divPayDate":null,"isLock":null,"updated":null},{"symbol":"CLDT","date":1482854400000,"type":1,"subtype":5,"value":0.11,"recordDate":1483027200000,"divPayDate":null,"isLock":null,"updated":null},{"symbol":"CLDT","date":1480262400000,"type":1,"subtype":5,"value":0.11,"recordDate":1480435200000,"divPayDate":null,"isLock":null,"updated":null},{"symbol":"CLDT","date":1477497600000,"type":1,"subtype":5,"value":0.11,"recordDate":1477843200000,"divPayDate":null,"isLock":null,"updated":null},{"symbol":"CLDT","date":1474992000000,"type":1,"subtype":5,"value":0.11,"recordDate":1475164800000,"divPayDate":null,"isLock":null,"updated":null},{"symbol":"CLDT","date":1472400000000,"type":1,"subtype":5,"value":0.11,"recordDate":1472572800000,"divPayDate":null,"isLock":null,"updated":null},{"symbol":"CLDT","date":1469548800000,"type":1,"subtype":5,"value":0.11,"recordDate":1469721600000,"divPayDate":null,"isLock":null,"updated":null},{"symbol":"CLDT","date":1467043200000,"type":1,"subtype":5,"value":0.11,"recordDate":1467216000000,"divPayDate":null,"isLock":null,"updated":null},{"symbol":"CLDT","date":1464192000000,"type":1,"subtype":5,"value":0.11,"recordDate":1464624000000,"divPayDate":null,"isLock":null,"updated":null},{"symbol":"CLDT","date":1461686400000,"type":1,"subtype":5,"value":0.11,"recordDate":1461859200000,"divPayDate":null,"isLock":null,"updated":null},{"symbol":"CLDT","date":1459180800000,"type":1,"subtype":5,"value":0.11,"recordDate":1459353600000,"divPayDate":null,"isLock":null,"updated":null},{"symbol":"CLDT","date":1456329600000,"type":1,"subtype":5,"value":0.1,"recordDate":1456675200000,"divPayDate":null,"isLock":null,"updated":null},{"symbol":"CLDT","date":1453824000000,"type":1,"subtype":5,"value":0.1,"recordDate":1453996800000,"divPayDate":null,"isLock":null,"updated":null},{"symbol":"CLDT","date":1452614400000,"type":1,"subtype":5,"value":0.08,"recordDate":1452787200000,"divPayDate":null,"isLock":null,"updated":null},{"symbol":"CLDT","date":1451318400000,"type":1,"subtype":5,"value":0.1,"recordDate":1451491200000,"divPayDate":null,"isLock":null,"updated":null},{"symbol":"CLDT","date":1448380800000,"type":1,"subtype":5,"value":0.1,"recordDate":1448812800000,"divPayDate":null,"isLock":null,"updated":null},{"symbol":"CLDT","date":1445961600000,"type":1,"subtype":5,"value":0.1,"recordDate":1446134400000,"divPayDate":null,"isLock":null,"updated":null},{"symbol":"CLDT","date":1443369600000,"type":1,"subtype":5,"value":0.1,"recordDate":1443542400000,"divPayDate":null,"isLock":null,"updated":null},{"symbol":"CLDT","date":1440604800000,"type":1,"subtype":5,"value":0.1,"recordDate":1440950400000,"divPayDate":null,"isLock":null,"updated":null},{"symbol":"CLDT","date":1438099200000,"type":1,"subtype":5,"value":0.1,"recordDate":1438272000000,"divPayDate":null,"isLock":null,"updated":null},{"symbol":"CLDT","date":1435248000000,"type":1,"subtype":5,"value":0.1,"recordDate":1435593600000,"divPayDate":null,"isLock":null,"updated":null},{"symbol":"CLDT","date":1432656000000,"type":1,"subtype":5,"value":0.1,"recordDate":1432828800000,"divPayDate":null,"isLock":null,"updated":null},{"symbol":"CLDT","date":1430150400000,"type":1,"subtype":5,"value":0.1,"recordDate":1430323200000,"divPayDate":null,"isLock":null,"updated":null},{"symbol":"CLDT","date":1427385600000,"type":1,"subtype":5,"value":0.1,"recordDate":1427731200000,"divPayDate":null,"isLock":null,"updated":null},{"symbol":"CLDT","date":1424793600000,"type":1,"subtype":5,"value":0.1,"recordDate":1424966400000,"divPayDate":null,"isLock":null,"updated":null},{"symbol":"CLDT","date":1422374400000,"type":1,"subtype":5,"value":0.1,"recordDate":1422547200000,"divPayDate":null,"isLock":null,"updated":null},{"symbol":"CLDT","date":1419782400000,"type":1,"subtype":5,"value":0.08,"recordDate":1419955200000,"divPayDate":null,"isLock":null,"updated":null},{"symbol":"CLDT","date":1416844800000,"type":1,"subtype":5,"value":0.08,"recordDate":1417104000000,"divPayDate":null,"isLock":null,"updated":null},{"symbol":"CLDT","date":1414512000000,"type":1,"subtype":5,"value":0.08,"recordDate":1414684800000,"divPayDate":null,"isLock":null,"updated":null},{"symbol":"CLDT","date":1411660800000,"type":1,"subtype":5,"value":0.08,"recordDate":1412006400000,"divPayDate":null,"isLock":null,"updated":null},{"symbol":"CLDT","date":1409068800000,"type":1,"subtype":5,"value":0.08,"recordDate":1409241600000,"divPayDate":null,"isLock":null,"updated":null},{"symbol":"CLDT","date":1406563200000,"type":1,"subtype":5,"value":0.08,"recordDate":1406736000000,"divPayDate":null,"isLock":null,"updated":null},{"symbol":"CLDT","date":1403712000000,"type":1,"subtype":5,"value":0.08,"recordDate":null,"divPayDate":null,"isLock":null,"updated":null},{"symbol":"CLDT","date":1401206400000,"type":1,"subtype":5,"value":0.08,"recordDate":null,"divPayDate":null,"isLock":null,"updated":null},{"symbol":"CLDT","date":1398614400000,"type":1,"subtype":5,"value":0.08,"recordDate":null,"divPayDate":null,"isLock":null,"updated":null},{"symbol":"CLDT","date":1395849600000,"type":1,"subtype":5,"value":0.07,"recordDate":null,"divPayDate":null,"isLock":null,"updated":null},{"symbol":"CLDT","date":1393344000000,"type":1,"subtype":5,"value":0.07,"recordDate":null,"divPayDate":null,"isLock":null,"updated":null},{"symbol":"CLDT","date":1390924800000,"type":1,"subtype":5,"value":0.07,"recordDate":null,"divPayDate":null,"isLock":null,"updated":null},{"symbol":"CLDT","date":1388073600000,"type":1,"subtype":5,"value":0.07,"recordDate":null,"divPayDate":null,"isLock":null,"updated":null},{"symbol":"CLDT","date":1385395200000,"type":1,"subtype":5,"value":0.07,"recordDate":null,"divPayDate":null,"isLock":null,"updated":null},{"symbol":"CLDT","date":1382976000000,"type":1,"subtype":5,"value":0.07,"recordDate":null,"divPayDate":null,"isLock":null,"updated":null},{"symbol":"CLDT","date":1380124800000,"type":1,"subtype":5,"value":0.07,"recordDate":null,"divPayDate":null,"isLock":null,"updated":null},{"symbol":"CLDT","date":1377619200000,"type":1,"subtype":5,"value":0.07,"recordDate":null,"divPayDate":null,"isLock":null,"updated":null},{"symbol":"CLDT","date":1375027200000,"type":1,"subtype":5,"value":0.07,"recordDate":null,"divPayDate":null,"isLock":null,"updated":null},{"symbol":"CLDT","date":1372176000000,"type":1,"subtype":5,"value":0.07,"recordDate":null,"divPayDate":null,"isLock":null,"updated":null},{"symbol":"CLDT","date":1369756800000,"type":1,"subtype":5,"value":0.07,"recordDate":null,"divPayDate":null,"isLock":null,"updated":null},{"symbol":"CLDT","date":1366905600000,"type":1,"subtype":5,"value":0.07,"recordDate":null,"divPayDate":null,"isLock":null,"updated":null},{"symbol":"CLDT","date":1364227200000,"type":1,"subtype":5,"value":0.07,"recordDate":null,"divPayDate":null,"isLock":null,"updated":null},{"symbol":"CLDT","date":1361808000000,"type":1,"subtype":5,"value":0.07,"recordDate":null,"divPayDate":null,"isLock":null,"updated":null},{"symbol":"CLDT","date":1359388800000,"type":1,"subtype":5,"value":0.07,"recordDate":null,"divPayDate":null,"isLock":null,"updated":null},{"symbol":"CLDT","date":1356537600000,"type":1,"subtype":5,"value":0.2,"recordDate":null,"divPayDate":null,"isLock":null,"updated":null},{"symbol":"CLDT","date":1348588800000,"type":1,"subtype":5,"value":0.2,"recordDate":null,"divPayDate":null,"isLock":null,"updated":null},{"symbol":"CLDT","date":1340726400000,"type":1,"subtype":5,"value":0.2,"recordDate":null,"divPayDate":null,"isLock":null,"updated":null}]}