{"list":[{"symbol":"CLSN","date":1496073600000,"type":2,"subtype":7,"value":0.07143,"recordDate":null,"divPayDate":null,"isLock":null,"updated":null},{"symbol":"CLSN","date":1495728000000,"type":2,"subtype":7,"value":0.07143,"recordDate":1380816000000,"divPayDate":null,"isLock":null,"updated":null},{"symbol":"CLSN","date":1382976000000,"type":2,"subtype":7,"value":0.22222,"recordDate":1380816000000,"divPayDate":null,"isLock":null,"updated":null},{"symbol":"CLSN","date":1141056000000,"type":2,"subtype":7,"value":0.06667,"recordDate":null,"divPayDate":null,"isLock":null,"updated":null}]}