{"list":[{"symbol":"CNMD","date":1560355200000,"type":1,"subtype":5,"value":0.2,"recordDate":1560441600000,"divPayDate":null,"isLock":null,"updated":null},{"symbol":"CNMD","date":1552492800000,"type":1,"subtype":5,"value":0.2,"recordDate":1552579200000,"divPayDate":null,"isLock":null,"updated":null},{"symbol":"CNMD","date":1544630400000,"type":1,"subtype":5,"value":0.2,"recordDate":1544716800000,"divPayDate":null,"isLock":null,"updated":null},{"symbol":"CNMD","date":1536768000000,"type":1,"subtype":5,"value":0.2,"recordDate":1536854400000,"divPayDate":null,"isLock":null,"updated":null},{"symbol":"CNMD","date":1528905600000,"type":1,"subtype":5,"value":0.2,"recordDate":1528992000000,"divPayDate":null,"isLock":null,"updated":null},{"symbol":"CNMD","date":1520956800000,"type":1,"subtype":5,"value":0.2,"recordDate":1521043200000,"divPayDate":null,"isLock":null,"updated":null},{"symbol":"CNMD","date":1513180800000,"type":1,"subtype":5,"value":0.2,"recordDate":1513267200000,"divPayDate":null,"isLock":null,"updated":null},{"symbol":"CNMD","date":1505318400000,"type":1,"subtype":5,"value":0.2,"recordDate":1505404800000,"divPayDate":null,"isLock":null,"updated":null},{"symbol":"CNMD","date":1497283200000,"type":1,"subtype":5,"value":0.2,"recordDate":1497456000000,"divPayDate":null,"isLock":null,"updated":null},{"symbol":"CNMD","date":1489334400000,"type":1,"subtype":5,"value":0.2,"recordDate":1489507200000,"divPayDate":null,"isLock":null,"updated":null},{"symbol":"CNMD","date":1481558400000,"type":1,"subtype":5,"value":0.2,"recordDate":1481731200000,"divPayDate":null,"isLock":null,"updated":null},{"symbol":"CNMD","date":1473696000000,"type":1,"subtype":5,"value":0.2,"recordDate":1473868800000,"divPayDate":null,"isLock":null,"updated":null},{"symbol":"CNMD","date":1465747200000,"type":1,"subtype":5,"value":0.2,"recordDate":1465920000000,"divPayDate":null,"isLock":null,"updated":null},{"symbol":"CNMD","date":1457625600000,"type":1,"subtype":5,"value":0.2,"recordDate":1457971200000,"divPayDate":null,"isLock":null,"updated":null},{"symbol":"CNMD","date":1449763200000,"type":1,"subtype":5,"value":0.2,"recordDate":1450108800000,"divPayDate":null,"isLock":null,"updated":null},{"symbol":"CNMD","date":1441900800000,"type":1,"subtype":5,"value":0.2,"recordDate":1442246400000,"divPayDate":null,"isLock":null,"updated":null},{"symbol":"CNMD","date":1441123200000,"type":1,"subtype":5,"value":0.2,"recordDate":1442246400000,"divPayDate":null,"isLock":null,"updated":null},{"symbol":"CNMD","date":1433952000000,"type":1,"subtype":5,"value":0.2,"recordDate":1434297600000,"divPayDate":null,"isLock":null,"updated":null},{"symbol":"CNMD","date":1426089600000,"type":1,"subtype":5,"value":0.2,"recordDate":1426435200000,"divPayDate":null,"isLock":null,"updated":null},{"symbol":"CNMD","date":1418227200000,"type":1,"subtype":5,"value":0.2,"recordDate":1418572800000,"divPayDate":null,"isLock":null,"updated":null},{"symbol":"CNMD","date":1410364800000,"type":1,"subtype":5,"value":0.2,"recordDate":1410710400000,"divPayDate":null,"isLock":null,"updated":null},{"symbol":"CNMD","date":1402502400000,"type":1,"subtype":5,"value":0.2,"recordDate":null,"divPayDate":null,"isLock":null,"updated":null},{"symbol":"CNMD","date":1394640000000,"type":1,"subtype":5,"value":0.2,"recordDate":null,"divPayDate":null,"isLock":null,"updated":null},{"symbol":"CNMD","date":1386777600000,"type":1,"subtype":5,"value":0.2,"recordDate":null,"divPayDate":null,"isLock":null,"updated":null},{"symbol":"CNMD","date":1378915200000,"type":1,"subtype":5,"value":0.15,"recordDate":null,"divPayDate":null,"isLock":null,"updated":null},{"symbol":"CNMD","date":1371052800000,"type":1,"subtype":5,"value":0.15,"recordDate":null,"divPayDate":null,"isLock":null,"updated":null},{"symbol":"CNMD","date":1363104000000,"type":1,"subtype":5,"value":0.15,"recordDate":null,"divPayDate":null,"isLock":null,"updated":null},{"symbol":"CNMD","date":1355328000000,"type":1,"subtype":5,"value":0.15,"recordDate":null,"divPayDate":null,"isLock":null,"updated":null},{"symbol":"CNMD","date":1347379200000,"type":1,"subtype":5,"value":0.15,"recordDate":null,"divPayDate":null,"isLock":null,"updated":null},{"symbol":"CNMD","date":1339516800000,"type":1,"subtype":5,"value":0.15,"recordDate":null,"divPayDate":null,"isLock":null,"updated":null},{"symbol":"CNMD","date":1000051200000,"type":2,"subtype":8,"value":1.5,"recordDate":1434297600000,"divPayDate":null,"isLock":null,"updated":null},{"symbol":"CNMD","date":817747200000,"type":2,"subtype":8,"value":1.5,"recordDate":null,"divPayDate":null,"isLock":null,"updated":null},{"symbol":"CNMD","date":788544000000,"type":2,"subtype":8,"value":1.5,"recordDate":null,"divPayDate":null,"isLock":null,"updated":null}]}