{"list":[{"symbol":"COHR","date":1355673600000,"type":1,"subtype":5,"value":1.0,"recordDate":null,"divPayDate":null,"isLock":null,"updated":null},{"symbol":"COHR","date":888768000000,"type":2,"subtype":8,"value":2.0,"recordDate":1355846400000,"divPayDate":null,"isLock":null,"updated":null},{"symbol":"COHR","date":465408000000,"type":2,"subtype":8,"value":1.5,"recordDate":null,"divPayDate":null,"isLock":null,"updated":null},{"symbol":"COHR","date":420652800000,"type":2,"subtype":8,"value":1.5,"recordDate":null,"divPayDate":null,"isLock":null,"updated":null}]}