{"list":[{"symbol":"COTY","date":1559664000000,"type":1,"subtype":5,"value":0.125,"recordDate":1559750400000,"divPayDate":null,"isLock":null,"updated":null},{"symbol":"COTY","date":1551196800000,"type":1,"subtype":5,"value":0.125,"recordDate":1551283200000,"divPayDate":null,"isLock":null,"updated":null},{"symbol":"COTY","date":1543420800000,"type":1,"subtype":5,"value":0.125,"recordDate":1543507200000,"divPayDate":null,"isLock":null,"updated":null},{"symbol":"COTY","date":1535558400000,"type":1,"subtype":5,"value":0.125,"recordDate":1535644800000,"divPayDate":null,"isLock":null,"updated":null},{"symbol":"COTY","date":1527609600000,"type":1,"subtype":5,"value":0.125,"recordDate":1527696000000,"divPayDate":null,"isLock":null,"updated":null},{"symbol":"COTY","date":1519660800000,"type":1,"subtype":5,"value":0.125,"recordDate":1519747200000,"divPayDate":null,"isLock":null,"updated":null},{"symbol":"COTY","date":1511884800000,"type":1,"subtype":5,"value":0.125,"recordDate":1511971200000,"divPayDate":null,"isLock":null,"updated":null},{"symbol":"COTY","date":1504022400000,"type":1,"subtype":5,"value":0.125,"recordDate":1504195200000,"divPayDate":null,"isLock":null,"updated":null},{"symbol":"COTY","date":1495728000000,"type":1,"subtype":5,"value":0.125,"recordDate":1496160000000,"divPayDate":null,"isLock":null,"updated":null},{"symbol":"COTY","date":1487865600000,"type":1,"subtype":5,"value":0.125,"recordDate":1488211200000,"divPayDate":null,"isLock":null,"updated":null},{"symbol":"COTY","date":1481731200000,"type":1,"subtype":5,"value":0.125,"recordDate":1482076800000,"divPayDate":null,"isLock":null,"updated":null},{"symbol":"COTY","date":1470672000000,"type":1,"subtype":5,"value":0.275,"recordDate":1470844800000,"divPayDate":null,"isLock":null,"updated":null},{"symbol":"COTY","date":1443456000000,"type":1,"subtype":5,"value":0.25,"recordDate":1443628800000,"divPayDate":null,"isLock":null,"updated":null},{"symbol":"COTY","date":1411920000000,"type":1,"subtype":5,"value":0.2,"recordDate":1412092800000,"divPayDate":null,"isLock":null,"updated":null},{"symbol":"COTY","date":1381248000000,"type":1,"subtype":5,"value":0.2,"recordDate":null,"divPayDate":null,"isLock":null,"updated":null}]}