{"list":[{"symbol":"CRI","date":1558972800000,"type":1,"subtype":5,"value":0.5,"recordDate":1559059200000,"divPayDate":null,"isLock":null,"updated":null},{"symbol":"CRI","date":1552233600000,"type":1,"subtype":5,"value":0.5,"recordDate":1552320000000,"divPayDate":null,"isLock":null,"updated":null},{"symbol":"CRI","date":1543161600000,"type":1,"subtype":5,"value":0.45,"recordDate":1543248000000,"divPayDate":null,"isLock":null,"updated":null},{"symbol":"CRI","date":1535040000000,"type":1,"subtype":5,"value":0.45,"recordDate":1535299200000,"divPayDate":null,"isLock":null,"updated":null},{"symbol":"CRI","date":1527177600000,"type":1,"subtype":5,"value":0.45,"recordDate":1527523200000,"divPayDate":null,"isLock":null,"updated":null},{"symbol":"CRI","date":1520524800000,"type":1,"subtype":5,"value":0.45,"recordDate":1520784000000,"divPayDate":null,"isLock":null,"updated":null},{"symbol":"CRI","date":1510848000000,"type":1,"subtype":5,"value":0.37,"recordDate":1511107200000,"divPayDate":null,"isLock":null,"updated":null},{"symbol":"CRI","date":1503590400000,"type":1,"subtype":5,"value":0.37,"recordDate":1503936000000,"divPayDate":null,"isLock":null,"updated":null},{"symbol":"CRI","date":1495641600000,"type":1,"subtype":5,"value":0.37,"recordDate":1496073600000,"divPayDate":null,"isLock":null,"updated":null},{"symbol":"CRI","date":1488902400000,"type":1,"subtype":5,"value":0.37,"recordDate":1489075200000,"divPayDate":null,"isLock":null,"updated":null},{"symbol":"CRI","date":1479312000000,"type":1,"subtype":5,"value":0.33,"recordDate":1479657600000,"divPayDate":null,"isLock":null,"updated":null},{"symbol":"CRI","date":1472140800000,"type":1,"subtype":5,"value":0.33,"recordDate":1472486400000,"divPayDate":null,"isLock":null,"updated":null},{"symbol":"CRI","date":1463587200000,"type":1,"subtype":5,"value":0.33,"recordDate":1463932800000,"divPayDate":null,"isLock":null,"updated":null},{"symbol":"CRI","date":1457452800000,"type":1,"subtype":5,"value":0.33,"recordDate":1457625600000,"divPayDate":null,"isLock":null,"updated":null},{"symbol":"CRI","date":1447862400000,"type":1,"subtype":5,"value":0.22,"recordDate":1448208000000,"divPayDate":null,"isLock":null,"updated":null},{"symbol":"CRI","date":1440691200000,"type":1,"subtype":5,"value":0.22,"recordDate":1441036800000,"divPayDate":null,"isLock":null,"updated":null},{"symbol":"CRI","date":1431964800000,"type":1,"subtype":5,"value":0.22,"recordDate":1432137600000,"divPayDate":null,"isLock":null,"updated":null},{"symbol":"CRI","date":1425571200000,"type":1,"subtype":5,"value":0.22,"recordDate":1425916800000,"divPayDate":null,"isLock":null,"updated":null},{"symbol":"CRI","date":1416499200000,"type":1,"subtype":5,"value":0.19,"recordDate":1416844800000,"divPayDate":null,"isLock":null,"updated":null},{"symbol":"CRI","date":1409155200000,"type":1,"subtype":5,"value":0.19,"recordDate":1409587200000,"divPayDate":null,"isLock":null,"updated":null},{"symbol":"CRI","date":1401120000000,"type":1,"subtype":5,"value":0.19,"recordDate":null,"divPayDate":null,"isLock":null,"updated":null},{"symbol":"CRI","date":1394035200000,"type":1,"subtype":5,"value":0.19,"recordDate":null,"divPayDate":null,"isLock":null,"updated":null},{"symbol":"CRI","date":1385395200000,"type":1,"subtype":5,"value":0.16,"recordDate":null,"divPayDate":null,"isLock":null,"updated":null},{"symbol":"CRI","date":1377705600000,"type":1,"subtype":5,"value":0.16,"recordDate":null,"divPayDate":null,"isLock":null,"updated":null},{"symbol":"CRI","date":1369756800000,"type":1,"subtype":5,"value":0.16,"recordDate":null,"divPayDate":null,"isLock":null,"updated":null},{"symbol":"CRI","date":1149609600000,"type":2,"subtype":8,"value":2.0,"recordDate":1432137600000,"divPayDate":null,"isLock":null,"updated":null}]}