{"list":[{"symbol":"CSTR","date":1557331200000,"type":1,"subtype":5,"value":0.05,"recordDate":1557417600000,"divPayDate":null,"isLock":null,"updated":null},{"symbol":"CSTR","date":1549209600000,"type":1,"subtype":5,"value":0.04,"recordDate":1549296000000,"divPayDate":null,"isLock":null,"updated":null},{"symbol":"CSTR","date":1540828800000,"type":1,"subtype":5,"value":0.04,"recordDate":1540915200000,"divPayDate":null,"isLock":null,"updated":null},{"symbol":"CSTR","date":1532880000000,"type":1,"subtype":5,"value":0.04,"recordDate":1532966400000,"divPayDate":null,"isLock":null,"updated":null}]}