{"list":[{"symbol":"CTAS","date":1541606400000,"type":1,"subtype":5,"value":2.05,"recordDate":1541692800000,"divPayDate":null,"isLock":null,"updated":null},{"symbol":"CTAS","date":1510156800000,"type":1,"subtype":5,"value":1.62,"recordDate":1510243200000,"divPayDate":null,"isLock":null,"updated":null},{"symbol":"CTAS","date":1478016000000,"type":1,"subtype":5,"value":1.33,"recordDate":1478188800000,"divPayDate":null,"isLock":null,"updated":null},{"symbol":"CTAS","date":1446566400000,"type":1,"subtype":5,"value":1.05,"recordDate":1446739200000,"divPayDate":null,"isLock":null,"updated":null},{"symbol":"CTAS","date":1415116800000,"type":1,"subtype":5,"value":1.7,"recordDate":1415289600000,"divPayDate":null,"isLock":null,"updated":null},{"symbol":"CTAS","date":1383667200000,"type":1,"subtype":5,"value":0.77,"recordDate":null,"divPayDate":null,"isLock":null,"updated":null},{"symbol":"CTAS","date":1352217600000,"type":1,"subtype":5,"value":0.64,"recordDate":null,"divPayDate":null,"isLock":null,"updated":null},{"symbol":"CTAS","date":1320681600000,"type":1,"subtype":5,"value":0.54,"recordDate":null,"divPayDate":null,"isLock":null,"updated":null},{"symbol":"CTAS","date":952444800000,"type":2,"subtype":8,"value":1.5,"recordDate":1415289600000,"divPayDate":null,"isLock":null,"updated":null},{"symbol":"CTAS","date":879868800000,"type":2,"subtype":8,"value":2.0,"recordDate":null,"divPayDate":null,"isLock":null,"updated":null},{"symbol":"CTAS","date":702230400000,"type":2,"subtype":8,"value":2.0,"recordDate":null,"divPayDate":null,"isLock":null,"updated":null}]}