{"list":[{"symbol":"CTXS","date":1559750400000,"type":1,"subtype":5,"value":0.35,"recordDate":1559836800000,"divPayDate":null,"isLock":null,"updated":null},{"symbol":"CTXS","date":1551888000000,"type":1,"subtype":5,"value":0.35,"recordDate":1551974400000,"divPayDate":null,"isLock":null,"updated":null},{"symbol":"CTXS","date":1544025600000,"type":1,"subtype":5,"value":0.35,"recordDate":1544112000000,"divPayDate":null,"isLock":null,"updated":null},{"symbol":"CTXS","date":1485878400000,"type":2,"subtype":8,"value":2.0,"recordDate":null,"divPayDate":null,"isLock":null,"updated":null},{"symbol":"CTXS","date":950716800000,"type":2,"subtype":8,"value":2.0,"recordDate":1343664000000,"divPayDate":null,"isLock":null,"updated":null},{"symbol":"CTXS","date":922377600000,"type":2,"subtype":8,"value":2.0,"recordDate":null,"divPayDate":null,"isLock":null,"updated":null},{"symbol":"CTXS","date":888163200000,"type":2,"subtype":8,"value":1.5,"recordDate":null,"divPayDate":null,"isLock":null,"updated":null}]}