{"list":[{"symbol":"CUB","date":1551283200000,"type":1,"subtype":5,"value":0.135,"recordDate":1551369600000,"divPayDate":null,"isLock":null,"updated":null},{"symbol":"CUB","date":1535472000000,"type":1,"subtype":5,"value":0.135,"recordDate":1535558400000,"divPayDate":null,"isLock":null,"updated":null},{"symbol":"CUB","date":1519747200000,"type":1,"subtype":5,"value":0.135,"recordDate":1519833600000,"divPayDate":null,"isLock":null,"updated":null},{"symbol":"CUB","date":1504022400000,"type":1,"subtype":5,"value":0.135,"recordDate":1504195200000,"divPayDate":null,"isLock":null,"updated":null},{"symbol":"CUB","date":1488297600000,"type":1,"subtype":5,"value":0.135,"recordDate":1488470400000,"divPayDate":null,"isLock":null,"updated":null},{"symbol":"CUB","date":1472400000000,"type":1,"subtype":5,"value":0.135,"recordDate":1472572800000,"divPayDate":null,"isLock":null,"updated":null},{"symbol":"CUB","date":1456934400000,"type":1,"subtype":5,"value":0.135,"recordDate":1457280000000,"divPayDate":null,"isLock":null,"updated":null},{"symbol":"CUB","date":1439481600000,"type":1,"subtype":5,"value":0.135,"recordDate":1439827200000,"divPayDate":null,"isLock":null,"updated":null},{"symbol":"CUB","date":1425484800000,"type":1,"subtype":5,"value":0.135,"recordDate":1425830400000,"divPayDate":null,"isLock":null,"updated":null},{"symbol":"CUB","date":1407340800000,"type":1,"subtype":5,"value":0.12,"recordDate":1407686400000,"divPayDate":null,"isLock":null,"updated":null},{"symbol":"CUB","date":1393430400000,"type":1,"subtype":5,"value":0.12,"recordDate":null,"divPayDate":null,"isLock":null,"updated":null},{"symbol":"CUB","date":1376582400000,"type":1,"subtype":5,"value":0.12,"recordDate":null,"divPayDate":null,"isLock":null,"updated":null},{"symbol":"CUB","date":1361376000000,"type":1,"subtype":5,"value":0.12,"recordDate":null,"divPayDate":null,"isLock":null,"updated":null},{"symbol":"CUB","date":1345564800000,"type":1,"subtype":5,"value":0.12,"recordDate":null,"divPayDate":null,"isLock":null,"updated":null},{"symbol":"CUB","date":1020182400000,"type":2,"subtype":8,"value":3.0,"recordDate":1439827200000,"divPayDate":null,"isLock":null,"updated":null},{"symbol":"CUB","date":839433600000,"type":2,"subtype":8,"value":1.5,"recordDate":null,"divPayDate":null,"isLock":null,"updated":null},{"symbol":"CUB","date":402508800000,"type":2,"subtype":8,"value":2.0,"recordDate":null,"divPayDate":null,"isLock":null,"updated":null}]}