{"list":[{"symbol":"CWCO","date":1561651200000,"type":1,"subtype":5,"value":0.085,"recordDate":1561910400000,"divPayDate":null,"isLock":null,"updated":null},{"symbol":"CWCO","date":1553788800000,"type":1,"subtype":5,"value":0.085,"recordDate":1554048000000,"divPayDate":null,"isLock":null,"updated":null},{"symbol":"CWCO","date":1546185600000,"type":1,"subtype":5,"value":0.085,"recordDate":1546358400000,"divPayDate":null,"isLock":null,"updated":null},{"symbol":"CWCO","date":1538064000000,"type":1,"subtype":5,"value":0.085,"recordDate":1538323200000,"divPayDate":null,"isLock":null,"updated":null},{"symbol":"CWCO","date":1530201600000,"type":1,"subtype":5,"value":0.085,"recordDate":null,"divPayDate":null,"isLock":null,"updated":null},{"symbol":"CWCO","date":1522252800000,"type":1,"subtype":5,"value":0.085,"recordDate":1522598400000,"divPayDate":null,"isLock":null,"updated":null},{"symbol":"CWCO","date":1514822400000,"type":1,"subtype":5,"value":0.085,"recordDate":1514908800000,"divPayDate":null,"isLock":null,"updated":null},{"symbol":"CWCO","date":1506614400000,"type":1,"subtype":5,"value":0.075,"recordDate":1506873600000,"divPayDate":null,"isLock":null,"updated":null},{"symbol":"CWCO","date":1498665600000,"type":1,"subtype":5,"value":0.075,"recordDate":1499011200000,"divPayDate":null,"isLock":null,"updated":null},{"symbol":"CWCO","date":1490803200000,"type":1,"subtype":5,"value":0.075,"recordDate":1491148800000,"divPayDate":null,"isLock":null,"updated":null},{"symbol":"CWCO","date":1482940800000,"type":1,"subtype":5,"value":0.075,"recordDate":1483286400000,"divPayDate":null,"isLock":null,"updated":null},{"symbol":"CWCO","date":1482854400000,"type":1,"subtype":5,"value":0.075,"recordDate":1483286400000,"divPayDate":null,"isLock":null,"updated":null},{"symbol":"CWCO","date":1475078400000,"type":1,"subtype":5,"value":0.075,"recordDate":1475424000000,"divPayDate":null,"isLock":null,"updated":null},{"symbol":"CWCO","date":1467129600000,"type":1,"subtype":5,"value":0.075,"recordDate":1467302400000,"divPayDate":null,"isLock":null,"updated":null},{"symbol":"CWCO","date":1459267200000,"type":1,"subtype":5,"value":0.075,"recordDate":1459440000000,"divPayDate":null,"isLock":null,"updated":null},{"symbol":"CWCO","date":1451318400000,"type":1,"subtype":5,"value":0.075,"recordDate":1451577600000,"divPayDate":null,"isLock":null,"updated":null},{"symbol":"CWCO","date":1443456000000,"type":1,"subtype":5,"value":0.075,"recordDate":1443628800000,"divPayDate":null,"isLock":null,"updated":null},{"symbol":"CWCO","date":1435507200000,"type":1,"subtype":5,"value":0.075,"recordDate":1435680000000,"divPayDate":null,"isLock":null,"updated":null},{"symbol":"CWCO","date":1427644800000,"type":1,"subtype":5,"value":0.075,"recordDate":1427817600000,"divPayDate":null,"isLock":null,"updated":null},{"symbol":"CWCO","date":1419782400000,"type":1,"subtype":5,"value":0.075,"recordDate":1420041600000,"divPayDate":null,"isLock":null,"updated":null},{"symbol":"CWCO","date":1411920000000,"type":1,"subtype":5,"value":0.075,"recordDate":1412092800000,"divPayDate":null,"isLock":null,"updated":null},{"symbol":"CWCO","date":1403798400000,"type":1,"subtype":5,"value":0.075,"recordDate":null,"divPayDate":null,"isLock":null,"updated":null},{"symbol":"CWCO","date":1395936000000,"type":1,"subtype":5,"value":0.075,"recordDate":null,"divPayDate":null,"isLock":null,"updated":null},{"symbol":"CWCO","date":1388073600000,"type":1,"subtype":5,"value":0.075,"recordDate":null,"divPayDate":null,"isLock":null,"updated":null},{"symbol":"CWCO","date":1380211200000,"type":1,"subtype":5,"value":0.075,"recordDate":null,"divPayDate":null,"isLock":null,"updated":null},{"symbol":"CWCO","date":1372262400000,"type":1,"subtype":5,"value":0.075,"recordDate":null,"divPayDate":null,"isLock":null,"updated":null},{"symbol":"CWCO","date":1364313600000,"type":1,"subtype":5,"value":0.075,"recordDate":null,"divPayDate":null,"isLock":null,"updated":null},{"symbol":"CWCO","date":1356537600000,"type":1,"subtype":5,"value":0.075,"recordDate":null,"divPayDate":null,"isLock":null,"updated":null},{"symbol":"CWCO","date":1348675200000,"type":1,"subtype":5,"value":0.075,"recordDate":null,"divPayDate":null,"isLock":null,"updated":null},{"symbol":"CWCO","date":1340726400000,"type":1,"subtype":5,"value":0.075,"recordDate":null,"divPayDate":null,"isLock":null,"updated":null},{"symbol":"CWCO","date":1124899200000,"type":2,"subtype":8,"value":2.0,"recordDate":1435680000000,"divPayDate":null,"isLock":null,"updated":null}]}