{"list":[{"symbol":"DCP","date":1556726400000,"type":1,"subtype":5,"value":0.78,"recordDate":1556812800000,"divPayDate":null,"isLock":null,"updated":null},{"symbol":"DCP","date":1548950400000,"type":1,"subtype":5,"value":0.78,"recordDate":1549209600000,"divPayDate":null,"isLock":null,"updated":null},{"symbol":"DCP","date":1541001600000,"type":1,"subtype":5,"value":0.78,"recordDate":1541088000000,"divPayDate":null,"isLock":null,"updated":null},{"symbol":"DCP","date":1533139200000,"type":1,"subtype":5,"value":0.78,"recordDate":1533225600000,"divPayDate":null,"isLock":null,"updated":null},{"symbol":"DCP","date":1525622400000,"type":1,"subtype":5,"value":0.78,"recordDate":1525708800000,"divPayDate":null,"isLock":null,"updated":null},{"symbol":"DCP","date":1517846400000,"type":1,"subtype":5,"value":0.78,"recordDate":null,"divPayDate":null,"isLock":null,"updated":null},{"symbol":"DCP","date":1509897600000,"type":1,"subtype":5,"value":0.78,"recordDate":null,"divPayDate":null,"isLock":null,"updated":null},{"symbol":"DCP","date":1501776000000,"type":1,"subtype":5,"value":0.78,"recordDate":1502121600000,"divPayDate":null,"isLock":null,"updated":null},{"symbol":"DCP","date":1493913600000,"type":1,"subtype":5,"value":0.78,"recordDate":1494259200000,"divPayDate":null,"isLock":null,"updated":null},{"symbol":"DCP","date":1486051200000,"type":1,"subtype":5,"value":0.78,"recordDate":1486396800000,"divPayDate":null,"isLock":null,"updated":null},{"symbol":"DCP","date":1478188800000,"type":1,"subtype":5,"value":0.78,"recordDate":1478534400000,"divPayDate":null,"isLock":null,"updated":null}]}