{"list":[{"symbol":"DGRW","date":1561305600000,"type":1,"subtype":5,"value":0.08,"recordDate":null,"divPayDate":null,"isLock":null,"updated":null},{"symbol":"DGRW","date":1558972800000,"type":1,"subtype":5,"value":0.125,"recordDate":1559059200000,"divPayDate":null,"isLock":null,"updated":null},{"symbol":"DGRW","date":1555948800000,"type":1,"subtype":5,"value":0.08,"recordDate":null,"divPayDate":null,"isLock":null,"updated":null},{"symbol":"DGRW","date":1553529600000,"type":1,"subtype":5,"value":0.085,"recordDate":null,"divPayDate":null,"isLock":null,"updated":null},{"symbol":"DGRW","date":1550505600000,"type":1,"subtype":5,"value":0.08,"recordDate":null,"divPayDate":null,"isLock":null,"updated":null},{"symbol":"DGRW","date":1548086400000,"type":1,"subtype":5,"value":0.055,"recordDate":null,"divPayDate":null,"isLock":null,"updated":null},{"symbol":"DGRW","date":1545580800000,"type":1,"subtype":5,"value":0.1563,"recordDate":null,"divPayDate":null,"isLock":null,"updated":null},{"symbol":"DGRW","date":1543852800000,"type":1,"subtype":5,"value":0.02745,"recordDate":null,"divPayDate":null,"isLock":null,"updated":null},{"symbol":"DGRW","date":1542643200000,"type":1,"subtype":5,"value":0.065,"recordDate":null,"divPayDate":null,"isLock":null,"updated":null},{"symbol":"DGRW","date":1540224000000,"type":1,"subtype":5,"value":0.015,"recordDate":null,"divPayDate":null,"isLock":null,"updated":null},{"symbol":"DGRW","date":1537804800000,"type":1,"subtype":5,"value":0.14434,"recordDate":null,"divPayDate":null,"isLock":null,"updated":null},{"symbol":"DGRW","date":1534780800000,"type":1,"subtype":5,"value":0.065,"recordDate":null,"divPayDate":null,"isLock":null,"updated":null},{"symbol":"DGRW","date":1532361600000,"type":1,"subtype":5,"value":0.085,"recordDate":null,"divPayDate":null,"isLock":null,"updated":null},{"symbol":"DGRW","date":1529856000000,"type":1,"subtype":5,"value":0.115,"recordDate":null,"divPayDate":null,"isLock":null,"updated":null},{"symbol":"DGRW","date":1526918400000,"type":1,"subtype":5,"value":0.04,"recordDate":null,"divPayDate":null,"isLock":null,"updated":null},{"symbol":"DGRW","date":1524499200000,"type":1,"subtype":5,"value":0.02,"recordDate":null,"divPayDate":null,"isLock":null,"updated":null},{"symbol":"DGRW","date":1521475200000,"type":1,"subtype":5,"value":0.14139,"recordDate":null,"divPayDate":null,"isLock":null,"updated":null},{"symbol":"DGRW","date":1519056000000,"type":1,"subtype":5,"value":0.04,"recordDate":1516723200000,"divPayDate":null,"isLock":null,"updated":null},{"symbol":"DGRW","date":1516636800000,"type":1,"subtype":5,"value":0.015,"recordDate":1514304000000,"divPayDate":null,"isLock":null,"updated":null},{"symbol":"DGRW","date":1514217600000,"type":1,"subtype":5,"value":0.1323,"recordDate":1511280000000,"divPayDate":null,"isLock":null,"updated":null},{"symbol":"DGRW","date":1511193600000,"type":1,"subtype":5,"value":0.02,"recordDate":1508860800000,"divPayDate":null,"isLock":null,"updated":null},{"symbol":"DGRW","date":1508774400000,"type":1,"subtype":5,"value":0.045,"recordDate":1506441600000,"divPayDate":null,"isLock":null,"updated":null},{"symbol":"DGRW","date":1506355200000,"type":1,"subtype":5,"value":0.1,"recordDate":1503417600000,"divPayDate":null,"isLock":null,"updated":null},{"symbol":"DGRW","date":1503244800000,"type":1,"subtype":5,"value":0.05,"recordDate":1500998400000,"divPayDate":null,"isLock":null,"updated":null},{"symbol":"DGRW","date":1500825600000,"type":1,"subtype":5,"value":0.05,"recordDate":1498579200000,"divPayDate":null,"isLock":null,"updated":null},{"symbol":"DGRW","date":1498406400000,"type":1,"subtype":5,"value":0.085,"recordDate":1495555200000,"divPayDate":null,"isLock":null,"updated":null},{"symbol":"DGRW","date":1495382400000,"type":1,"subtype":5,"value":0.04,"recordDate":1493136000000,"divPayDate":null,"isLock":null,"updated":null},{"symbol":"DGRW","date":1492963200000,"type":1,"subtype":5,"value":0.035,"recordDate":1490716800000,"divPayDate":null,"isLock":null,"updated":null},{"symbol":"DGRW","date":1490544000000,"type":1,"subtype":5,"value":0.105,"recordDate":1487692800000,"divPayDate":null,"isLock":null,"updated":null},{"symbol":"DGRW","date":1487260800000,"type":1,"subtype":5,"value":0.035,"recordDate":1487692800000,"divPayDate":null,"isLock":null,"updated":null},{"symbol":"DGRW","date":1485100800000,"type":1,"subtype":5,"value":0.02,"recordDate":1482854400000,"divPayDate":null,"isLock":null,"updated":null},{"symbol":"DGRW","date":1482422400000,"type":1,"subtype":5,"value":0.10471,"recordDate":1479830400000,"divPayDate":null,"isLock":null,"updated":null},{"symbol":"DGRW","date":1479657600000,"type":1,"subtype":5,"value":0.05,"recordDate":1477411200000,"divPayDate":null,"isLock":null,"updated":null},{"symbol":"DGRW","date":1477238400000,"type":1,"subtype":5,"value":0.035,"recordDate":1474992000000,"divPayDate":null,"isLock":null,"updated":null},{"symbol":"DGRW","date":1474819200000,"type":1,"subtype":5,"value":0.095,"recordDate":1471968000000,"divPayDate":null,"isLock":null,"updated":null},{"symbol":"DGRW","date":1471795200000,"type":1,"subtype":5,"value":0.045,"recordDate":1471968000000,"divPayDate":null,"isLock":null,"updated":null},{"symbol":"DGRW","date":1469376000000,"type":1,"subtype":5,"value":0.07,"recordDate":1466524800000,"divPayDate":null,"isLock":null,"updated":null},{"symbol":"DGRW","date":1466352000000,"type":1,"subtype":5,"value":0.06,"recordDate":1464105600000,"divPayDate":null,"isLock":null,"updated":null},{"symbol":"DGRW","date":1463932800000,"type":1,"subtype":5,"value":0.05,"recordDate":1461686400000,"divPayDate":null,"isLock":null,"updated":null},{"symbol":"DGRW","date":1461513600000,"type":1,"subtype":5,"value":0.06032,"recordDate":1458662400000,"divPayDate":null,"isLock":null,"updated":null},{"symbol":"DGRW","date":1458489600000,"type":1,"subtype":5,"value":0.065,"recordDate":1456243200000,"divPayDate":null,"isLock":null,"updated":null},{"symbol":"DGRW","date":1456070400000,"type":1,"subtype":5,"value":0.05,"recordDate":1453824000000,"divPayDate":null,"isLock":null,"updated":null},{"symbol":"DGRW","date":1453651200000,"type":1,"subtype":5,"value":0.0246,"recordDate":1450800000000,"divPayDate":null,"isLock":null,"updated":null},{"symbol":"DGRW","date":1450627200000,"type":1,"subtype":5,"value":0.09828,"recordDate":1448380800000,"divPayDate":null,"isLock":null,"updated":null},{"symbol":"DGRW","date":1448208000000,"type":1,"subtype":5,"value":0.0645,"recordDate":1445961600000,"divPayDate":null,"isLock":null,"updated":null},{"symbol":"DGRW","date":1445788800000,"type":1,"subtype":5,"value":0.02931,"recordDate":1442937600000,"divPayDate":null,"isLock":null,"updated":null},{"symbol":"DGRW","date":1442764800000,"type":1,"subtype":5,"value":0.06,"recordDate":1442937600000,"divPayDate":null,"isLock":null,"updated":null},{"symbol":"DGRW","date":1437926400000,"type":1,"subtype":5,"value":0.02966,"recordDate":1438099200000,"divPayDate":null,"isLock":null,"updated":null},{"symbol":"DGRW","date":1434902400000,"type":1,"subtype":5,"value":0.07453,"recordDate":1432656000000,"divPayDate":null,"isLock":null,"updated":null},{"symbol":"DGRW","date":1432224000000,"type":1,"subtype":5,"value":0.05942,"recordDate":1432656000000,"divPayDate":null,"isLock":null,"updated":null},{"symbol":"DGRW","date":1429459200000,"type":1,"subtype":5,"value":0.01994,"recordDate":1427212800000,"divPayDate":null,"isLock":null,"updated":null},{"symbol":"DGRW","date":1427040000000,"type":1,"subtype":5,"value":0.06341,"recordDate":1424793600000,"divPayDate":null,"isLock":null,"updated":null},{"symbol":"DGRW","date":1424620800000,"type":1,"subtype":5,"value":0.0665,"recordDate":1424793600000,"divPayDate":null,"isLock":null,"updated":null},{"symbol":"DGRW","date":1422201600000,"type":1,"subtype":5,"value":0.01575,"recordDate":1419955200000,"divPayDate":null,"isLock":null,"updated":null},{"symbol":"DGRW","date":1419782400000,"type":1,"subtype":5,"value":0.0094,"recordDate":1419955200000,"divPayDate":null,"isLock":null,"updated":null},{"symbol":"DGRW","date":1418918400000,"type":1,"subtype":5,"value":0.06044,"recordDate":1419264000000,"divPayDate":null,"isLock":null,"updated":null},{"symbol":"DGRW","date":1416499200000,"type":1,"subtype":5,"value":0.06152,"recordDate":1414512000000,"divPayDate":null,"isLock":null,"updated":null},{"symbol":"DGRW","date":1414339200000,"type":1,"subtype":5,"value":0.02265,"recordDate":1414512000000,"divPayDate":null,"isLock":null,"updated":null},{"symbol":"DGRW","date":1411315200000,"type":1,"subtype":5,"value":0.07,"recordDate":1411488000000,"divPayDate":null,"isLock":null,"updated":null},{"symbol":"DGRW","date":1408896000000,"type":1,"subtype":5,"value":0.05,"recordDate":1409068800000,"divPayDate":null,"isLock":null,"updated":null},{"symbol":"DGRW","date":1405872000000,"type":1,"subtype":5,"value":0.048,"recordDate":1406044800000,"divPayDate":null,"isLock":null,"updated":null},{"symbol":"DGRW","date":1403452800000,"type":1,"subtype":5,"value":0.048,"recordDate":1403625600000,"divPayDate":null,"isLock":null,"updated":null},{"symbol":"DGRW","date":1400774400000,"type":1,"subtype":5,"value":0.03563,"recordDate":null,"divPayDate":null,"isLock":null,"updated":null},{"symbol":"DGRW","date":1398009600000,"type":1,"subtype":5,"value":0.0375,"recordDate":null,"divPayDate":null,"isLock":null,"updated":null},{"symbol":"DGRW","date":1395590400000,"type":1,"subtype":5,"value":0.038,"recordDate":null,"divPayDate":null,"isLock":null,"updated":null},{"symbol":"DGRW","date":1393171200000,"type":1,"subtype":5,"value":0.038,"recordDate":null,"divPayDate":null,"isLock":null,"updated":null},{"symbol":"DGRW","date":1390752000000,"type":1,"subtype":5,"value":0.038,"recordDate":null,"divPayDate":null,"isLock":null,"updated":null},{"symbol":"DGRW","date":1387814400000,"type":1,"subtype":5,"value":0.06574,"recordDate":null,"divPayDate":null,"isLock":null,"updated":null},{"symbol":"DGRW","date":1385049600000,"type":1,"subtype":5,"value":0.038,"recordDate":null,"divPayDate":null,"isLock":null,"updated":null},{"symbol":"DGRW","date":1382284800000,"type":1,"subtype":5,"value":0.038,"recordDate":null,"divPayDate":null,"isLock":null,"updated":null},{"symbol":"DGRW","date":1379865600000,"type":1,"subtype":5,"value":0.038,"recordDate":null,"divPayDate":null,"isLock":null,"updated":null},{"symbol":"DGRW","date":1377446400000,"type":1,"subtype":5,"value":0.038,"recordDate":null,"divPayDate":null,"isLock":null,"updated":null},{"symbol":"DGRW","date":1374422400000,"type":1,"subtype":5,"value":0.038,"recordDate":null,"divPayDate":null,"isLock":null,"updated":null},{"symbol":"DGRW","date":1372003200000,"type":1,"subtype":5,"value":0.038,"recordDate":null,"divPayDate":null,"isLock":null,"updated":null}]}