{"list":[{"symbol":"DO","date":1447084800000,"type":1,"subtype":5,"value":0.125,"recordDate":1447344000000,"divPayDate":null,"isLock":null,"updated":null},{"symbol":"DO","date":1439308800000,"type":1,"subtype":5,"value":0.125,"recordDate":1439481600000,"divPayDate":null,"isLock":null,"updated":null},{"symbol":"DO","date":1431446400000,"type":1,"subtype":5,"value":0.125,"recordDate":1431619200000,"divPayDate":null,"isLock":null,"updated":null},{"symbol":"DO","date":1424188800000,"type":1,"subtype":5,"value":0.125,"recordDate":1424361600000,"divPayDate":null,"isLock":null,"updated":null},{"symbol":"DO","date":1414944000000,"type":1,"subtype":5,"value":0.875,"recordDate":1415116800000,"divPayDate":null,"isLock":null,"updated":null},{"symbol":"DO","date":1407081600000,"type":1,"subtype":5,"value":0.875,"recordDate":1407254400000,"divPayDate":null,"isLock":null,"updated":null},{"symbol":"DO","date":1399219200000,"type":1,"subtype":5,"value":0.875,"recordDate":null,"divPayDate":null,"isLock":null,"updated":null},{"symbol":"DO","date":1392307200000,"type":1,"subtype":5,"value":0.875,"recordDate":null,"divPayDate":null,"isLock":null,"updated":null},{"symbol":"DO","date":1383235200000,"type":1,"subtype":5,"value":0.875,"recordDate":null,"divPayDate":null,"isLock":null,"updated":null},{"symbol":"DO","date":1375372800000,"type":1,"subtype":5,"value":0.875,"recordDate":null,"divPayDate":null,"isLock":null,"updated":null},{"symbol":"DO","date":1367510400000,"type":1,"subtype":5,"value":0.875,"recordDate":null,"divPayDate":null,"isLock":null,"updated":null},{"symbol":"DO","date":1360771200000,"type":1,"subtype":5,"value":0.875,"recordDate":null,"divPayDate":null,"isLock":null,"updated":null},{"symbol":"DO","date":1351612800000,"type":1,"subtype":5,"value":0.875,"recordDate":null,"divPayDate":null,"isLock":null,"updated":null},{"symbol":"DO","date":1351526400000,"type":1,"subtype":5,"value":0.875,"recordDate":null,"divPayDate":null,"isLock":null,"updated":null},{"symbol":"DO","date":1343577600000,"type":1,"subtype":5,"value":0.875,"recordDate":null,"divPayDate":null,"isLock":null,"updated":null},{"symbol":"DO","date":871574400000,"type":2,"subtype":8,"value":2.0,"recordDate":1439481600000,"divPayDate":null,"isLock":null,"updated":null}]}