{"list":[{"symbol":"DPG","date":1568304000000,"type":1,"subtype":5,"value":0.35,"recordDate":null,"divPayDate":null,"isLock":null,"updated":null},{"symbol":"DPG","date":1560441600000,"type":1,"subtype":5,"value":0.35,"recordDate":1560700800000,"divPayDate":null,"isLock":null,"updated":null},{"symbol":"DPG","date":1552492800000,"type":1,"subtype":5,"value":0.35,"recordDate":1552579200000,"divPayDate":null,"isLock":null,"updated":null},{"symbol":"DPG","date":1544716800000,"type":1,"subtype":5,"value":0.35,"recordDate":1544976000000,"divPayDate":null,"isLock":null,"updated":null},{"symbol":"DPG","date":1536854400000,"type":1,"subtype":5,"value":0.35,"recordDate":1537113600000,"divPayDate":null,"isLock":null,"updated":null},{"symbol":"DPG","date":1528905600000,"type":1,"subtype":5,"value":0.35,"recordDate":null,"divPayDate":null,"isLock":null,"updated":null},{"symbol":"DPG","date":1520956800000,"type":1,"subtype":5,"value":0.35,"recordDate":1521043200000,"divPayDate":null,"isLock":null,"updated":null},{"symbol":"DPG","date":1513180800000,"type":1,"subtype":5,"value":0.35,"recordDate":1513267200000,"divPayDate":null,"isLock":null,"updated":null},{"symbol":"DPG","date":1505318400000,"type":1,"subtype":5,"value":0.35,"recordDate":1505404800000,"divPayDate":null,"isLock":null,"updated":null},{"symbol":"DPG","date":1497283200000,"type":1,"subtype":5,"value":0.35,"recordDate":1497456000000,"divPayDate":null,"isLock":null,"updated":null},{"symbol":"DPG","date":1489334400000,"type":1,"subtype":5,"value":0.35,"recordDate":1489507200000,"divPayDate":null,"isLock":null,"updated":null},{"symbol":"DPG","date":1481558400000,"type":1,"subtype":5,"value":0.35,"recordDate":1481731200000,"divPayDate":null,"isLock":null,"updated":null},{"symbol":"DPG","date":1473696000000,"type":1,"subtype":5,"value":0.35,"recordDate":1473868800000,"divPayDate":null,"isLock":null,"updated":null},{"symbol":"DPG","date":1465747200000,"type":1,"subtype":5,"value":0.35,"recordDate":1465920000000,"divPayDate":null,"isLock":null,"updated":null},{"symbol":"DPG","date":1457625600000,"type":1,"subtype":5,"value":0.35,"recordDate":1457971200000,"divPayDate":null,"isLock":null,"updated":null},{"symbol":"DPG","date":1449763200000,"type":1,"subtype":5,"value":0.35,"recordDate":1450108800000,"divPayDate":null,"isLock":null,"updated":null},{"symbol":"DPG","date":1441900800000,"type":1,"subtype":5,"value":0.35,"recordDate":1442246400000,"divPayDate":null,"isLock":null,"updated":null},{"symbol":"DPG","date":1433952000000,"type":1,"subtype":5,"value":0.35,"recordDate":1434297600000,"divPayDate":null,"isLock":null,"updated":null},{"symbol":"DPG","date":1426089600000,"type":1,"subtype":5,"value":0.35,"recordDate":1426435200000,"divPayDate":null,"isLock":null,"updated":null},{"symbol":"DPG","date":1418227200000,"type":1,"subtype":5,"value":0.35,"recordDate":1418572800000,"divPayDate":null,"isLock":null,"updated":null},{"symbol":"DPG","date":1410364800000,"type":1,"subtype":5,"value":0.35,"recordDate":1410710400000,"divPayDate":null,"isLock":null,"updated":null},{"symbol":"DPG","date":1402502400000,"type":1,"subtype":5,"value":0.35,"recordDate":null,"divPayDate":null,"isLock":null,"updated":null},{"symbol":"DPG","date":1394640000000,"type":1,"subtype":5,"value":0.35,"recordDate":null,"divPayDate":null,"isLock":null,"updated":null},{"symbol":"DPG","date":1386777600000,"type":1,"subtype":5,"value":0.35,"recordDate":null,"divPayDate":null,"isLock":null,"updated":null},{"symbol":"DPG","date":1378915200000,"type":1,"subtype":5,"value":0.35,"recordDate":null,"divPayDate":null,"isLock":null,"updated":null},{"symbol":"DPG","date":1371052800000,"type":1,"subtype":5,"value":0.35,"recordDate":null,"divPayDate":null,"isLock":null,"updated":null},{"symbol":"DPG","date":1363104000000,"type":1,"subtype":5,"value":0.35,"recordDate":null,"divPayDate":null,"isLock":null,"updated":null},{"symbol":"DPG","date":1355241600000,"type":1,"subtype":5,"value":0.35,"recordDate":null,"divPayDate":null,"isLock":null,"updated":null},{"symbol":"DPG","date":1347379200000,"type":1,"subtype":5,"value":0.35,"recordDate":null,"divPayDate":null,"isLock":null,"updated":null}]}