{"list":[{"symbol":"DRAD","date":1559664000000,"type":2,"subtype":7,"value":0.1,"recordDate":null,"divPayDate":null,"isLock":null,"updated":null},{"symbol":"DRAD","date":1534262400000,"type":1,"subtype":5,"value":0.55,"recordDate":null,"divPayDate":null,"isLock":null,"updated":null},{"symbol":"DRAD","date":1526227200000,"type":1,"subtype":5,"value":0.055,"recordDate":1526313600000,"divPayDate":null,"isLock":null,"updated":null},{"symbol":"DRAD","date":1518537600000,"type":1,"subtype":5,"value":0.055,"recordDate":1518624000000,"divPayDate":null,"isLock":null,"updated":null},{"symbol":"DRAD","date":1510848000000,"type":1,"subtype":5,"value":0.055,"recordDate":1511107200000,"divPayDate":null,"isLock":null,"updated":null},{"symbol":"DRAD","date":1502812800000,"type":1,"subtype":5,"value":0.055,"recordDate":1502985600000,"divPayDate":null,"isLock":null,"updated":null},{"symbol":"DRAD","date":1494432000000,"type":1,"subtype":5,"value":0.05,"recordDate":1494777600000,"divPayDate":null,"isLock":null,"updated":null},{"symbol":"DRAD","date":1486915200000,"type":1,"subtype":5,"value":0.05,"recordDate":1487088000000,"divPayDate":null,"isLock":null,"updated":null},{"symbol":"DRAD","date":1479139200000,"type":1,"subtype":5,"value":0.05,"recordDate":1479312000000,"divPayDate":null,"isLock":null,"updated":null},{"symbol":"DRAD","date":1471190400000,"type":1,"subtype":5,"value":0.05,"recordDate":1471363200000,"divPayDate":null,"isLock":null,"updated":null},{"symbol":"DRAD","date":1462896000000,"type":1,"subtype":5,"value":0.05,"recordDate":1463068800000,"divPayDate":null,"isLock":null,"updated":null},{"symbol":"DRAD","date":1455120000000,"type":1,"subtype":5,"value":0.05,"recordDate":1455552000000,"divPayDate":null,"isLock":null,"updated":null},{"symbol":"DRAD","date":1447257600000,"type":1,"subtype":5,"value":0.05,"recordDate":1447603200000,"divPayDate":null,"isLock":null,"updated":null},{"symbol":"DRAD","date":1439913600000,"type":1,"subtype":5,"value":0.05,"recordDate":1440086400000,"divPayDate":null,"isLock":null,"updated":null},{"symbol":"DRAD","date":1431273600000,"type":1,"subtype":5,"value":0.05,"recordDate":1431446400000,"divPayDate":null,"isLock":null,"updated":null},{"symbol":"DRAD","date":1423584000000,"type":1,"subtype":5,"value":0.05,"recordDate":1423756800000,"divPayDate":null,"isLock":null,"updated":null},{"symbol":"DRAD","date":1415289600000,"type":1,"subtype":5,"value":0.05,"recordDate":1415721600000,"divPayDate":null,"isLock":null,"updated":null},{"symbol":"DRAD","date":1407427200000,"type":1,"subtype":5,"value":0.05,"recordDate":1407772800000,"divPayDate":null,"isLock":null,"updated":null},{"symbol":"DRAD","date":1399564800000,"type":1,"subtype":5,"value":0.05,"recordDate":null,"divPayDate":null,"isLock":null,"updated":null},{"symbol":"DRAD","date":1392134400000,"type":1,"subtype":5,"value":0.05,"recordDate":null,"divPayDate":null,"isLock":null,"updated":null},{"symbol":"DRAD","date":1383753600000,"type":1,"subtype":5,"value":0.05,"recordDate":null,"divPayDate":null,"isLock":null,"updated":null}]}