{"list":[{"symbol":"DSM","date":1560355200000,"type":1,"subtype":5,"value":0.035,"recordDate":null,"divPayDate":null,"isLock":null,"updated":null},{"symbol":"DSM","date":1557676800000,"type":1,"subtype":5,"value":0.035,"recordDate":null,"divPayDate":null,"isLock":null,"updated":null},{"symbol":"DSM","date":1554912000000,"type":1,"subtype":5,"value":0.035,"recordDate":null,"divPayDate":null,"isLock":null,"updated":null},{"symbol":"DSM","date":1552406400000,"type":1,"subtype":5,"value":0.035,"recordDate":null,"divPayDate":null,"isLock":null,"updated":null},{"symbol":"DSM","date":1549987200000,"type":1,"subtype":5,"value":0.035,"recordDate":null,"divPayDate":null,"isLock":null,"updated":null},{"symbol":"DSM","date":1547395200000,"type":1,"subtype":5,"value":0.035,"recordDate":null,"divPayDate":null,"isLock":null,"updated":null},{"symbol":"DSM","date":1544630400000,"type":1,"subtype":5,"value":0.035,"recordDate":null,"divPayDate":null,"isLock":null,"updated":null},{"symbol":"DSM","date":1542211200000,"type":1,"subtype":5,"value":0.035,"recordDate":null,"divPayDate":null,"isLock":null,"updated":null},{"symbol":"DSM","date":1539187200000,"type":1,"subtype":5,"value":0.035,"recordDate":null,"divPayDate":null,"isLock":null,"updated":null},{"symbol":"DSM","date":1536854400000,"type":1,"subtype":5,"value":0.035,"recordDate":null,"divPayDate":null,"isLock":null,"updated":null},{"symbol":"DSM","date":1534089600000,"type":1,"subtype":5,"value":0.035,"recordDate":null,"divPayDate":null,"isLock":null,"updated":null},{"symbol":"DSM","date":1531411200000,"type":1,"subtype":5,"value":0.035,"recordDate":null,"divPayDate":null,"isLock":null,"updated":null},{"symbol":"DSM","date":1528819200000,"type":1,"subtype":5,"value":0.035,"recordDate":null,"divPayDate":null,"isLock":null,"updated":null},{"symbol":"DSM","date":1525881600000,"type":1,"subtype":5,"value":0.035,"recordDate":null,"divPayDate":null,"isLock":null,"updated":null},{"symbol":"DSM","date":1523462400000,"type":1,"subtype":5,"value":0.035,"recordDate":null,"divPayDate":null,"isLock":null,"updated":null},{"symbol":"DSM","date":1520870400000,"type":1,"subtype":5,"value":0.035,"recordDate":1520956800000,"divPayDate":null,"isLock":null,"updated":null},{"symbol":"DSM","date":1518019200000,"type":1,"subtype":5,"value":0.035,"recordDate":1518105600000,"divPayDate":null,"isLock":null,"updated":null},{"symbol":"DSM","date":1515600000000,"type":1,"subtype":5,"value":0.0415,"recordDate":1515686400000,"divPayDate":null,"isLock":null,"updated":null},{"symbol":"DSM","date":1513094400000,"type":1,"subtype":5,"value":0.0415,"recordDate":1513180800000,"divPayDate":null,"isLock":null,"updated":null},{"symbol":"DSM","date":1510502400000,"type":1,"subtype":5,"value":0.0415,"recordDate":1510588800000,"divPayDate":null,"isLock":null,"updated":null},{"symbol":"DSM","date":1507737600000,"type":1,"subtype":5,"value":0.0415,"recordDate":1507824000000,"divPayDate":null,"isLock":null,"updated":null},{"symbol":"DSM","date":1505232000000,"type":1,"subtype":5,"value":0.0415,"recordDate":1505318400000,"divPayDate":null,"isLock":null,"updated":null},{"symbol":"DSM","date":1502208000000,"type":1,"subtype":5,"value":0.0415,"recordDate":1502380800000,"divPayDate":null,"isLock":null,"updated":null},{"symbol":"DSM","date":1499788800000,"type":1,"subtype":5,"value":0.0415,"recordDate":1499961600000,"divPayDate":null,"isLock":null,"updated":null},{"symbol":"DSM","date":1497196800000,"type":1,"subtype":5,"value":0.0415,"recordDate":1497369600000,"divPayDate":null,"isLock":null,"updated":null},{"symbol":"DSM","date":1494259200000,"type":1,"subtype":5,"value":0.0415,"recordDate":1494432000000,"divPayDate":null,"isLock":null,"updated":null},{"symbol":"DSM","date":1491840000000,"type":1,"subtype":5,"value":0.0415,"recordDate":1492012800000,"divPayDate":null,"isLock":null,"updated":null},{"symbol":"DSM","date":1488988800000,"type":1,"subtype":5,"value":0.0415,"recordDate":1489334400000,"divPayDate":null,"isLock":null,"updated":null},{"symbol":"DSM","date":1487606400000,"type":1,"subtype":5,"value":0.0415,"recordDate":1487779200000,"divPayDate":null,"isLock":null,"updated":null},{"symbol":"DSM","date":1484064000000,"type":1,"subtype":5,"value":0.0415,"recordDate":1484236800000,"divPayDate":null,"isLock":null,"updated":null},{"symbol":"DSM","date":1481472000000,"type":1,"subtype":5,"value":0.0415,"recordDate":1481644800000,"divPayDate":null,"isLock":null,"updated":null},{"symbol":"DSM","date":1479052800000,"type":1,"subtype":5,"value":0.0415,"recordDate":1479225600000,"divPayDate":null,"isLock":null,"updated":null},{"symbol":"DSM","date":1476201600000,"type":1,"subtype":5,"value":0.0415,"recordDate":1476374400000,"divPayDate":null,"isLock":null,"updated":null},{"symbol":"DSM","date":1473609600000,"type":1,"subtype":5,"value":0.0415,"recordDate":1473782400000,"divPayDate":null,"isLock":null,"updated":null},{"symbol":"DSM","date":1470672000000,"type":1,"subtype":5,"value":0.0415,"recordDate":1470844800000,"divPayDate":null,"isLock":null,"updated":null},{"symbol":"DSM","date":1468339200000,"type":1,"subtype":5,"value":0.0415,"recordDate":1468512000000,"divPayDate":null,"isLock":null,"updated":null},{"symbol":"DSM","date":1465401600000,"type":1,"subtype":5,"value":0.0415,"recordDate":1465747200000,"divPayDate":null,"isLock":null,"updated":null},{"symbol":"DSM","date":1462896000000,"type":1,"subtype":5,"value":0.0415,"recordDate":1463068800000,"divPayDate":null,"isLock":null,"updated":null},{"symbol":"DSM","date":1460304000000,"type":1,"subtype":5,"value":0.0415,"recordDate":1460476800000,"divPayDate":null,"isLock":null,"updated":null},{"symbol":"DSM","date":1457452800000,"type":1,"subtype":5,"value":0.0415,"recordDate":1457625600000,"divPayDate":null,"isLock":null,"updated":null},{"symbol":"DSM","date":1455033600000,"type":1,"subtype":5,"value":0.0415,"recordDate":1455206400000,"divPayDate":null,"isLock":null,"updated":null},{"symbol":"DSM","date":1452614400000,"type":1,"subtype":5,"value":0.0415,"recordDate":1452787200000,"divPayDate":null,"isLock":null,"updated":null},{"symbol":"DSM","date":1449590400000,"type":1,"subtype":5,"value":0.0415,"recordDate":1449763200000,"divPayDate":null,"isLock":null,"updated":null},{"symbol":"DSM","date":1447257600000,"type":1,"subtype":5,"value":0.0415,"recordDate":1447603200000,"divPayDate":null,"isLock":null,"updated":null},{"symbol":"DSM","date":1444665600000,"type":1,"subtype":5,"value":0.0415,"recordDate":1444838400000,"divPayDate":null,"isLock":null,"updated":null},{"symbol":"DSM","date":1441814400000,"type":1,"subtype":5,"value":0.0415,"recordDate":1442160000000,"divPayDate":null,"isLock":null,"updated":null},{"symbol":"DSM","date":1439222400000,"type":1,"subtype":5,"value":0.0415,"recordDate":1439395200000,"divPayDate":null,"isLock":null,"updated":null},{"symbol":"DSM","date":1436716800000,"type":1,"subtype":5,"value":0.0415,"recordDate":1436889600000,"divPayDate":null,"isLock":null,"updated":null},{"symbol":"DSM","date":1433779200000,"type":1,"subtype":5,"value":0.0415,"recordDate":1433952000000,"divPayDate":null,"isLock":null,"updated":null},{"symbol":"DSM","date":1431273600000,"type":1,"subtype":5,"value":0.0415,"recordDate":1431446400000,"divPayDate":null,"isLock":null,"updated":null},{"symbol":"DSM","date":1428854400000,"type":1,"subtype":5,"value":0.0415,"recordDate":1429027200000,"divPayDate":null,"isLock":null,"updated":null},{"symbol":"DSM","date":1425916800000,"type":1,"subtype":5,"value":0.0415,"recordDate":1426089600000,"divPayDate":null,"isLock":null,"updated":null},{"symbol":"DSM","date":1423497600000,"type":1,"subtype":5,"value":0.0415,"recordDate":1423670400000,"divPayDate":null,"isLock":null,"updated":null},{"symbol":"DSM","date":1420992000000,"type":1,"subtype":5,"value":0.0415,"recordDate":1421164800000,"divPayDate":null,"isLock":null,"updated":null},{"symbol":"DSM","date":1418313600000,"type":1,"subtype":5,"value":0.0415,"recordDate":1418659200000,"divPayDate":null,"isLock":null,"updated":null},{"symbol":"DSM","date":1415721600000,"type":1,"subtype":5,"value":0.0475,"recordDate":1415894400000,"divPayDate":null,"isLock":null,"updated":null},{"symbol":"DSM","date":1412784000000,"type":1,"subtype":5,"value":0.0475,"recordDate":1413216000000,"divPayDate":null,"isLock":null,"updated":null},{"symbol":"DSM","date":1410278400000,"type":1,"subtype":5,"value":0.0475,"recordDate":1410451200000,"divPayDate":null,"isLock":null,"updated":null},{"symbol":"DSM","date":1407686400000,"type":1,"subtype":5,"value":0.0475,"recordDate":1407859200000,"divPayDate":null,"isLock":null,"updated":null},{"symbol":"DSM","date":1404921600000,"type":1,"subtype":5,"value":0.0475,"recordDate":1405267200000,"divPayDate":null,"isLock":null,"updated":null},{"symbol":"DSM","date":1402416000000,"type":1,"subtype":5,"value":0.0475,"recordDate":null,"divPayDate":null,"isLock":null,"updated":null},{"symbol":"DSM","date":1399564800000,"type":1,"subtype":5,"value":0.0475,"recordDate":null,"divPayDate":null,"isLock":null,"updated":null},{"symbol":"DSM","date":1396972800000,"type":1,"subtype":5,"value":0.0475,"recordDate":null,"divPayDate":null,"isLock":null,"updated":null},{"symbol":"DSM","date":1394553600000,"type":1,"subtype":5,"value":0.0475,"recordDate":null,"divPayDate":null,"isLock":null,"updated":null},{"symbol":"DSM","date":1392048000000,"type":1,"subtype":5,"value":0.0475,"recordDate":null,"divPayDate":null,"isLock":null,"updated":null},{"symbol":"DSM","date":1389542400000,"type":1,"subtype":5,"value":0.0475,"recordDate":null,"divPayDate":null,"isLock":null,"updated":null},{"symbol":"DSM","date":1386604800000,"type":1,"subtype":5,"value":0.0475,"recordDate":null,"divPayDate":null,"isLock":null,"updated":null},{"symbol":"DSM","date":1384185600000,"type":1,"subtype":5,"value":0.0475,"recordDate":null,"divPayDate":null,"isLock":null,"updated":null},{"symbol":"DSM","date":1381766400000,"type":1,"subtype":5,"value":0.0475,"recordDate":null,"divPayDate":null,"isLock":null,"updated":null},{"symbol":"DSM","date":1378828800000,"type":1,"subtype":5,"value":0.0475,"recordDate":null,"divPayDate":null,"isLock":null,"updated":null},{"symbol":"DSM","date":1376236800000,"type":1,"subtype":5,"value":0.0475,"recordDate":null,"divPayDate":null,"isLock":null,"updated":null},{"symbol":"DSM","date":1373385600000,"type":1,"subtype":5,"value":0.0475,"recordDate":null,"divPayDate":null,"isLock":null,"updated":null},{"symbol":"DSM","date":1370880000000,"type":1,"subtype":5,"value":0.0475,"recordDate":null,"divPayDate":null,"isLock":null,"updated":null},{"symbol":"DSM","date":1368374400000,"type":1,"subtype":5,"value":0.0475,"recordDate":null,"divPayDate":null,"isLock":null,"updated":null},{"symbol":"DSM","date":1365523200000,"type":1,"subtype":5,"value":0.0475,"recordDate":null,"divPayDate":null,"isLock":null,"updated":null},{"symbol":"DSM","date":1362931200000,"type":1,"subtype":5,"value":0.0475,"recordDate":null,"divPayDate":null,"isLock":null,"updated":null},{"symbol":"DSM","date":1360512000000,"type":1,"subtype":5,"value":0.0475,"recordDate":null,"divPayDate":null,"isLock":null,"updated":null},{"symbol":"DSM","date":1357747200000,"type":1,"subtype":5,"value":0.0475,"recordDate":null,"divPayDate":null,"isLock":null,"updated":null},{"symbol":"DSM","date":1355241600000,"type":1,"subtype":5,"value":0.0475,"recordDate":null,"divPayDate":null,"isLock":null,"updated":null},{"symbol":"DSM","date":1352736000000,"type":1,"subtype":5,"value":0.0475,"recordDate":null,"divPayDate":null,"isLock":null,"updated":null},{"symbol":"DSM","date":1349798400000,"type":1,"subtype":5,"value":0.0475,"recordDate":null,"divPayDate":null,"isLock":null,"updated":null},{"symbol":"DSM","date":1347379200000,"type":1,"subtype":5,"value":0.0475,"recordDate":null,"divPayDate":null,"isLock":null,"updated":null},{"symbol":"DSM","date":1344441600000,"type":1,"subtype":5,"value":0.0475,"recordDate":null,"divPayDate":null,"isLock":null,"updated":null}]}