{"list":[{"symbol":"DTF","date":1568304000000,"type":1,"subtype":5,"value":0.035,"recordDate":null,"divPayDate":null,"isLock":null,"updated":null},{"symbol":"DTF","date":1560441600000,"type":1,"subtype":5,"value":0.035,"recordDate":null,"divPayDate":null,"isLock":null,"updated":null},{"symbol":"DTF","date":1557763200000,"type":1,"subtype":5,"value":0.035,"recordDate":null,"divPayDate":null,"isLock":null,"updated":null},{"symbol":"DTF","date":1554998400000,"type":1,"subtype":5,"value":0.035,"recordDate":null,"divPayDate":null,"isLock":null,"updated":null},{"symbol":"DTF","date":1552492800000,"type":1,"subtype":5,"value":0.035,"recordDate":null,"divPayDate":null,"isLock":null,"updated":null},{"symbol":"DTF","date":1550073600000,"type":1,"subtype":5,"value":0.035,"recordDate":null,"divPayDate":null,"isLock":null,"updated":null},{"symbol":"DTF","date":1547395200000,"type":1,"subtype":5,"value":0.035,"recordDate":null,"divPayDate":null,"isLock":null,"updated":null},{"symbol":"DTF","date":1545926400000,"type":1,"subtype":5,"value":0.00306,"recordDate":null,"divPayDate":null,"isLock":null,"updated":null},{"symbol":"DTF","date":1544716800000,"type":1,"subtype":5,"value":0.035,"recordDate":null,"divPayDate":null,"isLock":null,"updated":null},{"symbol":"DTF","date":1542124800000,"type":1,"subtype":5,"value":0.035,"recordDate":null,"divPayDate":null,"isLock":null,"updated":null},{"symbol":"DTF","date":1539273600000,"type":1,"subtype":5,"value":0.035,"recordDate":null,"divPayDate":null,"isLock":null,"updated":null},{"symbol":"DTF","date":1536854400000,"type":1,"subtype":5,"value":0.05,"recordDate":null,"divPayDate":null,"isLock":null,"updated":null},{"symbol":"DTF","date":1534176000000,"type":1,"subtype":5,"value":0.05,"recordDate":null,"divPayDate":null,"isLock":null,"updated":null},{"symbol":"DTF","date":1531411200000,"type":1,"subtype":5,"value":0.05,"recordDate":null,"divPayDate":null,"isLock":null,"updated":null},{"symbol":"DTF","date":1528905600000,"type":1,"subtype":5,"value":0.05,"recordDate":null,"divPayDate":null,"isLock":null,"updated":null},{"symbol":"DTF","date":1526227200000,"type":1,"subtype":5,"value":0.05,"recordDate":null,"divPayDate":null,"isLock":null,"updated":null},{"symbol":"DTF","date":1523548800000,"type":1,"subtype":5,"value":0.05,"recordDate":null,"divPayDate":null,"isLock":null,"updated":null},{"symbol":"DTF","date":1520956800000,"type":1,"subtype":5,"value":0.05,"recordDate":1521043200000,"divPayDate":null,"isLock":null,"updated":null},{"symbol":"DTF","date":1518537600000,"type":1,"subtype":5,"value":0.05,"recordDate":1518624000000,"divPayDate":null,"isLock":null,"updated":null},{"symbol":"DTF","date":1515686400000,"type":1,"subtype":5,"value":0.05,"recordDate":1516032000000,"divPayDate":null,"isLock":null,"updated":null},{"symbol":"DTF","date":1514390400000,"type":1,"subtype":5,"value":0.0732,"recordDate":null,"divPayDate":null,"isLock":null,"updated":null},{"symbol":"DTF","date":1513180800000,"type":1,"subtype":5,"value":0.05,"recordDate":1513267200000,"divPayDate":null,"isLock":null,"updated":null},{"symbol":"DTF","date":1510588800000,"type":1,"subtype":5,"value":0.05,"recordDate":1510675200000,"divPayDate":null,"isLock":null,"updated":null},{"symbol":"DTF","date":1507824000000,"type":1,"subtype":5,"value":0.05,"recordDate":1508083200000,"divPayDate":null,"isLock":null,"updated":null},{"symbol":"DTF","date":1505318400000,"type":1,"subtype":5,"value":0.05,"recordDate":1505404800000,"divPayDate":null,"isLock":null,"updated":null},{"symbol":"DTF","date":1502380800000,"type":1,"subtype":5,"value":0.05,"recordDate":1502726400000,"divPayDate":null,"isLock":null,"updated":null},{"symbol":"DTF","date":1499875200000,"type":1,"subtype":5,"value":0.05,"recordDate":1500220800000,"divPayDate":null,"isLock":null,"updated":null},{"symbol":"DTF","date":1497283200000,"type":1,"subtype":5,"value":0.05,"recordDate":1497456000000,"divPayDate":null,"isLock":null,"updated":null},{"symbol":"DTF","date":1494432000000,"type":1,"subtype":5,"value":0.05,"recordDate":1494777600000,"divPayDate":null,"isLock":null,"updated":null},{"symbol":"DTF","date":1492012800000,"type":1,"subtype":5,"value":0.05,"recordDate":1492358400000,"divPayDate":null,"isLock":null,"updated":null},{"symbol":"DTF","date":1491926400000,"type":1,"subtype":5,"value":0.05,"recordDate":1492358400000,"divPayDate":null,"isLock":null,"updated":null},{"symbol":"DTF","date":1489334400000,"type":1,"subtype":5,"value":0.07,"recordDate":1489507200000,"divPayDate":null,"isLock":null,"updated":null},{"symbol":"DTF","date":1486915200000,"type":1,"subtype":5,"value":0.07,"recordDate":1487088000000,"divPayDate":null,"isLock":null,"updated":null},{"symbol":"DTF","date":1484150400000,"type":1,"subtype":5,"value":0.07,"recordDate":1484582400000,"divPayDate":null,"isLock":null,"updated":null},{"symbol":"DTF","date":1482854400000,"type":1,"subtype":5,"value":0.05129,"recordDate":1483027200000,"divPayDate":null,"isLock":null,"updated":null},{"symbol":"DTF","date":1481558400000,"type":1,"subtype":5,"value":0.07,"recordDate":1481731200000,"divPayDate":null,"isLock":null,"updated":null},{"symbol":"DTF","date":1478707200000,"type":1,"subtype":5,"value":0.07,"recordDate":1479139200000,"divPayDate":null,"isLock":null,"updated":null},{"symbol":"DTF","date":1476288000000,"type":1,"subtype":5,"value":0.07,"recordDate":1476633600000,"divPayDate":null,"isLock":null,"updated":null},{"symbol":"DTF","date":1473696000000,"type":1,"subtype":5,"value":0.07,"recordDate":1473868800000,"divPayDate":null,"isLock":null,"updated":null},{"symbol":"DTF","date":1470844800000,"type":1,"subtype":5,"value":0.07,"recordDate":1471190400000,"divPayDate":null,"isLock":null,"updated":null},{"symbol":"DTF","date":1468339200000,"type":1,"subtype":5,"value":0.07,"recordDate":1468512000000,"divPayDate":null,"isLock":null,"updated":null},{"symbol":"DTF","date":1465747200000,"type":1,"subtype":5,"value":0.07,"recordDate":1465920000000,"divPayDate":null,"isLock":null,"updated":null},{"symbol":"DTF","date":1462982400000,"type":1,"subtype":5,"value":0.07,"recordDate":1463328000000,"divPayDate":null,"isLock":null,"updated":null},{"symbol":"DTF","date":1460476800000,"type":1,"subtype":5,"value":0.07,"recordDate":1460649600000,"divPayDate":null,"isLock":null,"updated":null},{"symbol":"DTF","date":1457625600000,"type":1,"subtype":5,"value":0.07,"recordDate":1457971200000,"divPayDate":null,"isLock":null,"updated":null},{"symbol":"DTF","date":1455120000000,"type":1,"subtype":5,"value":0.07,"recordDate":1455552000000,"divPayDate":null,"isLock":null,"updated":null},{"symbol":"DTF","date":1452614400000,"type":1,"subtype":5,"value":0.07,"recordDate":1452787200000,"divPayDate":null,"isLock":null,"updated":null},{"symbol":"DTF","date":1451318400000,"type":1,"subtype":5,"value":0.03773,"recordDate":1451491200000,"divPayDate":null,"isLock":null,"updated":null},{"symbol":"DTF","date":1449763200000,"type":1,"subtype":5,"value":0.07,"recordDate":1450108800000,"divPayDate":null,"isLock":null,"updated":null},{"symbol":"DTF","date":1447257600000,"type":1,"subtype":5,"value":0.07,"recordDate":1447603200000,"divPayDate":null,"isLock":null,"updated":null},{"symbol":"DTF","date":1444665600000,"type":1,"subtype":5,"value":0.07,"recordDate":1444838400000,"divPayDate":null,"isLock":null,"updated":null},{"symbol":"DTF","date":1441900800000,"type":1,"subtype":5,"value":0.07,"recordDate":1442246400000,"divPayDate":null,"isLock":null,"updated":null},{"symbol":"DTF","date":1439395200000,"type":1,"subtype":5,"value":0.07,"recordDate":1439740800000,"divPayDate":null,"isLock":null,"updated":null},{"symbol":"DTF","date":1436716800000,"type":1,"subtype":5,"value":0.07,"recordDate":1436889600000,"divPayDate":null,"isLock":null,"updated":null},{"symbol":"DTF","date":1433952000000,"type":1,"subtype":5,"value":0.07,"recordDate":1434297600000,"divPayDate":null,"isLock":null,"updated":null},{"symbol":"DTF","date":1431446400000,"type":1,"subtype":5,"value":0.07,"recordDate":1431619200000,"divPayDate":null,"isLock":null,"updated":null},{"symbol":"DTF","date":1428854400000,"type":1,"subtype":5,"value":0.07,"recordDate":1429027200000,"divPayDate":null,"isLock":null,"updated":null},{"symbol":"DTF","date":1426089600000,"type":1,"subtype":5,"value":0.07,"recordDate":1426435200000,"divPayDate":null,"isLock":null,"updated":null},{"symbol":"DTF","date":1423670400000,"type":1,"subtype":5,"value":0.07,"recordDate":1424102400000,"divPayDate":null,"isLock":null,"updated":null},{"symbol":"DTF","date":1421078400000,"type":1,"subtype":5,"value":0.07,"recordDate":1421251200000,"divPayDate":null,"isLock":null,"updated":null},{"symbol":"DTF","date":1418227200000,"type":1,"subtype":5,"value":0.07,"recordDate":1418572800000,"divPayDate":null,"isLock":null,"updated":null},{"symbol":"DTF","date":1415808000000,"type":1,"subtype":5,"value":0.07,"recordDate":1416153600000,"divPayDate":null,"isLock":null,"updated":null},{"symbol":"DTF","date":1412870400000,"type":1,"subtype":5,"value":0.07,"recordDate":1413302400000,"divPayDate":null,"isLock":null,"updated":null},{"symbol":"DTF","date":1410364800000,"type":1,"subtype":5,"value":0.07,"recordDate":1410710400000,"divPayDate":null,"isLock":null,"updated":null},{"symbol":"DTF","date":1407859200000,"type":1,"subtype":5,"value":0.07,"recordDate":1408032000000,"divPayDate":null,"isLock":null,"updated":null},{"symbol":"DTF","date":1405008000000,"type":1,"subtype":5,"value":0.07,"recordDate":1405353600000,"divPayDate":null,"isLock":null,"updated":null},{"symbol":"DTF","date":1402502400000,"type":1,"subtype":5,"value":0.07,"recordDate":null,"divPayDate":null,"isLock":null,"updated":null},{"symbol":"DTF","date":1399910400000,"type":1,"subtype":5,"value":0.07,"recordDate":null,"divPayDate":null,"isLock":null,"updated":null},{"symbol":"DTF","date":1397145600000,"type":1,"subtype":5,"value":0.07,"recordDate":null,"divPayDate":null,"isLock":null,"updated":null},{"symbol":"DTF","date":1394640000000,"type":1,"subtype":5,"value":0.07,"recordDate":null,"divPayDate":null,"isLock":null,"updated":null},{"symbol":"DTF","date":1392220800000,"type":1,"subtype":5,"value":0.07,"recordDate":null,"divPayDate":null,"isLock":null,"updated":null},{"symbol":"DTF","date":1389542400000,"type":1,"subtype":5,"value":0.07,"recordDate":null,"divPayDate":null,"isLock":null,"updated":null},{"symbol":"DTF","date":1386777600000,"type":1,"subtype":5,"value":0.08029,"recordDate":null,"divPayDate":null,"isLock":null,"updated":null},{"symbol":"DTF","date":1384272000000,"type":1,"subtype":5,"value":0.07,"recordDate":null,"divPayDate":null,"isLock":null,"updated":null},{"symbol":"DTF","date":1381334400000,"type":1,"subtype":5,"value":0.07,"recordDate":null,"divPayDate":null,"isLock":null,"updated":null},{"symbol":"DTF","date":1378915200000,"type":1,"subtype":5,"value":0.07,"recordDate":null,"divPayDate":null,"isLock":null,"updated":null},{"symbol":"DTF","date":1376323200000,"type":1,"subtype":5,"value":0.07,"recordDate":null,"divPayDate":null,"isLock":null,"updated":null},{"symbol":"DTF","date":1373472000000,"type":1,"subtype":5,"value":0.07,"recordDate":null,"divPayDate":null,"isLock":null,"updated":null},{"symbol":"DTF","date":1371052800000,"type":1,"subtype":5,"value":0.07,"recordDate":null,"divPayDate":null,"isLock":null,"updated":null},{"symbol":"DTF","date":1368374400000,"type":1,"subtype":5,"value":0.07,"recordDate":null,"divPayDate":null,"isLock":null,"updated":null},{"symbol":"DTF","date":1365609600000,"type":1,"subtype":5,"value":0.07,"recordDate":null,"divPayDate":null,"isLock":null,"updated":null},{"symbol":"DTF","date":1363104000000,"type":1,"subtype":5,"value":0.07,"recordDate":null,"divPayDate":null,"isLock":null,"updated":null},{"symbol":"DTF","date":1360684800000,"type":1,"subtype":5,"value":0.07,"recordDate":null,"divPayDate":null,"isLock":null,"updated":null},{"symbol":"DTF","date":1357833600000,"type":1,"subtype":5,"value":0.07,"recordDate":null,"divPayDate":null,"isLock":null,"updated":null},{"symbol":"DTF","date":1355760000000,"type":1,"subtype":5,"value":0.00572,"recordDate":null,"divPayDate":null,"isLock":null,"updated":null},{"symbol":"DTF","date":1355241600000,"type":1,"subtype":5,"value":0.07,"recordDate":null,"divPayDate":null,"isLock":null,"updated":null},{"symbol":"DTF","date":1352736000000,"type":1,"subtype":5,"value":0.07,"recordDate":null,"divPayDate":null,"isLock":null,"updated":null},{"symbol":"DTF","date":1349884800000,"type":1,"subtype":5,"value":0.07,"recordDate":null,"divPayDate":null,"isLock":null,"updated":null},{"symbol":"DTF","date":1347379200000,"type":1,"subtype":5,"value":0.07,"recordDate":null,"divPayDate":null,"isLock":null,"updated":null}]}