{"list":[{"symbol":"DUKH","date":1562774400000,"type":1,"subtype":5,"value":0.32031,"recordDate":null,"divPayDate":null,"isLock":null,"updated":null},{"symbol":"DUKH","date":1554912000000,"type":1,"subtype":5,"value":0.32031,"recordDate":null,"divPayDate":null,"isLock":null,"updated":null},{"symbol":"DUKH","date":1547136000000,"type":1,"subtype":5,"value":0.32031,"recordDate":null,"divPayDate":null,"isLock":null,"updated":null},{"symbol":"DUKH","date":1539187200000,"type":1,"subtype":5,"value":0.32031,"recordDate":null,"divPayDate":null,"isLock":null,"updated":null},{"symbol":"DUKH","date":1531324800000,"type":1,"subtype":5,"value":0.32031,"recordDate":null,"divPayDate":null,"isLock":null,"updated":null},{"symbol":"DUKH","date":1523462400000,"type":1,"subtype":5,"value":0.32031,"recordDate":null,"divPayDate":null,"isLock":null,"updated":null},{"symbol":"DUKH","date":1515600000000,"type":1,"subtype":5,"value":0.32031,"recordDate":1515686400000,"divPayDate":null,"isLock":null,"updated":null},{"symbol":"DUKH","date":1507737600000,"type":1,"subtype":5,"value":0.32031,"recordDate":1507824000000,"divPayDate":null,"isLock":null,"updated":null},{"symbol":"DUKH","date":1499788800000,"type":1,"subtype":5,"value":0.32031,"recordDate":1499961600000,"divPayDate":null,"isLock":null,"updated":null},{"symbol":"DUKH","date":1491840000000,"type":1,"subtype":5,"value":0.32031,"recordDate":1492012800000,"divPayDate":null,"isLock":null,"updated":null},{"symbol":"DUKH","date":1484064000000,"type":1,"subtype":5,"value":0.32031,"recordDate":1484236800000,"divPayDate":null,"isLock":null,"updated":null},{"symbol":"DUKH","date":1476201600000,"type":1,"subtype":5,"value":0.32031,"recordDate":1476374400000,"divPayDate":null,"isLock":null,"updated":null},{"symbol":"DUKH","date":1468252800000,"type":1,"subtype":5,"value":0.32031,"recordDate":1468425600000,"divPayDate":null,"isLock":null,"updated":null},{"symbol":"DUKH","date":1460390400000,"type":1,"subtype":5,"value":0.32031,"recordDate":1460563200000,"divPayDate":null,"isLock":null,"updated":null},{"symbol":"DUKH","date":1452528000000,"type":1,"subtype":5,"value":0.32031,"recordDate":1452700800000,"divPayDate":null,"isLock":null,"updated":null},{"symbol":"DUKH","date":1444320000000,"type":1,"subtype":5,"value":0.32031,"recordDate":1444752000000,"divPayDate":null,"isLock":null,"updated":null},{"symbol":"DUKH","date":1436457600000,"type":1,"subtype":5,"value":0.32031,"recordDate":1436803200000,"divPayDate":null,"isLock":null,"updated":null},{"symbol":"DUKH","date":1428595200000,"type":1,"subtype":5,"value":0.32031,"recordDate":1428940800000,"divPayDate":null,"isLock":null,"updated":null},{"symbol":"DUKH","date":1420992000000,"type":1,"subtype":5,"value":0.32031,"recordDate":1421164800000,"divPayDate":null,"isLock":null,"updated":null},{"symbol":"DUKH","date":1412784000000,"type":1,"subtype":5,"value":0.32031,"recordDate":1413216000000,"divPayDate":null,"isLock":null,"updated":null},{"symbol":"DUKH","date":1404921600000,"type":1,"subtype":5,"value":0.32031,"recordDate":null,"divPayDate":null,"isLock":null,"updated":null},{"symbol":"DUKH","date":1397059200000,"type":1,"subtype":5,"value":0.32031,"recordDate":null,"divPayDate":null,"isLock":null,"updated":null},{"symbol":"DUKH","date":1389283200000,"type":1,"subtype":5,"value":0.32031,"recordDate":null,"divPayDate":null,"isLock":null,"updated":null},{"symbol":"DUKH","date":1381248000000,"type":1,"subtype":5,"value":0.32031,"recordDate":null,"divPayDate":null,"isLock":null,"updated":null},{"symbol":"DUKH","date":1373385600000,"type":1,"subtype":5,"value":0.32031,"recordDate":null,"divPayDate":null,"isLock":null,"updated":null},{"symbol":"DUKH","date":1365523200000,"type":1,"subtype":5,"value":0.32387,"recordDate":null,"divPayDate":null,"isLock":null,"updated":null}]}