{"list":[{"symbol":"EBMT","date":1557936000000,"type":1,"subtype":5,"value":0.0925,"recordDate":null,"divPayDate":null,"isLock":null,"updated":null},{"symbol":"EBMT","date":1549468800000,"type":1,"subtype":5,"value":0.0925,"recordDate":null,"divPayDate":null,"isLock":null,"updated":null},{"symbol":"EBMT","date":1542211200000,"type":1,"subtype":5,"value":0.0925,"recordDate":null,"divPayDate":null,"isLock":null,"updated":null},{"symbol":"EBMT","date":1534348800000,"type":1,"subtype":5,"value":0.0925,"recordDate":null,"divPayDate":null,"isLock":null,"updated":null},{"symbol":"EBMT","date":1525881600000,"type":1,"subtype":5,"value":0.09,"recordDate":1525968000000,"divPayDate":null,"isLock":null,"updated":null},{"symbol":"EBMT","date":1518019200000,"type":1,"subtype":5,"value":0.09,"recordDate":1518105600000,"divPayDate":null,"isLock":null,"updated":null},{"symbol":"EBMT","date":1510156800000,"type":1,"subtype":5,"value":0.09,"recordDate":1510243200000,"divPayDate":null,"isLock":null,"updated":null},{"symbol":"EBMT","date":1502208000000,"type":1,"subtype":5,"value":0.09,"recordDate":1502380800000,"divPayDate":null,"isLock":null,"updated":null},{"symbol":"EBMT","date":1494345600000,"type":1,"subtype":5,"value":0.08,"recordDate":1494518400000,"divPayDate":null,"isLock":null,"updated":null},{"symbol":"EBMT","date":1486483200000,"type":1,"subtype":5,"value":0.08,"recordDate":1486656000000,"divPayDate":null,"isLock":null,"updated":null},{"symbol":"EBMT","date":1478534400000,"type":1,"subtype":5,"value":0.08,"recordDate":1478793600000,"divPayDate":null,"isLock":null,"updated":null},{"symbol":"EBMT","date":1470758400000,"type":1,"subtype":5,"value":0.08,"recordDate":1470931200000,"divPayDate":null,"isLock":null,"updated":null},{"symbol":"EBMT","date":1462896000000,"type":1,"subtype":5,"value":0.0775,"recordDate":1463068800000,"divPayDate":null,"isLock":null,"updated":null},{"symbol":"EBMT","date":1455033600000,"type":1,"subtype":5,"value":0.0775,"recordDate":1455206400000,"divPayDate":null,"isLock":null,"updated":null},{"symbol":"EBMT","date":1447084800000,"type":1,"subtype":5,"value":0.0775,"recordDate":1447344000000,"divPayDate":null,"isLock":null,"updated":null},{"symbol":"EBMT","date":1439308800000,"type":1,"subtype":5,"value":0.0775,"recordDate":1439481600000,"divPayDate":null,"isLock":null,"updated":null},{"symbol":"EBMT","date":1431446400000,"type":1,"subtype":5,"value":0.075,"recordDate":1431619200000,"divPayDate":null,"isLock":null,"updated":null},{"symbol":"EBMT","date":1423584000000,"type":1,"subtype":5,"value":0.075,"recordDate":1423756800000,"divPayDate":null,"isLock":null,"updated":null},{"symbol":"EBMT","date":1415721600000,"type":1,"subtype":5,"value":0.075,"recordDate":1415980800000,"divPayDate":null,"isLock":null,"updated":null},{"symbol":"EBMT","date":1407859200000,"type":1,"subtype":5,"value":0.075,"recordDate":1408032000000,"divPayDate":null,"isLock":null,"updated":null},{"symbol":"EBMT","date":1399996800000,"type":1,"subtype":5,"value":0.0725,"recordDate":null,"divPayDate":null,"isLock":null,"updated":null},{"symbol":"EBMT","date":1392134400000,"type":1,"subtype":5,"value":0.0725,"recordDate":null,"divPayDate":null,"isLock":null,"updated":null},{"symbol":"EBMT","date":1384272000000,"type":1,"subtype":5,"value":0.0725,"recordDate":null,"divPayDate":null,"isLock":null,"updated":null},{"symbol":"EBMT","date":1376409600000,"type":1,"subtype":5,"value":0.0725,"recordDate":null,"divPayDate":null,"isLock":null,"updated":null},{"symbol":"EBMT","date":1368547200000,"type":1,"subtype":5,"value":0.0725,"recordDate":null,"divPayDate":null,"isLock":null,"updated":null},{"symbol":"EBMT","date":1360080000000,"type":1,"subtype":5,"value":0.07125,"recordDate":null,"divPayDate":null,"isLock":null,"updated":null},{"symbol":"EBMT","date":1351785600000,"type":1,"subtype":5,"value":0.07125,"recordDate":null,"divPayDate":null,"isLock":null,"updated":null},{"symbol":"EBMT","date":1343750400000,"type":1,"subtype":5,"value":0.07125,"recordDate":null,"divPayDate":null,"isLock":null,"updated":null}]}