{"list":[{"symbol":"EBR","date":1557331200000,"type":1,"subtype":5,"value":0.18635,"recordDate":null,"divPayDate":null,"isLock":null,"updated":null},{"symbol":"EBR","date":1398960000000,"type":1,"subtype":5,"value":0.13833,"recordDate":null,"divPayDate":null,"isLock":null,"updated":null},{"symbol":"EBR","date":1367424000000,"type":1,"subtype":5,"value":0.14244,"recordDate":null,"divPayDate":null,"isLock":null,"updated":null},{"symbol":"EBR","date":1337270400000,"type":1,"subtype":5,"value":0.5253,"recordDate":null,"divPayDate":null,"isLock":null,"updated":null}]}