{"list":[{"symbol":"ECA","date":1560355200000,"type":1,"subtype":5,"value":0.01875,"recordDate":null,"divPayDate":null,"isLock":null,"updated":null},{"symbol":"ECA","date":1552492800000,"type":1,"subtype":5,"value":0.01875,"recordDate":null,"divPayDate":null,"isLock":null,"updated":null},{"symbol":"ECA","date":1544630400000,"type":1,"subtype":5,"value":0.015,"recordDate":1544716800000,"divPayDate":null,"isLock":null,"updated":null},{"symbol":"ECA","date":1536768000000,"type":1,"subtype":5,"value":0.015,"recordDate":1536854400000,"divPayDate":null,"isLock":null,"updated":null},{"symbol":"ECA","date":1528905600000,"type":1,"subtype":5,"value":0.015,"recordDate":1528992000000,"divPayDate":null,"isLock":null,"updated":null},{"symbol":"ECA","date":1520956800000,"type":1,"subtype":5,"value":0.015,"recordDate":1521043200000,"divPayDate":null,"isLock":null,"updated":null},{"symbol":"ECA","date":1513180800000,"type":1,"subtype":5,"value":0.015,"recordDate":1513267200000,"divPayDate":null,"isLock":null,"updated":null},{"symbol":"ECA","date":1505318400000,"type":1,"subtype":5,"value":0.015,"recordDate":1505404800000,"divPayDate":null,"isLock":null,"updated":null},{"symbol":"ECA","date":1497283200000,"type":1,"subtype":5,"value":0.015,"recordDate":1497456000000,"divPayDate":null,"isLock":null,"updated":null},{"symbol":"ECA","date":1489334400000,"type":1,"subtype":5,"value":0.015,"recordDate":1489507200000,"divPayDate":null,"isLock":null,"updated":null},{"symbol":"ECA","date":1481558400000,"type":1,"subtype":5,"value":0.015,"recordDate":1481731200000,"divPayDate":null,"isLock":null,"updated":null},{"symbol":"ECA","date":1473696000000,"type":1,"subtype":5,"value":0.015,"recordDate":1473868800000,"divPayDate":null,"isLock":null,"updated":null},{"symbol":"ECA","date":1465747200000,"type":1,"subtype":5,"value":0.015,"recordDate":1465920000000,"divPayDate":null,"isLock":null,"updated":null},{"symbol":"ECA","date":1457625600000,"type":1,"subtype":5,"value":0.015,"recordDate":1457971200000,"divPayDate":null,"isLock":null,"updated":null},{"symbol":"ECA","date":1449763200000,"type":1,"subtype":5,"value":0.07,"recordDate":1450108800000,"divPayDate":null,"isLock":null,"updated":null},{"symbol":"ECA","date":1441900800000,"type":1,"subtype":5,"value":0.07,"recordDate":1442246400000,"divPayDate":null,"isLock":null,"updated":null},{"symbol":"ECA","date":1433952000000,"type":1,"subtype":5,"value":0.07,"recordDate":1434297600000,"divPayDate":null,"isLock":null,"updated":null},{"symbol":"ECA","date":1426003200000,"type":1,"subtype":5,"value":0.07,"recordDate":1426176000000,"divPayDate":null,"isLock":null,"updated":null},{"symbol":"ECA","date":1418227200000,"type":1,"subtype":5,"value":0.07,"recordDate":1418572800000,"divPayDate":null,"isLock":null,"updated":null},{"symbol":"ECA","date":1410364800000,"type":1,"subtype":5,"value":0.07,"recordDate":1410710400000,"divPayDate":null,"isLock":null,"updated":null},{"symbol":"ECA","date":1402416000000,"type":1,"subtype":5,"value":0.07,"recordDate":null,"divPayDate":null,"isLock":null,"updated":null},{"symbol":"ECA","date":1394553600000,"type":1,"subtype":5,"value":0.07,"recordDate":null,"divPayDate":null,"isLock":null,"updated":null},{"symbol":"ECA","date":1386691200000,"type":1,"subtype":5,"value":0.07,"recordDate":null,"divPayDate":null,"isLock":null,"updated":null},{"symbol":"ECA","date":1378828800000,"type":1,"subtype":5,"value":0.2,"recordDate":null,"divPayDate":null,"isLock":null,"updated":null},{"symbol":"ECA","date":1370966400000,"type":1,"subtype":5,"value":0.2,"recordDate":null,"divPayDate":null,"isLock":null,"updated":null},{"symbol":"ECA","date":1363104000000,"type":1,"subtype":5,"value":0.2,"recordDate":null,"divPayDate":null,"isLock":null,"updated":null},{"symbol":"ECA","date":1355241600000,"type":1,"subtype":5,"value":0.2,"recordDate":null,"divPayDate":null,"isLock":null,"updated":null},{"symbol":"ECA","date":1347379200000,"type":1,"subtype":5,"value":0.2,"recordDate":null,"divPayDate":null,"isLock":null,"updated":null},{"symbol":"ECA","date":1116777600000,"type":2,"subtype":8,"value":2.0,"recordDate":1442246400000,"divPayDate":null,"isLock":null,"updated":null}]}