{"list":[{"symbol":"ECT","date":1558281600000,"type":1,"subtype":5,"value":0.064,"recordDate":1558368000000,"divPayDate":null,"isLock":null,"updated":null},{"symbol":"ECT","date":1550592000000,"type":1,"subtype":5,"value":0.113,"recordDate":1550678400000,"divPayDate":null,"isLock":null,"updated":null},{"symbol":"ECT","date":1542643200000,"type":1,"subtype":5,"value":0.078,"recordDate":1542729600000,"divPayDate":null,"isLock":null,"updated":null},{"symbol":"ECT","date":1534694400000,"type":1,"subtype":5,"value":0.064,"recordDate":1534780800000,"divPayDate":null,"isLock":null,"updated":null},{"symbol":"ECT","date":1526572800000,"type":1,"subtype":5,"value":0.059,"recordDate":1526832000000,"divPayDate":null,"isLock":null,"updated":null},{"symbol":"ECT","date":1518710400000,"type":1,"subtype":5,"value":0.067,"recordDate":1519056000000,"divPayDate":null,"isLock":null,"updated":null},{"symbol":"ECT","date":1510761600000,"type":1,"subtype":5,"value":0.073,"recordDate":1510848000000,"divPayDate":null,"isLock":null,"updated":null},{"symbol":"ECT","date":1502812800000,"type":1,"subtype":5,"value":0.1,"recordDate":1502985600000,"divPayDate":null,"isLock":null,"updated":null},{"symbol":"ECT","date":1494864000000,"type":1,"subtype":5,"value":0.086,"recordDate":1495036800000,"divPayDate":null,"isLock":null,"updated":null},{"symbol":"ECT","date":1487088000000,"type":1,"subtype":5,"value":0.074,"recordDate":1487260800000,"divPayDate":null,"isLock":null,"updated":null},{"symbol":"ECT","date":1479225600000,"type":1,"subtype":5,"value":0.071,"recordDate":1479398400000,"divPayDate":null,"isLock":null,"updated":null},{"symbol":"ECT","date":1471363200000,"type":1,"subtype":5,"value":0.028,"recordDate":1471536000000,"divPayDate":null,"isLock":null,"updated":null},{"symbol":"ECT","date":1463500800000,"type":1,"subtype":5,"value":0.025,"recordDate":1463673600000,"divPayDate":null,"isLock":null,"updated":null},{"symbol":"ECT","date":1455638400000,"type":1,"subtype":5,"value":0.066,"recordDate":1455811200000,"divPayDate":null,"isLock":null,"updated":null},{"symbol":"ECT","date":1447776000000,"type":1,"subtype":5,"value":0.072,"recordDate":1447948800000,"divPayDate":null,"isLock":null,"updated":null},{"symbol":"ECT","date":1439827200000,"type":1,"subtype":5,"value":0.061,"recordDate":1440000000000,"divPayDate":null,"isLock":null,"updated":null},{"symbol":"ECT","date":1431878400000,"type":1,"subtype":5,"value":0.084,"recordDate":1432051200000,"divPayDate":null,"isLock":null,"updated":null},{"symbol":"ECT","date":1424188800000,"type":1,"subtype":5,"value":0.18,"recordDate":1424361600000,"divPayDate":null,"isLock":null,"updated":null},{"symbol":"ECT","date":1416326400000,"type":1,"subtype":5,"value":0.203,"recordDate":1416499200000,"divPayDate":null,"isLock":null,"updated":null},{"symbol":"ECT","date":1408377600000,"type":1,"subtype":5,"value":0.281,"recordDate":1408550400000,"divPayDate":null,"isLock":null,"updated":null},{"symbol":"ECT","date":1400083200000,"type":1,"subtype":5,"value":0.334,"recordDate":null,"divPayDate":null,"isLock":null,"updated":null},{"symbol":"ECT","date":1392134400000,"type":1,"subtype":5,"value":0.362,"recordDate":null,"divPayDate":null,"isLock":null,"updated":null},{"symbol":"ECT","date":1384185600000,"type":1,"subtype":5,"value":0.391,"recordDate":null,"divPayDate":null,"isLock":null,"updated":null},{"symbol":"ECT","date":1376409600000,"type":1,"subtype":5,"value":0.477,"recordDate":null,"divPayDate":null,"isLock":null,"updated":null},{"symbol":"ECT","date":1368547200000,"type":1,"subtype":5,"value":0.443,"recordDate":null,"divPayDate":null,"isLock":null,"updated":null},{"symbol":"ECT","date":1360771200000,"type":1,"subtype":5,"value":0.682,"recordDate":null,"divPayDate":null,"isLock":null,"updated":null},{"symbol":"ECT","date":1352995200000,"type":1,"subtype":5,"value":0.624,"recordDate":null,"divPayDate":null,"isLock":null,"updated":null},{"symbol":"ECT","date":1345046400000,"type":1,"subtype":5,"value":0.602,"recordDate":null,"divPayDate":null,"isLock":null,"updated":null}]}