{"list":[{"symbol":"EDF","date":1562860800000,"type":1,"subtype":5,"value":0.18,"recordDate":null,"divPayDate":null,"isLock":null,"updated":null},{"symbol":"EDF","date":1560441600000,"type":1,"subtype":5,"value":0.18,"recordDate":1560700800000,"divPayDate":null,"isLock":null,"updated":null},{"symbol":"EDF","date":1557936000000,"type":1,"subtype":5,"value":0.18,"recordDate":1558022400000,"divPayDate":null,"isLock":null,"updated":null},{"symbol":"EDF","date":1554912000000,"type":1,"subtype":5,"value":0.18,"recordDate":1554998400000,"divPayDate":null,"isLock":null,"updated":null},{"symbol":"EDF","date":1552579200000,"type":1,"subtype":5,"value":0.18,"recordDate":1552838400000,"divPayDate":null,"isLock":null,"updated":null},{"symbol":"EDF","date":1550073600000,"type":1,"subtype":5,"value":0.18,"recordDate":1550160000000,"divPayDate":null,"isLock":null,"updated":null},{"symbol":"EDF","date":1547654400000,"type":1,"subtype":5,"value":0.18,"recordDate":1547740800000,"divPayDate":null,"isLock":null,"updated":null},{"symbol":"EDF","date":1544630400000,"type":1,"subtype":5,"value":0.18,"recordDate":1544716800000,"divPayDate":null,"isLock":null,"updated":null},{"symbol":"EDF","date":1542211200000,"type":1,"subtype":5,"value":0.18,"recordDate":1542297600000,"divPayDate":null,"isLock":null,"updated":null},{"symbol":"EDF","date":1539273600000,"type":1,"subtype":5,"value":0.18,"recordDate":1539532800000,"divPayDate":null,"isLock":null,"updated":null},{"symbol":"EDF","date":1536854400000,"type":1,"subtype":5,"value":0.18,"recordDate":1537113600000,"divPayDate":null,"isLock":null,"updated":null},{"symbol":"EDF","date":1534435200000,"type":1,"subtype":5,"value":0.18,"recordDate":1534694400000,"divPayDate":null,"isLock":null,"updated":null},{"symbol":"EDF","date":1531411200000,"type":1,"subtype":5,"value":0.18,"recordDate":null,"divPayDate":null,"isLock":null,"updated":null},{"symbol":"EDF","date":1528992000000,"type":1,"subtype":5,"value":0.18,"recordDate":1529251200000,"divPayDate":null,"isLock":null,"updated":null},{"symbol":"EDF","date":1526486400000,"type":1,"subtype":5,"value":0.18,"recordDate":1526572800000,"divPayDate":null,"isLock":null,"updated":null},{"symbol":"EDF","date":1523548800000,"type":1,"subtype":5,"value":0.18,"recordDate":null,"divPayDate":null,"isLock":null,"updated":null},{"symbol":"EDF","date":1521129600000,"type":1,"subtype":5,"value":0.18,"recordDate":1521388800000,"divPayDate":null,"isLock":null,"updated":null},{"symbol":"EDF","date":1518019200000,"type":1,"subtype":5,"value":0.18,"recordDate":1518105600000,"divPayDate":null,"isLock":null,"updated":null},{"symbol":"EDF","date":1515600000000,"type":1,"subtype":5,"value":0.18,"recordDate":1515686400000,"divPayDate":null,"isLock":null,"updated":null},{"symbol":"EDF","date":1513180800000,"type":1,"subtype":5,"value":0.18,"recordDate":1513267200000,"divPayDate":null,"isLock":null,"updated":null},{"symbol":"EDF","date":1510761600000,"type":1,"subtype":5,"value":0.18,"recordDate":1510848000000,"divPayDate":null,"isLock":null,"updated":null},{"symbol":"EDF","date":1507824000000,"type":1,"subtype":5,"value":0.18,"recordDate":1508083200000,"divPayDate":null,"isLock":null,"updated":null},{"symbol":"EDF","date":1505404800000,"type":1,"subtype":5,"value":0.18,"recordDate":1505664000000,"divPayDate":null,"isLock":null,"updated":null},{"symbol":"EDF","date":1502899200000,"type":1,"subtype":5,"value":0.18,"recordDate":1503244800000,"divPayDate":null,"isLock":null,"updated":null},{"symbol":"EDF","date":1499875200000,"type":1,"subtype":5,"value":0.18,"recordDate":1500220800000,"divPayDate":null,"isLock":null,"updated":null},{"symbol":"EDF","date":1497456000000,"type":1,"subtype":5,"value":0.18,"recordDate":1497801600000,"divPayDate":null,"isLock":null,"updated":null},{"symbol":"EDF","date":1494432000000,"type":1,"subtype":5,"value":0.18,"recordDate":1494777600000,"divPayDate":null,"isLock":null,"updated":null},{"symbol":"EDF","date":1491926400000,"type":1,"subtype":5,"value":0.18,"recordDate":1492358400000,"divPayDate":null,"isLock":null,"updated":null},{"symbol":"EDF","date":1489593600000,"type":1,"subtype":5,"value":0.18,"recordDate":1489939200000,"divPayDate":null,"isLock":null,"updated":null},{"symbol":"EDF","date":1486483200000,"type":1,"subtype":5,"value":0.18,"recordDate":1486656000000,"divPayDate":null,"isLock":null,"updated":null},{"symbol":"EDF","date":1484064000000,"type":1,"subtype":5,"value":0.18,"recordDate":1484236800000,"divPayDate":null,"isLock":null,"updated":null},{"symbol":"EDF","date":1481644800000,"type":1,"subtype":5,"value":0.18,"recordDate":1481817600000,"divPayDate":null,"isLock":null,"updated":null},{"symbol":"EDF","date":1478102400000,"type":1,"subtype":5,"value":0.18,"recordDate":1478448000000,"divPayDate":null,"isLock":null,"updated":null},{"symbol":"EDF","date":1476288000000,"type":1,"subtype":5,"value":0.18,"recordDate":1476633600000,"divPayDate":null,"isLock":null,"updated":null},{"symbol":"EDF","date":1473868800000,"type":1,"subtype":5,"value":0.18,"recordDate":1474214400000,"divPayDate":null,"isLock":null,"updated":null},{"symbol":"EDF","date":1470844800000,"type":1,"subtype":5,"value":0.18,"recordDate":1471190400000,"divPayDate":null,"isLock":null,"updated":null},{"symbol":"EDF","date":1468425600000,"type":1,"subtype":5,"value":0.18,"recordDate":1468771200000,"divPayDate":null,"isLock":null,"updated":null},{"symbol":"EDF","date":1466006400000,"type":1,"subtype":5,"value":0.18,"recordDate":1466352000000,"divPayDate":null,"isLock":null,"updated":null},{"symbol":"EDF","date":1462982400000,"type":1,"subtype":5,"value":0.18,"recordDate":1463328000000,"divPayDate":null,"isLock":null,"updated":null},{"symbol":"EDF","date":1460563200000,"type":1,"subtype":5,"value":0.18,"recordDate":1460908800000,"divPayDate":null,"isLock":null,"updated":null},{"symbol":"EDF","date":1458057600000,"type":1,"subtype":5,"value":0.18,"recordDate":1458230400000,"divPayDate":null,"isLock":null,"updated":null},{"symbol":"EDF","date":1455033600000,"type":1,"subtype":5,"value":0.18,"recordDate":1455206400000,"divPayDate":null,"isLock":null,"updated":null},{"symbol":"EDF","date":1452614400000,"type":1,"subtype":5,"value":0.18,"recordDate":1452787200000,"divPayDate":null,"isLock":null,"updated":null},{"symbol":"EDF","date":1450195200000,"type":1,"subtype":5,"value":0.18,"recordDate":1450368000000,"divPayDate":null,"isLock":null,"updated":null},{"symbol":"EDF","date":1446652800000,"type":1,"subtype":5,"value":0.18,"recordDate":1446998400000,"divPayDate":null,"isLock":null,"updated":null},{"symbol":"EDF","date":1444838400000,"type":1,"subtype":5,"value":0.18,"recordDate":1445184000000,"divPayDate":null,"isLock":null,"updated":null},{"symbol":"EDF","date":1441814400000,"type":1,"subtype":5,"value":0.18,"recordDate":1442160000000,"divPayDate":null,"isLock":null,"updated":null},{"symbol":"EDF","date":1439395200000,"type":1,"subtype":5,"value":0.18,"recordDate":1439740800000,"divPayDate":null,"isLock":null,"updated":null},{"symbol":"EDF","date":1436976000000,"type":1,"subtype":5,"value":0.18,"recordDate":1437321600000,"divPayDate":null,"isLock":null,"updated":null},{"symbol":"EDF","date":1433952000000,"type":1,"subtype":5,"value":0.18,"recordDate":1434297600000,"divPayDate":null,"isLock":null,"updated":null},{"symbol":"EDF","date":1431446400000,"type":1,"subtype":5,"value":0.18,"recordDate":1431619200000,"divPayDate":null,"isLock":null,"updated":null},{"symbol":"EDF","date":1429113600000,"type":1,"subtype":5,"value":0.18,"recordDate":1429459200000,"divPayDate":null,"isLock":null,"updated":null},{"symbol":"EDF","date":1426089600000,"type":1,"subtype":5,"value":0.18,"recordDate":1426435200000,"divPayDate":null,"isLock":null,"updated":null},{"symbol":"EDF","date":1423584000000,"type":1,"subtype":5,"value":0.18,"recordDate":1423756800000,"divPayDate":null,"isLock":null,"updated":null},{"symbol":"EDF","date":1421164800000,"type":1,"subtype":5,"value":0.18,"recordDate":1421337600000,"divPayDate":null,"isLock":null,"updated":null},{"symbol":"EDF","date":1417622400000,"type":1,"subtype":5,"value":0.18,"recordDate":1417968000000,"divPayDate":null,"isLock":null,"updated":null},{"symbol":"EDF","date":1415203200000,"type":1,"subtype":5,"value":0.18,"recordDate":1415548800000,"divPayDate":null,"isLock":null,"updated":null},{"symbol":"EDF","date":1413388800000,"type":1,"subtype":5,"value":0.18,"recordDate":1413734400000,"divPayDate":null,"isLock":null,"updated":null},{"symbol":"EDF","date":1410364800000,"type":1,"subtype":5,"value":0.18,"recordDate":1410710400000,"divPayDate":null,"isLock":null,"updated":null},{"symbol":"EDF","date":1407945600000,"type":1,"subtype":5,"value":0.18,"recordDate":1408291200000,"divPayDate":null,"isLock":null,"updated":null},{"symbol":"EDF","date":1405526400000,"type":1,"subtype":5,"value":0.18,"recordDate":null,"divPayDate":null,"isLock":null,"updated":null},{"symbol":"EDF","date":1402502400000,"type":1,"subtype":5,"value":0.18,"recordDate":null,"divPayDate":null,"isLock":null,"updated":null},{"symbol":"EDF","date":1399996800000,"type":1,"subtype":5,"value":0.18,"recordDate":null,"divPayDate":null,"isLock":null,"updated":null},{"symbol":"EDF","date":1397059200000,"type":1,"subtype":5,"value":0.18,"recordDate":null,"divPayDate":null,"isLock":null,"updated":null},{"symbol":"EDF","date":1394640000000,"type":1,"subtype":5,"value":0.18,"recordDate":null,"divPayDate":null,"isLock":null,"updated":null},{"symbol":"EDF","date":1392134400000,"type":1,"subtype":5,"value":0.18,"recordDate":null,"divPayDate":null,"isLock":null,"updated":null},{"symbol":"EDF","date":1389715200000,"type":1,"subtype":5,"value":0.18,"recordDate":null,"divPayDate":null,"isLock":null,"updated":null},{"symbol":"EDF","date":1386691200000,"type":1,"subtype":5,"value":0.18,"recordDate":null,"divPayDate":null,"isLock":null,"updated":null},{"symbol":"EDF","date":1383667200000,"type":1,"subtype":5,"value":0.18,"recordDate":null,"divPayDate":null,"isLock":null,"updated":null},{"symbol":"EDF","date":1381939200000,"type":1,"subtype":5,"value":0.18,"recordDate":null,"divPayDate":null,"isLock":null,"updated":null},{"symbol":"EDF","date":1378915200000,"type":1,"subtype":5,"value":0.18,"recordDate":null,"divPayDate":null,"isLock":null,"updated":null},{"symbol":"EDF","date":1376496000000,"type":1,"subtype":5,"value":0.18,"recordDate":null,"divPayDate":null,"isLock":null,"updated":null},{"symbol":"EDF","date":1373472000000,"type":1,"subtype":5,"value":0.18,"recordDate":null,"divPayDate":null,"isLock":null,"updated":null},{"symbol":"EDF","date":1371052800000,"type":1,"subtype":5,"value":0.18,"recordDate":null,"divPayDate":null,"isLock":null,"updated":null},{"symbol":"EDF","date":1368547200000,"type":1,"subtype":5,"value":0.18,"recordDate":null,"divPayDate":null,"isLock":null,"updated":null},{"symbol":"EDF","date":1365609600000,"type":1,"subtype":5,"value":0.18,"recordDate":null,"divPayDate":null,"isLock":null,"updated":null},{"symbol":"EDF","date":1363190400000,"type":1,"subtype":5,"value":0.18,"recordDate":null,"divPayDate":null,"isLock":null,"updated":null},{"symbol":"EDF","date":1360684800000,"type":1,"subtype":5,"value":0.18,"recordDate":null,"divPayDate":null,"isLock":null,"updated":null},{"symbol":"EDF","date":1358265600000,"type":1,"subtype":5,"value":0.18,"recordDate":null,"divPayDate":null,"isLock":null,"updated":null},{"symbol":"EDF","date":1355328000000,"type":1,"subtype":5,"value":0.18,"recordDate":null,"divPayDate":null,"isLock":null,"updated":null},{"symbol":"EDF","date":1352908800000,"type":1,"subtype":5,"value":0.18,"recordDate":null,"divPayDate":null,"isLock":null,"updated":null},{"symbol":"EDF","date":1349884800000,"type":1,"subtype":5,"value":0.18,"recordDate":null,"divPayDate":null,"isLock":null,"updated":null},{"symbol":"EDF","date":1347465600000,"type":1,"subtype":5,"value":0.18,"recordDate":null,"divPayDate":null,"isLock":null,"updated":null}]}