{"list":[{"symbol":"EFF","date":1560960000000,"type":1,"subtype":5,"value":0.083,"recordDate":1561046400000,"divPayDate":null,"isLock":null,"updated":null},{"symbol":"EFF","date":1558540800000,"type":1,"subtype":5,"value":0.084,"recordDate":1558627200000,"divPayDate":null,"isLock":null,"updated":null},{"symbol":"EFF","date":1555862400000,"type":1,"subtype":5,"value":0.084,"recordDate":1555948800000,"divPayDate":null,"isLock":null,"updated":null},{"symbol":"EFF","date":1553011200000,"type":1,"subtype":5,"value":0.083,"recordDate":1553097600000,"divPayDate":null,"isLock":null,"updated":null},{"symbol":"EFF","date":1550592000000,"type":1,"subtype":5,"value":0.081,"recordDate":1550678400000,"divPayDate":null,"isLock":null,"updated":null},{"symbol":"EFF","date":1548172800000,"type":1,"subtype":5,"value":0.08,"recordDate":1548259200000,"divPayDate":null,"isLock":null,"updated":null},{"symbol":"EFF","date":1545321600000,"type":1,"subtype":5,"value":0.08,"recordDate":1545580800000,"divPayDate":null,"isLock":null,"updated":null},{"symbol":"EFF","date":1542729600000,"type":1,"subtype":5,"value":0.079,"recordDate":1542902400000,"divPayDate":null,"isLock":null,"updated":null},{"symbol":"EFF","date":1540224000000,"type":1,"subtype":5,"value":0.076,"recordDate":1540310400000,"divPayDate":null,"isLock":null,"updated":null},{"symbol":"EFF","date":1537372800000,"type":1,"subtype":5,"value":0.076,"recordDate":1537459200000,"divPayDate":null,"isLock":null,"updated":null},{"symbol":"EFF","date":1536768000000,"type":1,"subtype":5,"value":0.076,"recordDate":1536854400000,"divPayDate":null,"isLock":null,"updated":null},{"symbol":"EFF","date":1534953600000,"type":1,"subtype":5,"value":0.076,"recordDate":1535040000000,"divPayDate":null,"isLock":null,"updated":null},{"symbol":"EFF","date":1532275200000,"type":1,"subtype":5,"value":0.076,"recordDate":null,"divPayDate":null,"isLock":null,"updated":null},{"symbol":"EFF","date":1529510400000,"type":1,"subtype":5,"value":0.075,"recordDate":1529596800000,"divPayDate":null,"isLock":null,"updated":null},{"symbol":"EFF","date":1527004800000,"type":1,"subtype":5,"value":0.075,"recordDate":1527091200000,"divPayDate":null,"isLock":null,"updated":null},{"symbol":"EFF","date":1524153600000,"type":1,"subtype":5,"value":0.074,"recordDate":1524412800000,"divPayDate":null,"isLock":null,"updated":null},{"symbol":"EFF","date":1521561600000,"type":1,"subtype":5,"value":0.074,"recordDate":1521648000000,"divPayDate":null,"isLock":null,"updated":null},{"symbol":"EFF","date":1519056000000,"type":1,"subtype":5,"value":0.074,"recordDate":1519142400000,"divPayDate":null,"isLock":null,"updated":null},{"symbol":"EFF","date":1516636800000,"type":1,"subtype":5,"value":0.072,"recordDate":1516723200000,"divPayDate":null,"isLock":null,"updated":null},{"symbol":"EFF","date":1513785600000,"type":1,"subtype":5,"value":0.073,"recordDate":1513872000000,"divPayDate":null,"isLock":null,"updated":null},{"symbol":"EFF","date":1511193600000,"type":1,"subtype":5,"value":0.075,"recordDate":1511280000000,"divPayDate":null,"isLock":null,"updated":null},{"symbol":"EFF","date":1508688000000,"type":1,"subtype":5,"value":0.076,"recordDate":1508774400000,"divPayDate":null,"isLock":null,"updated":null},{"symbol":"EFF","date":1505923200000,"type":1,"subtype":5,"value":0.077,"recordDate":1506009600000,"divPayDate":null,"isLock":null,"updated":null},{"symbol":"EFF","date":1503331200000,"type":1,"subtype":5,"value":0.079,"recordDate":1503504000000,"divPayDate":null,"isLock":null,"updated":null},{"symbol":"EFF","date":1500480000000,"type":1,"subtype":5,"value":0.08,"recordDate":1500825600000,"divPayDate":null,"isLock":null,"updated":null},{"symbol":"EFF","date":1497974400000,"type":1,"subtype":5,"value":0.081,"recordDate":1498147200000,"divPayDate":null,"isLock":null,"updated":null},{"symbol":"EFF","date":1495382400000,"type":1,"subtype":5,"value":0.079,"recordDate":1495555200000,"divPayDate":null,"isLock":null,"updated":null},{"symbol":"EFF","date":1492531200000,"type":1,"subtype":5,"value":0.077,"recordDate":1492704000000,"divPayDate":null,"isLock":null,"updated":null},{"symbol":"EFF","date":1490112000000,"type":1,"subtype":5,"value":0.079,"recordDate":1490284800000,"divPayDate":null,"isLock":null,"updated":null},{"symbol":"EFF","date":1488988800000,"type":1,"subtype":5,"value":0.079,"recordDate":1490284800000,"divPayDate":null,"isLock":null,"updated":null},{"symbol":"EFF","date":1487174400000,"type":1,"subtype":5,"value":0.082,"recordDate":1487606400000,"divPayDate":null,"isLock":null,"updated":null},{"symbol":"EFF","date":1484841600000,"type":1,"subtype":5,"value":0.083,"recordDate":1485187200000,"divPayDate":null,"isLock":null,"updated":null},{"symbol":"EFF","date":1482249600000,"type":1,"subtype":5,"value":0.081,"recordDate":1482422400000,"divPayDate":null,"isLock":null,"updated":null},{"symbol":"EFF","date":1479657600000,"type":1,"subtype":5,"value":0.084,"recordDate":1479830400000,"divPayDate":null,"isLock":null,"updated":null},{"symbol":"EFF","date":1476892800000,"type":1,"subtype":5,"value":0.086,"recordDate":1477238400000,"divPayDate":null,"isLock":null,"updated":null},{"symbol":"EFF","date":1474387200000,"type":1,"subtype":5,"value":0.087,"recordDate":1474560000000,"divPayDate":null,"isLock":null,"updated":null},{"symbol":"EFF","date":1471795200000,"type":1,"subtype":5,"value":0.085,"recordDate":1471968000000,"divPayDate":null,"isLock":null,"updated":null},{"symbol":"EFF","date":1468944000000,"type":1,"subtype":5,"value":0.085,"recordDate":1469116800000,"divPayDate":null,"isLock":null,"updated":null},{"symbol":"EFF","date":1466438400000,"type":1,"subtype":5,"value":0.085,"recordDate":1466611200000,"divPayDate":null,"isLock":null,"updated":null},{"symbol":"EFF","date":1463673600000,"type":1,"subtype":5,"value":0.084,"recordDate":1464019200000,"divPayDate":null,"isLock":null,"updated":null},{"symbol":"EFF","date":1461081600000,"type":1,"subtype":5,"value":0.088,"recordDate":1461254400000,"divPayDate":null,"isLock":null,"updated":null},{"symbol":"EFF","date":1458576000000,"type":1,"subtype":5,"value":0.09,"recordDate":1458748800000,"divPayDate":null,"isLock":null,"updated":null},{"symbol":"EFF","date":1455724800000,"type":1,"subtype":5,"value":0.09,"recordDate":1456070400000,"divPayDate":null,"isLock":null,"updated":null},{"symbol":"EFF","date":1451318400000,"type":1,"subtype":5,"value":0.094,"recordDate":1451491200000,"divPayDate":null,"isLock":null,"updated":null},{"symbol":"EFF","date":1450627200000,"type":1,"subtype":5,"value":0.094,"recordDate":1450800000000,"divPayDate":null,"isLock":null,"updated":null},{"symbol":"EFF","date":1447862400000,"type":1,"subtype":5,"value":0.096,"recordDate":1448208000000,"divPayDate":null,"isLock":null,"updated":null},{"symbol":"EFF","date":1445356800000,"type":1,"subtype":5,"value":0.096,"recordDate":1445529600000,"divPayDate":null,"isLock":null,"updated":null},{"symbol":"EFF","date":1442764800000,"type":1,"subtype":5,"value":0.096,"recordDate":1442937600000,"divPayDate":null,"isLock":null,"updated":null},{"symbol":"EFF","date":1440000000000,"type":1,"subtype":5,"value":0.095,"recordDate":1440345600000,"divPayDate":null,"isLock":null,"updated":null},{"symbol":"EFF","date":1437494400000,"type":1,"subtype":5,"value":0.096,"recordDate":1437667200000,"divPayDate":null,"isLock":null,"updated":null},{"symbol":"EFF","date":1434643200000,"type":1,"subtype":5,"value":0.095,"recordDate":1434988800000,"divPayDate":null,"isLock":null,"updated":null},{"symbol":"EFF","date":1432051200000,"type":1,"subtype":5,"value":0.095,"recordDate":1432224000000,"divPayDate":null,"isLock":null,"updated":null},{"symbol":"EFF","date":1429545600000,"type":1,"subtype":5,"value":0.096,"recordDate":1429718400000,"divPayDate":null,"isLock":null,"updated":null},{"symbol":"EFF","date":1426780800000,"type":1,"subtype":5,"value":0.096,"recordDate":1427126400000,"divPayDate":null,"isLock":null,"updated":null},{"symbol":"EFF","date":1424188800000,"type":1,"subtype":5,"value":0.095,"recordDate":1424361600000,"divPayDate":null,"isLock":null,"updated":null},{"symbol":"EFF","date":1419523200000,"type":1,"subtype":5,"value":0.3779,"recordDate":1419868800000,"divPayDate":null,"isLock":null,"updated":null},{"symbol":"EFF","date":1419177600000,"type":1,"subtype":5,"value":0.095,"recordDate":1419350400000,"divPayDate":null,"isLock":null,"updated":null},{"symbol":"EFF","date":1416326400000,"type":1,"subtype":5,"value":0.094,"recordDate":1416499200000,"divPayDate":null,"isLock":null,"updated":null},{"symbol":"EFF","date":1413907200000,"type":1,"subtype":5,"value":0.094,"recordDate":1414080000000,"divPayDate":null,"isLock":null,"updated":null},{"symbol":"EFF","date":1411056000000,"type":1,"subtype":5,"value":0.094,"recordDate":1411401600000,"divPayDate":null,"isLock":null,"updated":null},{"symbol":"EFF","date":1408464000000,"type":1,"subtype":5,"value":0.093,"recordDate":1408636800000,"divPayDate":null,"isLock":null,"updated":null},{"symbol":"EFF","date":1405958400000,"type":1,"subtype":5,"value":0.093,"recordDate":1406131200000,"divPayDate":null,"isLock":null,"updated":null},{"symbol":"EFF","date":1403107200000,"type":1,"subtype":5,"value":0.094,"recordDate":null,"divPayDate":null,"isLock":null,"updated":null},{"symbol":"EFF","date":1400601600000,"type":1,"subtype":5,"value":0.093,"recordDate":null,"divPayDate":null,"isLock":null,"updated":null},{"symbol":"EFF","date":1398009600000,"type":1,"subtype":5,"value":0.093,"recordDate":null,"divPayDate":null,"isLock":null,"updated":null},{"symbol":"EFF","date":1395244800000,"type":1,"subtype":5,"value":0.095,"recordDate":null,"divPayDate":null,"isLock":null,"updated":null},{"symbol":"EFF","date":1392739200000,"type":1,"subtype":5,"value":0.094,"recordDate":null,"divPayDate":null,"isLock":null,"updated":null},{"symbol":"EFF","date":1388073600000,"type":1,"subtype":5,"value":0.1,"recordDate":null,"divPayDate":null,"isLock":null,"updated":null},{"symbol":"EFF","date":1387468800000,"type":1,"subtype":5,"value":0.1,"recordDate":null,"divPayDate":null,"isLock":null,"updated":null},{"symbol":"EFF","date":1384876800000,"type":1,"subtype":5,"value":0.1,"recordDate":null,"divPayDate":null,"isLock":null,"updated":null},{"symbol":"EFF","date":1382371200000,"type":1,"subtype":5,"value":0.1,"recordDate":null,"divPayDate":null,"isLock":null,"updated":null},{"symbol":"EFF","date":1379520000000,"type":1,"subtype":5,"value":0.095,"recordDate":null,"divPayDate":null,"isLock":null,"updated":null},{"symbol":"EFF","date":1377014400000,"type":1,"subtype":5,"value":0.104,"recordDate":null,"divPayDate":null,"isLock":null,"updated":null}]}