{"list":[{"symbol":"EHI","date":1566403200000,"type":1,"subtype":5,"value":0.063,"recordDate":null,"divPayDate":null,"isLock":null,"updated":null},{"symbol":"EHI","date":1560960000000,"type":1,"subtype":5,"value":0.063,"recordDate":1561046400000,"divPayDate":null,"isLock":null,"updated":null},{"symbol":"EHI","date":1558540800000,"type":1,"subtype":5,"value":0.062,"recordDate":1558627200000,"divPayDate":null,"isLock":null,"updated":null},{"symbol":"EHI","date":1555430400000,"type":1,"subtype":5,"value":0.062,"recordDate":1555516800000,"divPayDate":null,"isLock":null,"updated":null},{"symbol":"EHI","date":1553097600000,"type":1,"subtype":5,"value":0.062,"recordDate":1553184000000,"divPayDate":null,"isLock":null,"updated":null},{"symbol":"EHI","date":1550073600000,"type":1,"subtype":5,"value":0.061,"recordDate":1550160000000,"divPayDate":null,"isLock":null,"updated":null},{"symbol":"EHI","date":1547654400000,"type":1,"subtype":5,"value":0.061,"recordDate":1547740800000,"divPayDate":null,"isLock":null,"updated":null},{"symbol":"EHI","date":1545235200000,"type":1,"subtype":5,"value":0.061,"recordDate":1545321600000,"divPayDate":null,"isLock":null,"updated":null},{"symbol":"EHI","date":1542729600000,"type":1,"subtype":5,"value":0.061,"recordDate":1542902400000,"divPayDate":null,"isLock":null,"updated":null},{"symbol":"EHI","date":1539792000000,"type":1,"subtype":5,"value":0.061,"recordDate":1539878400000,"divPayDate":null,"isLock":null,"updated":null},{"symbol":"EHI","date":1537372800000,"type":1,"subtype":5,"value":0.061,"recordDate":1537459200000,"divPayDate":null,"isLock":null,"updated":null},{"symbol":"EHI","date":1534953600000,"type":1,"subtype":5,"value":0.061,"recordDate":1535040000000,"divPayDate":null,"isLock":null,"updated":null},{"symbol":"EHI","date":1531929600000,"type":1,"subtype":5,"value":0.061,"recordDate":null,"divPayDate":null,"isLock":null,"updated":null},{"symbol":"EHI","date":1529510400000,"type":1,"subtype":5,"value":0.061,"recordDate":1529596800000,"divPayDate":null,"isLock":null,"updated":null},{"symbol":"EHI","date":1527091200000,"type":1,"subtype":5,"value":0.061,"recordDate":null,"divPayDate":null,"isLock":null,"updated":null},{"symbol":"EHI","date":1524067200000,"type":1,"subtype":5,"value":0.061,"recordDate":null,"divPayDate":null,"isLock":null,"updated":null},{"symbol":"EHI","date":1521648000000,"type":1,"subtype":5,"value":0.061,"recordDate":1521734400000,"divPayDate":null,"isLock":null,"updated":null},{"symbol":"EHI","date":1518624000000,"type":1,"subtype":5,"value":0.0635,"recordDate":1518710400000,"divPayDate":null,"isLock":null,"updated":null},{"symbol":"EHI","date":1516204800000,"type":1,"subtype":5,"value":0.0635,"recordDate":1516291200000,"divPayDate":null,"isLock":null,"updated":null},{"symbol":"EHI","date":1513785600000,"type":1,"subtype":5,"value":0.0635,"recordDate":1513872000000,"divPayDate":null,"isLock":null,"updated":null},{"symbol":"EHI","date":1511280000000,"type":1,"subtype":5,"value":0.0665,"recordDate":1511452800000,"divPayDate":null,"isLock":null,"updated":null},{"symbol":"EHI","date":1508342400000,"type":1,"subtype":5,"value":0.0665,"recordDate":1508428800000,"divPayDate":null,"isLock":null,"updated":null},{"symbol":"EHI","date":1505923200000,"type":1,"subtype":5,"value":0.0665,"recordDate":1506009600000,"divPayDate":null,"isLock":null,"updated":null},{"symbol":"EHI","date":1503417600000,"type":1,"subtype":5,"value":0.0675,"recordDate":1503590400000,"divPayDate":null,"isLock":null,"updated":null},{"symbol":"EHI","date":1500393600000,"type":1,"subtype":5,"value":0.0675,"recordDate":1500566400000,"divPayDate":null,"isLock":null,"updated":null},{"symbol":"EHI","date":1497974400000,"type":1,"subtype":5,"value":0.0675,"recordDate":1498147200000,"divPayDate":null,"isLock":null,"updated":null},{"symbol":"EHI","date":1494950400000,"type":1,"subtype":5,"value":0.075,"recordDate":1495123200000,"divPayDate":null,"isLock":null,"updated":null},{"symbol":"EHI","date":1492531200000,"type":1,"subtype":5,"value":0.075,"recordDate":1492704000000,"divPayDate":null,"isLock":null,"updated":null},{"symbol":"EHI","date":1490112000000,"type":1,"subtype":5,"value":0.075,"recordDate":1490284800000,"divPayDate":null,"isLock":null,"updated":null},{"symbol":"EHI","date":1487088000000,"type":1,"subtype":5,"value":0.08,"recordDate":1487260800000,"divPayDate":null,"isLock":null,"updated":null},{"symbol":"EHI","date":1484668800000,"type":1,"subtype":5,"value":0.08,"recordDate":1484841600000,"divPayDate":null,"isLock":null,"updated":null},{"symbol":"EHI","date":1482249600000,"type":1,"subtype":5,"value":0.08,"recordDate":1482422400000,"divPayDate":null,"isLock":null,"updated":null},{"symbol":"EHI","date":1479225600000,"type":1,"subtype":5,"value":0.09625,"recordDate":1479398400000,"divPayDate":null,"isLock":null,"updated":null},{"symbol":"EHI","date":1476806400000,"type":1,"subtype":5,"value":0.09625,"recordDate":1476979200000,"divPayDate":null,"isLock":null,"updated":null},{"symbol":"EHI","date":1474387200000,"type":1,"subtype":5,"value":0.09625,"recordDate":1474560000000,"divPayDate":null,"isLock":null,"updated":null},{"symbol":"EHI","date":1470844800000,"type":1,"subtype":5,"value":0.09625,"recordDate":1471190400000,"divPayDate":null,"isLock":null,"updated":null},{"symbol":"EHI","date":1468944000000,"type":1,"subtype":5,"value":0.09625,"recordDate":1469116800000,"divPayDate":null,"isLock":null,"updated":null},{"symbol":"EHI","date":1465920000000,"type":1,"subtype":5,"value":0.09625,"recordDate":1466092800000,"divPayDate":null,"isLock":null,"updated":null},{"symbol":"EHI","date":1463500800000,"type":1,"subtype":5,"value":0.09625,"recordDate":1463673600000,"divPayDate":null,"isLock":null,"updated":null},{"symbol":"EHI","date":1461081600000,"type":1,"subtype":5,"value":0.09625,"recordDate":1461254400000,"divPayDate":null,"isLock":null,"updated":null},{"symbol":"EHI","date":1458057600000,"type":1,"subtype":5,"value":0.09625,"recordDate":1458230400000,"divPayDate":null,"isLock":null,"updated":null},{"symbol":"EHI","date":1455638400000,"type":1,"subtype":5,"value":0.09625,"recordDate":1455811200000,"divPayDate":null,"isLock":null,"updated":null},{"symbol":"EHI","date":1453219200000,"type":1,"subtype":5,"value":0.09625,"recordDate":1453392000000,"divPayDate":null,"isLock":null,"updated":null},{"symbol":"EHI","date":1450195200000,"type":1,"subtype":5,"value":0.09625,"recordDate":1450368000000,"divPayDate":null,"isLock":null,"updated":null},{"symbol":"EHI","date":1447776000000,"type":1,"subtype":5,"value":0.09625,"recordDate":1447948800000,"divPayDate":null,"isLock":null,"updated":null},{"symbol":"EHI","date":1445356800000,"type":1,"subtype":5,"value":0.09625,"recordDate":1445529600000,"divPayDate":null,"isLock":null,"updated":null},{"symbol":"EHI","date":1442332800000,"type":1,"subtype":5,"value":0.09625,"recordDate":1442505600000,"divPayDate":null,"isLock":null,"updated":null},{"symbol":"EHI","date":1439913600000,"type":1,"subtype":5,"value":0.09625,"recordDate":1440086400000,"divPayDate":null,"isLock":null,"updated":null},{"symbol":"EHI","date":1437494400000,"type":1,"subtype":5,"value":0.09625,"recordDate":1437667200000,"divPayDate":null,"isLock":null,"updated":null},{"symbol":"EHI","date":1434470400000,"type":1,"subtype":5,"value":0.09625,"recordDate":1434643200000,"divPayDate":null,"isLock":null,"updated":null},{"symbol":"EHI","date":1432051200000,"type":1,"subtype":5,"value":0.09625,"recordDate":1432224000000,"divPayDate":null,"isLock":null,"updated":null},{"symbol":"EHI","date":1429027200000,"type":1,"subtype":5,"value":0.09625,"recordDate":1429200000000,"divPayDate":null,"isLock":null,"updated":null},{"symbol":"EHI","date":1426608000000,"type":1,"subtype":5,"value":0.09625,"recordDate":1426780800000,"divPayDate":null,"isLock":null,"updated":null},{"symbol":"EHI","date":1424188800000,"type":1,"subtype":5,"value":0.09625,"recordDate":1424361600000,"divPayDate":null,"isLock":null,"updated":null},{"symbol":"EHI","date":1421769600000,"type":1,"subtype":5,"value":0.09625,"recordDate":1421942400000,"divPayDate":null,"isLock":null,"updated":null},{"symbol":"EHI","date":1418745600000,"type":1,"subtype":5,"value":0.09625,"recordDate":1418918400000,"divPayDate":null,"isLock":null,"updated":null},{"symbol":"EHI","date":1416326400000,"type":1,"subtype":5,"value":0.09625,"recordDate":1416499200000,"divPayDate":null,"isLock":null,"updated":null},{"symbol":"EHI","date":1413907200000,"type":1,"subtype":5,"value":0.09625,"recordDate":1414080000000,"divPayDate":null,"isLock":null,"updated":null},{"symbol":"EHI","date":1410883200000,"type":1,"subtype":5,"value":0.09625,"recordDate":1411056000000,"divPayDate":null,"isLock":null,"updated":null},{"symbol":"EHI","date":1408464000000,"type":1,"subtype":5,"value":0.09625,"recordDate":1408636800000,"divPayDate":null,"isLock":null,"updated":null},{"symbol":"EHI","date":1405440000000,"type":1,"subtype":5,"value":0.09625,"recordDate":1405612800000,"divPayDate":null,"isLock":null,"updated":null},{"symbol":"EHI","date":1403020800000,"type":1,"subtype":5,"value":0.09625,"recordDate":null,"divPayDate":null,"isLock":null,"updated":null},{"symbol":"EHI","date":1400601600000,"type":1,"subtype":5,"value":0.09625,"recordDate":null,"divPayDate":null,"isLock":null,"updated":null},{"symbol":"EHI","date":1397491200000,"type":1,"subtype":5,"value":0.09625,"recordDate":null,"divPayDate":null,"isLock":null,"updated":null},{"symbol":"EHI","date":1395158400000,"type":1,"subtype":5,"value":0.09625,"recordDate":null,"divPayDate":null,"isLock":null,"updated":null},{"symbol":"EHI","date":1392739200000,"type":1,"subtype":5,"value":0.09625,"recordDate":null,"divPayDate":null,"isLock":null,"updated":null},{"symbol":"EHI","date":1390320000000,"type":1,"subtype":5,"value":0.09625,"recordDate":null,"divPayDate":null,"isLock":null,"updated":null},{"symbol":"EHI","date":1387296000000,"type":1,"subtype":5,"value":0.09625,"recordDate":null,"divPayDate":null,"isLock":null,"updated":null},{"symbol":"EHI","date":1384876800000,"type":1,"subtype":5,"value":0.09625,"recordDate":null,"divPayDate":null,"isLock":null,"updated":null},{"symbol":"EHI","date":1381852800000,"type":1,"subtype":5,"value":0.09625,"recordDate":null,"divPayDate":null,"isLock":null,"updated":null},{"symbol":"EHI","date":1379433600000,"type":1,"subtype":5,"value":0.09625,"recordDate":null,"divPayDate":null,"isLock":null,"updated":null},{"symbol":"EHI","date":1377014400000,"type":1,"subtype":5,"value":0.09625,"recordDate":null,"divPayDate":null,"isLock":null,"updated":null},{"symbol":"EHI","date":1373990400000,"type":1,"subtype":5,"value":0.09625,"recordDate":null,"divPayDate":null,"isLock":null,"updated":null},{"symbol":"EHI","date":1371571200000,"type":1,"subtype":5,"value":0.09625,"recordDate":null,"divPayDate":null,"isLock":null,"updated":null},{"symbol":"EHI","date":1369152000000,"type":1,"subtype":5,"value":0.09625,"recordDate":null,"divPayDate":null,"isLock":null,"updated":null},{"symbol":"EHI","date":1366128000000,"type":1,"subtype":5,"value":0.09625,"recordDate":null,"divPayDate":null,"isLock":null,"updated":null},{"symbol":"EHI","date":1363104000000,"type":1,"subtype":5,"value":0.09625,"recordDate":null,"divPayDate":null,"isLock":null,"updated":null},{"symbol":"EHI","date":1360684800000,"type":1,"subtype":5,"value":0.09625,"recordDate":null,"divPayDate":null,"isLock":null,"updated":null},{"symbol":"EHI","date":1358265600000,"type":1,"subtype":5,"value":0.09625,"recordDate":null,"divPayDate":null,"isLock":null,"updated":null},{"symbol":"EHI","date":1355241600000,"type":1,"subtype":5,"value":0.09625,"recordDate":null,"divPayDate":null,"isLock":null,"updated":null},{"symbol":"EHI","date":1353340800000,"type":1,"subtype":5,"value":0.09625,"recordDate":null,"divPayDate":null,"isLock":null,"updated":null},{"symbol":"EHI","date":1350403200000,"type":1,"subtype":5,"value":0.09625,"recordDate":null,"divPayDate":null,"isLock":null,"updated":null},{"symbol":"EHI","date":1347984000000,"type":1,"subtype":5,"value":0.09625,"recordDate":null,"divPayDate":null,"isLock":null,"updated":null}]}