{"list":[{"symbol":"EMN","date":1560441600000,"type":1,"subtype":5,"value":0.62,"recordDate":1560700800000,"divPayDate":null,"isLock":null,"updated":null},{"symbol":"EMN","date":1552492800000,"type":1,"subtype":5,"value":0.62,"recordDate":1552579200000,"divPayDate":null,"isLock":null,"updated":null},{"symbol":"EMN","date":1544716800000,"type":1,"subtype":5,"value":0.62,"recordDate":1544976000000,"divPayDate":null,"isLock":null,"updated":null},{"symbol":"EMN","date":1536768000000,"type":1,"subtype":5,"value":0.56,"recordDate":1536854400000,"divPayDate":null,"isLock":null,"updated":null},{"symbol":"EMN","date":1528905600000,"type":1,"subtype":5,"value":0.56,"recordDate":1528992000000,"divPayDate":null,"isLock":null,"updated":null},{"symbol":"EMN","date":1520956800000,"type":1,"subtype":5,"value":0.56,"recordDate":1521043200000,"divPayDate":null,"isLock":null,"updated":null},{"symbol":"EMN","date":1513267200000,"type":1,"subtype":5,"value":0.56,"recordDate":1513526400000,"divPayDate":null,"isLock":null,"updated":null},{"symbol":"EMN","date":1505318400000,"type":1,"subtype":5,"value":0.51,"recordDate":1505404800000,"divPayDate":null,"isLock":null,"updated":null},{"symbol":"EMN","date":1497283200000,"type":1,"subtype":5,"value":0.51,"recordDate":1497456000000,"divPayDate":null,"isLock":null,"updated":null},{"symbol":"EMN","date":1489334400000,"type":1,"subtype":5,"value":0.51,"recordDate":1489507200000,"divPayDate":null,"isLock":null,"updated":null},{"symbol":"EMN","date":1481558400000,"type":1,"subtype":5,"value":0.51,"recordDate":1481731200000,"divPayDate":null,"isLock":null,"updated":null},{"symbol":"EMN","date":1473696000000,"type":1,"subtype":5,"value":0.46,"recordDate":1473868800000,"divPayDate":null,"isLock":null,"updated":null},{"symbol":"EMN","date":1465747200000,"type":1,"subtype":5,"value":0.46,"recordDate":1465920000000,"divPayDate":null,"isLock":null,"updated":null},{"symbol":"EMN","date":1457625600000,"type":1,"subtype":5,"value":0.46,"recordDate":1457971200000,"divPayDate":null,"isLock":null,"updated":null},{"symbol":"EMN","date":1449676800000,"type":1,"subtype":5,"value":0.46,"recordDate":1450022400000,"divPayDate":null,"isLock":null,"updated":null},{"symbol":"EMN","date":1441814400000,"type":1,"subtype":5,"value":0.4,"recordDate":1442160000000,"divPayDate":null,"isLock":null,"updated":null},{"symbol":"EMN","date":1433952000000,"type":1,"subtype":5,"value":0.4,"recordDate":1434297600000,"divPayDate":null,"isLock":null,"updated":null},{"symbol":"EMN","date":1426089600000,"type":1,"subtype":5,"value":0.4,"recordDate":1426435200000,"divPayDate":null,"isLock":null,"updated":null},{"symbol":"EMN","date":1418227200000,"type":1,"subtype":5,"value":0.4,"recordDate":1418572800000,"divPayDate":null,"isLock":null,"updated":null},{"symbol":"EMN","date":1410364800000,"type":1,"subtype":5,"value":0.35,"recordDate":1410710400000,"divPayDate":null,"isLock":null,"updated":null},{"symbol":"EMN","date":1402416000000,"type":1,"subtype":5,"value":0.35,"recordDate":null,"divPayDate":null,"isLock":null,"updated":null},{"symbol":"EMN","date":1394553600000,"type":1,"subtype":5,"value":0.35,"recordDate":null,"divPayDate":null,"isLock":null,"updated":null},{"symbol":"EMN","date":1386777600000,"type":1,"subtype":5,"value":0.35,"recordDate":null,"divPayDate":null,"isLock":null,"updated":null},{"symbol":"EMN","date":1378828800000,"type":1,"subtype":5,"value":0.3,"recordDate":null,"divPayDate":null,"isLock":null,"updated":null},{"symbol":"EMN","date":1370966400000,"type":1,"subtype":5,"value":0.3,"recordDate":null,"divPayDate":null,"isLock":null,"updated":null},{"symbol":"EMN","date":1363104000000,"type":1,"subtype":5,"value":0.3,"recordDate":null,"divPayDate":null,"isLock":null,"updated":null},{"symbol":"EMN","date":1355328000000,"type":1,"subtype":5,"value":0.3,"recordDate":null,"divPayDate":null,"isLock":null,"updated":null},{"symbol":"EMN","date":1347379200000,"type":1,"subtype":5,"value":0.26,"recordDate":null,"divPayDate":null,"isLock":null,"updated":null},{"symbol":"EMN","date":1317657600000,"type":2,"subtype":8,"value":2.0,"recordDate":1434297600000,"divPayDate":null,"isLock":null,"updated":null}]}