{"list":[{"symbol":"ESBK","date":1559577600000,"type":1,"subtype":5,"value":0.23,"recordDate":1559664000000,"divPayDate":null,"isLock":null,"updated":null},{"symbol":"ESBK","date":1551801600000,"type":1,"subtype":5,"value":0.23,"recordDate":1551888000000,"divPayDate":null,"isLock":null,"updated":null},{"symbol":"ESBK","date":1544025600000,"type":1,"subtype":5,"value":0.23,"recordDate":1544112000000,"divPayDate":null,"isLock":null,"updated":null},{"symbol":"ESBK","date":1536163200000,"type":1,"subtype":5,"value":0.23,"recordDate":1536249600000,"divPayDate":null,"isLock":null,"updated":null},{"symbol":"ESBK","date":1528300800000,"type":2,"subtype":8,"value":1.05,"recordDate":null,"divPayDate":null,"isLock":null,"updated":null},{"symbol":"ESBK","date":1528300800000,"type":1,"subtype":5,"value":0.23,"recordDate":1528387200000,"divPayDate":null,"isLock":null,"updated":null},{"symbol":"ESBK","date":1520352000000,"type":1,"subtype":5,"value":0.23,"recordDate":1520438400000,"divPayDate":null,"isLock":null,"updated":null},{"symbol":"ESBK","date":1512576000000,"type":1,"subtype":5,"value":0.23,"recordDate":1512662400000,"divPayDate":null,"isLock":null,"updated":null},{"symbol":"ESBK","date":1504627200000,"type":1,"subtype":5,"value":0.23,"recordDate":1504713600000,"divPayDate":null,"isLock":null,"updated":null},{"symbol":"ESBK","date":1496764800000,"type":1,"subtype":5,"value":0.23,"recordDate":1496937600000,"divPayDate":null,"isLock":null,"updated":null},{"symbol":"ESBK","date":1489420800000,"type":1,"subtype":5,"value":0.23,"recordDate":1489593600000,"divPayDate":null,"isLock":null,"updated":null},{"symbol":"ESBK","date":1480953600000,"type":1,"subtype":5,"value":0.23,"recordDate":1481126400000,"divPayDate":null,"isLock":null,"updated":null},{"symbol":"ESBK","date":1473091200000,"type":1,"subtype":5,"value":0.23,"recordDate":1473264000000,"divPayDate":null,"isLock":null,"updated":null},{"symbol":"ESBK","date":1465228800000,"type":1,"subtype":5,"value":0.23,"recordDate":1465401600000,"divPayDate":null,"isLock":null,"updated":null},{"symbol":"ESBK","date":1457366400000,"type":1,"subtype":5,"value":0.23,"recordDate":1457539200000,"divPayDate":null,"isLock":null,"updated":null},{"symbol":"ESBK","date":1448899200000,"type":1,"subtype":5,"value":0.23,"recordDate":1449072000000,"divPayDate":null,"isLock":null,"updated":null},{"symbol":"ESBK","date":1441296000000,"type":1,"subtype":5,"value":0.23,"recordDate":1441728000000,"divPayDate":null,"isLock":null,"updated":null},{"symbol":"ESBK","date":1433174400000,"type":1,"subtype":5,"value":0.23,"recordDate":1433347200000,"divPayDate":null,"isLock":null,"updated":null},{"symbol":"ESBK","date":1425830400000,"type":1,"subtype":5,"value":0.23,"recordDate":1426003200000,"divPayDate":null,"isLock":null,"updated":null},{"symbol":"ESBK","date":1416931200000,"type":1,"subtype":5,"value":0.23,"recordDate":1417363200000,"divPayDate":null,"isLock":null,"updated":null},{"symbol":"ESBK","date":1410105600000,"type":1,"subtype":5,"value":0.23,"recordDate":1410278400000,"divPayDate":null,"isLock":null,"updated":null},{"symbol":"ESBK","date":1401724800000,"type":1,"subtype":5,"value":0.23,"recordDate":null,"divPayDate":null,"isLock":null,"updated":null},{"symbol":"ESBK","date":1394467200000,"type":1,"subtype":5,"value":0.23,"recordDate":null,"divPayDate":null,"isLock":null,"updated":null},{"symbol":"ESBK","date":1386172800000,"type":2,"subtype":8,"value":1.1,"recordDate":1433347200000,"divPayDate":null,"isLock":null,"updated":null},{"symbol":"ESBK","date":1386172800000,"type":1,"subtype":5,"value":0.23,"recordDate":null,"divPayDate":null,"isLock":null,"updated":null},{"symbol":"ESBK","date":1378828800000,"type":1,"subtype":5,"value":0.23,"recordDate":null,"divPayDate":null,"isLock":null,"updated":null},{"symbol":"ESBK","date":1370880000000,"type":1,"subtype":5,"value":0.23,"recordDate":null,"divPayDate":null,"isLock":null,"updated":null},{"symbol":"ESBK","date":1363017600000,"type":1,"subtype":5,"value":0.23,"recordDate":null,"divPayDate":null,"isLock":null,"updated":null},{"symbol":"ESBK","date":1354723200000,"type":2,"subtype":8,"value":1.05,"recordDate":null,"divPayDate":null,"isLock":null,"updated":null},{"symbol":"ESBK","date":1354723200000,"type":1,"subtype":5,"value":0.23,"recordDate":null,"divPayDate":null,"isLock":null,"updated":null},{"symbol":"ESBK","date":1347379200000,"type":1,"subtype":5,"value":0.23,"recordDate":null,"divPayDate":null,"isLock":null,"updated":null},{"symbol":"ESBK","date":1323187200000,"type":2,"subtype":8,"value":1.1,"recordDate":null,"divPayDate":null,"isLock":null,"updated":null},{"symbol":"ESBK","date":1213113600000,"type":2,"subtype":8,"value":1.1,"recordDate":null,"divPayDate":null,"isLock":null,"updated":null},{"symbol":"ESBK","date":1181059200000,"type":2,"subtype":8,"value":1.1,"recordDate":null,"divPayDate":null,"isLock":null,"updated":null}]}