{"list":[{"symbol":"ETN","date":1556726400000,"type":1,"subtype":5,"value":0.71,"recordDate":1556812800000,"divPayDate":null,"isLock":null,"updated":null},{"symbol":"ETN","date":1551888000000,"type":1,"subtype":5,"value":0.71,"recordDate":1552060800000,"divPayDate":null,"isLock":null,"updated":null},{"symbol":"ETN","date":1541001600000,"type":1,"subtype":5,"value":0.66,"recordDate":1541088000000,"divPayDate":null,"isLock":null,"updated":null},{"symbol":"ETN","date":1533139200000,"type":1,"subtype":5,"value":0.66,"recordDate":1533225600000,"divPayDate":null,"isLock":null,"updated":null},{"symbol":"ETN","date":1525276800000,"type":1,"subtype":5,"value":0.66,"recordDate":1525363200000,"divPayDate":null,"isLock":null,"updated":null},{"symbol":"ETN","date":1520524800000,"type":1,"subtype":5,"value":0.66,"recordDate":1520784000000,"divPayDate":null,"isLock":null,"updated":null},{"symbol":"ETN","date":1509552000000,"type":1,"subtype":5,"value":0.6,"recordDate":1509638400000,"divPayDate":null,"isLock":null,"updated":null},{"symbol":"ETN","date":1501603200000,"type":1,"subtype":5,"value":0.6,"recordDate":1501776000000,"divPayDate":null,"isLock":null,"updated":null},{"symbol":"ETN","date":1493740800000,"type":1,"subtype":5,"value":0.6,"recordDate":1493913600000,"divPayDate":null,"isLock":null,"updated":null},{"symbol":"ETN","date":1488384000000,"type":1,"subtype":5,"value":0.6,"recordDate":1488729600000,"divPayDate":null,"isLock":null,"updated":null},{"symbol":"ETN","date":1478102400000,"type":1,"subtype":5,"value":0.57,"recordDate":1478448000000,"divPayDate":null,"isLock":null,"updated":null},{"symbol":"ETN","date":1470153600000,"type":1,"subtype":5,"value":0.57,"recordDate":1470326400000,"divPayDate":null,"isLock":null,"updated":null},{"symbol":"ETN","date":1462291200000,"type":1,"subtype":5,"value":0.57,"recordDate":1462464000000,"divPayDate":null,"isLock":null,"updated":null},{"symbol":"ETN","date":1456934400000,"type":1,"subtype":5,"value":0.57,"recordDate":1457280000000,"divPayDate":null,"isLock":null,"updated":null},{"symbol":"ETN","date":1446652800000,"type":1,"subtype":5,"value":0.55,"recordDate":1446998400000,"divPayDate":null,"isLock":null,"updated":null},{"symbol":"ETN","date":1438185600000,"type":1,"subtype":5,"value":0.55,"recordDate":1438531200000,"divPayDate":null,"isLock":null,"updated":null},{"symbol":"ETN","date":1430323200000,"type":1,"subtype":5,"value":0.55,"recordDate":1430668800000,"divPayDate":null,"isLock":null,"updated":null},{"symbol":"ETN","date":1425484800000,"type":1,"subtype":5,"value":0.55,"recordDate":1425830400000,"divPayDate":null,"isLock":null,"updated":null},{"symbol":"ETN","date":1415721600000,"type":1,"subtype":5,"value":0.49,"recordDate":1415894400000,"divPayDate":null,"isLock":null,"updated":null},{"symbol":"ETN","date":1406736000000,"type":1,"subtype":5,"value":0.49,"recordDate":1407081600000,"divPayDate":null,"isLock":null,"updated":null},{"symbol":"ETN","date":1398873600000,"type":1,"subtype":5,"value":0.49,"recordDate":null,"divPayDate":null,"isLock":null,"updated":null},{"symbol":"ETN","date":1394035200000,"type":1,"subtype":5,"value":0.49,"recordDate":null,"divPayDate":null,"isLock":null,"updated":null},{"symbol":"ETN","date":1383148800000,"type":1,"subtype":5,"value":0.42,"recordDate":null,"divPayDate":null,"isLock":null,"updated":null},{"symbol":"ETN","date":1375286400000,"type":1,"subtype":5,"value":0.42,"recordDate":null,"divPayDate":null,"isLock":null,"updated":null},{"symbol":"ETN","date":1367424000000,"type":1,"subtype":5,"value":0.42,"recordDate":null,"divPayDate":null,"isLock":null,"updated":null},{"symbol":"ETN","date":1362585600000,"type":1,"subtype":5,"value":0.42,"recordDate":null,"divPayDate":null,"isLock":null,"updated":null},{"symbol":"ETN","date":1349280000000,"type":1,"subtype":5,"value":0.38,"recordDate":null,"divPayDate":null,"isLock":null,"updated":null},{"symbol":"ETN","date":1343836800000,"type":1,"subtype":5,"value":0.38,"recordDate":null,"divPayDate":null,"isLock":null,"updated":null},{"symbol":"ETN","date":1298908800000,"type":2,"subtype":8,"value":2.0,"recordDate":1438531200000,"divPayDate":null,"isLock":null,"updated":null},{"symbol":"ETN","date":1077552000000,"type":2,"subtype":8,"value":2.0,"recordDate":null,"divPayDate":null,"isLock":null,"updated":null},{"symbol":"ETN","date":741283200000,"type":2,"subtype":8,"value":2.0,"recordDate":null,"divPayDate":null,"isLock":null,"updated":null}]}