{"list":[{"symbol":"EVLMC","date":1535990400000,"type":1,"subtype":5,"value":0.017,"recordDate":1536076800000,"divPayDate":null,"isLock":null,"updated":null},{"symbol":"EVLMC","date":1522598400000,"type":1,"subtype":5,"value":0.016,"recordDate":1522684800000,"divPayDate":null,"isLock":null,"updated":null},{"symbol":"EVLMC","date":1514822400000,"type":1,"subtype":5,"value":0.031,"recordDate":1514908800000,"divPayDate":null,"isLock":null,"updated":null},{"symbol":"EVLMC","date":1506873600000,"type":1,"subtype":5,"value":0.035,"recordDate":null,"divPayDate":null,"isLock":null,"updated":null}]}