{"list":[{"symbol":"EVN","date":1560268800000,"type":1,"subtype":5,"value":0.0474,"recordDate":null,"divPayDate":null,"isLock":null,"updated":null},{"symbol":"EVN","date":1557417600000,"type":1,"subtype":5,"value":0.0474,"recordDate":null,"divPayDate":null,"isLock":null,"updated":null},{"symbol":"EVN","date":1554825600000,"type":1,"subtype":5,"value":0.0474,"recordDate":null,"divPayDate":null,"isLock":null,"updated":null},{"symbol":"EVN","date":1551974400000,"type":1,"subtype":5,"value":0.0474,"recordDate":null,"divPayDate":null,"isLock":null,"updated":null},{"symbol":"EVN","date":1549555200000,"type":1,"subtype":5,"value":0.0474,"recordDate":null,"divPayDate":null,"isLock":null,"updated":null},{"symbol":"EVN","date":1547136000000,"type":1,"subtype":5,"value":0.0474,"recordDate":null,"divPayDate":null,"isLock":null,"updated":null},{"symbol":"EVN","date":1544544000000,"type":1,"subtype":5,"value":0.0474,"recordDate":null,"divPayDate":null,"isLock":null,"updated":null},{"symbol":"EVN","date":1541606400000,"type":1,"subtype":5,"value":0.0474,"recordDate":null,"divPayDate":null,"isLock":null,"updated":null},{"symbol":"EVN","date":1539100800000,"type":1,"subtype":5,"value":0.0474,"recordDate":null,"divPayDate":null,"isLock":null,"updated":null},{"symbol":"EVN","date":1536768000000,"type":1,"subtype":5,"value":0.0474,"recordDate":null,"divPayDate":null,"isLock":null,"updated":null},{"symbol":"EVN","date":1533830400000,"type":1,"subtype":5,"value":0.0541,"recordDate":null,"divPayDate":null,"isLock":null,"updated":null},{"symbol":"EVN","date":1531238400000,"type":1,"subtype":5,"value":0.0541,"recordDate":null,"divPayDate":null,"isLock":null,"updated":null},{"symbol":"EVN","date":1528387200000,"type":1,"subtype":5,"value":0.0541,"recordDate":null,"divPayDate":null,"isLock":null,"updated":null},{"symbol":"EVN","date":1525881600000,"type":1,"subtype":5,"value":0.0541,"recordDate":null,"divPayDate":null,"isLock":null,"updated":null},{"symbol":"EVN","date":1523376000000,"type":1,"subtype":5,"value":0.0541,"recordDate":null,"divPayDate":null,"isLock":null,"updated":null},{"symbol":"EVN","date":1520524800000,"type":1,"subtype":5,"value":0.0541,"recordDate":1520784000000,"divPayDate":null,"isLock":null,"updated":null},{"symbol":"EVN","date":1518105600000,"type":1,"subtype":5,"value":0.0541,"recordDate":1518364800000,"divPayDate":null,"isLock":null,"updated":null},{"symbol":"EVN","date":1515600000000,"type":1,"subtype":5,"value":0.0541,"recordDate":1515686400000,"divPayDate":null,"isLock":null,"updated":null},{"symbol":"EVN","date":1512662400000,"type":1,"subtype":5,"value":0.0541,"recordDate":1512921600000,"divPayDate":null,"isLock":null,"updated":null},{"symbol":"EVN","date":1510243200000,"type":1,"subtype":5,"value":0.0541,"recordDate":1510502400000,"divPayDate":null,"isLock":null,"updated":null},{"symbol":"EVN","date":1507651200000,"type":1,"subtype":5,"value":0.0541,"recordDate":1507737600000,"divPayDate":null,"isLock":null,"updated":null},{"symbol":"EVN","date":1504800000000,"type":1,"subtype":5,"value":0.0541,"recordDate":1505059200000,"divPayDate":null,"isLock":null,"updated":null},{"symbol":"EVN","date":1502208000000,"type":1,"subtype":5,"value":0.0541,"recordDate":1502380800000,"divPayDate":null,"isLock":null,"updated":null},{"symbol":"EVN","date":1499702400000,"type":1,"subtype":5,"value":0.0541,"recordDate":1499875200000,"divPayDate":null,"isLock":null,"updated":null},{"symbol":"EVN","date":1496851200000,"type":1,"subtype":5,"value":0.0541,"recordDate":1497196800000,"divPayDate":null,"isLock":null,"updated":null},{"symbol":"EVN","date":1494259200000,"type":1,"subtype":5,"value":0.0541,"recordDate":1494432000000,"divPayDate":null,"isLock":null,"updated":null},{"symbol":"EVN","date":1491840000000,"type":1,"subtype":5,"value":0.0583,"recordDate":1492012800000,"divPayDate":null,"isLock":null,"updated":null},{"symbol":"EVN","date":1488988800000,"type":1,"subtype":5,"value":0.0583,"recordDate":1489334400000,"divPayDate":null,"isLock":null,"updated":null},{"symbol":"EVN","date":1486569600000,"type":1,"subtype":5,"value":0.0583,"recordDate":1486915200000,"divPayDate":null,"isLock":null,"updated":null},{"symbol":"EVN","date":1484064000000,"type":1,"subtype":5,"value":0.0583,"recordDate":1484236800000,"divPayDate":null,"isLock":null,"updated":null},{"symbol":"EVN","date":1481126400000,"type":1,"subtype":5,"value":0.0583,"recordDate":1481472000000,"divPayDate":null,"isLock":null,"updated":null},{"symbol":"EVN","date":1478620800000,"type":1,"subtype":5,"value":0.06,"recordDate":1479052800000,"divPayDate":null,"isLock":null,"updated":null},{"symbol":"EVN","date":1476115200000,"type":1,"subtype":5,"value":0.06,"recordDate":1476288000000,"divPayDate":null,"isLock":null,"updated":null},{"symbol":"EVN","date":1473264000000,"type":1,"subtype":5,"value":0.06,"recordDate":1473609600000,"divPayDate":null,"isLock":null,"updated":null},{"symbol":"EVN","date":1470672000000,"type":1,"subtype":5,"value":0.06,"recordDate":1470844800000,"divPayDate":null,"isLock":null,"updated":null},{"symbol":"EVN","date":1467820800000,"type":1,"subtype":5,"value":0.0625,"recordDate":1468166400000,"divPayDate":null,"isLock":null,"updated":null},{"symbol":"EVN","date":1465401600000,"type":1,"subtype":5,"value":0.0625,"recordDate":1465747200000,"divPayDate":null,"isLock":null,"updated":null},{"symbol":"EVN","date":1462809600000,"type":1,"subtype":5,"value":0.0625,"recordDate":1462982400000,"divPayDate":null,"isLock":null,"updated":null},{"symbol":"EVN","date":1459958400000,"type":1,"subtype":5,"value":0.0625,"recordDate":1460304000000,"divPayDate":null,"isLock":null,"updated":null},{"symbol":"EVN","date":1457452800000,"type":1,"subtype":5,"value":0.07083,"recordDate":1457625600000,"divPayDate":null,"isLock":null,"updated":null},{"symbol":"EVN","date":1454947200000,"type":1,"subtype":5,"value":0.07083,"recordDate":1455120000000,"divPayDate":null,"isLock":null,"updated":null},{"symbol":"EVN","date":1452528000000,"type":1,"subtype":5,"value":0.07083,"recordDate":1452700800000,"divPayDate":null,"isLock":null,"updated":null},{"symbol":"EVN","date":1449590400000,"type":1,"subtype":5,"value":0.07083,"recordDate":1449763200000,"divPayDate":null,"isLock":null,"updated":null},{"symbol":"EVN","date":1447084800000,"type":1,"subtype":5,"value":0.07083,"recordDate":1447344000000,"divPayDate":null,"isLock":null,"updated":null},{"symbol":"EVN","date":1444233600000,"type":1,"subtype":5,"value":0.07083,"recordDate":1444665600000,"divPayDate":null,"isLock":null,"updated":null},{"symbol":"EVN","date":1441728000000,"type":1,"subtype":5,"value":0.075,"recordDate":1441900800000,"divPayDate":null,"isLock":null,"updated":null},{"symbol":"EVN","date":1439222400000,"type":1,"subtype":5,"value":0.075,"recordDate":1439395200000,"divPayDate":null,"isLock":null,"updated":null},{"symbol":"EVN","date":1436371200000,"type":1,"subtype":5,"value":0.075,"recordDate":1436716800000,"divPayDate":null,"isLock":null,"updated":null},{"symbol":"EVN","date":1433779200000,"type":1,"subtype":5,"value":0.075,"recordDate":1433952000000,"divPayDate":null,"isLock":null,"updated":null},{"symbol":"EVN","date":1430928000000,"type":1,"subtype":5,"value":0.075,"recordDate":1431273600000,"divPayDate":null,"isLock":null,"updated":null},{"symbol":"EVN","date":1428508800000,"type":1,"subtype":5,"value":0.075,"recordDate":1428854400000,"divPayDate":null,"isLock":null,"updated":null},{"symbol":"EVN","date":1425916800000,"type":1,"subtype":5,"value":0.075,"recordDate":1426089600000,"divPayDate":null,"isLock":null,"updated":null},{"symbol":"EVN","date":1423497600000,"type":1,"subtype":5,"value":0.075,"recordDate":1423670400000,"divPayDate":null,"isLock":null,"updated":null},{"symbol":"EVN","date":1420646400000,"type":1,"subtype":5,"value":0.075,"recordDate":1420992000000,"divPayDate":null,"isLock":null,"updated":null},{"symbol":"EVN","date":1418054400000,"type":1,"subtype":5,"value":0.075,"recordDate":1418227200000,"divPayDate":null,"isLock":null,"updated":null},{"symbol":"EVN","date":1415548800000,"type":1,"subtype":5,"value":0.075,"recordDate":1415808000000,"divPayDate":null,"isLock":null,"updated":null},{"symbol":"EVN","date":1412697600000,"type":1,"subtype":5,"value":0.075,"recordDate":1413129600000,"divPayDate":null,"isLock":null,"updated":null},{"symbol":"EVN","date":1410278400000,"type":1,"subtype":5,"value":0.075,"recordDate":1410451200000,"divPayDate":null,"isLock":null,"updated":null},{"symbol":"EVN","date":1407340800000,"type":1,"subtype":5,"value":0.075,"recordDate":1407686400000,"divPayDate":null,"isLock":null,"updated":null},{"symbol":"EVN","date":1404748800000,"type":1,"subtype":5,"value":0.075,"recordDate":1404921600000,"divPayDate":null,"isLock":null,"updated":null},{"symbol":"EVN","date":1401984000000,"type":1,"subtype":5,"value":0.075,"recordDate":null,"divPayDate":null,"isLock":null,"updated":null},{"symbol":"EVN","date":1399478400000,"type":1,"subtype":5,"value":0.075,"recordDate":null,"divPayDate":null,"isLock":null,"updated":null},{"symbol":"EVN","date":1396886400000,"type":1,"subtype":5,"value":0.075,"recordDate":null,"divPayDate":null,"isLock":null,"updated":null},{"symbol":"EVN","date":1394035200000,"type":1,"subtype":5,"value":0.075,"recordDate":null,"divPayDate":null,"isLock":null,"updated":null},{"symbol":"EVN","date":1391616000000,"type":1,"subtype":5,"value":0.075,"recordDate":null,"divPayDate":null,"isLock":null,"updated":null},{"symbol":"EVN","date":1389110400000,"type":1,"subtype":5,"value":0.075,"recordDate":null,"divPayDate":null,"isLock":null,"updated":null},{"symbol":"EVN","date":1386259200000,"type":1,"subtype":5,"value":0.075,"recordDate":null,"divPayDate":null,"isLock":null,"updated":null},{"symbol":"EVN","date":1383753600000,"type":1,"subtype":5,"value":0.075,"recordDate":null,"divPayDate":null,"isLock":null,"updated":null},{"symbol":"EVN","date":1381161600000,"type":1,"subtype":5,"value":0.075,"recordDate":null,"divPayDate":null,"isLock":null,"updated":null},{"symbol":"EVN","date":1378396800000,"type":1,"subtype":5,"value":0.075,"recordDate":null,"divPayDate":null,"isLock":null,"updated":null},{"symbol":"EVN","date":1375891200000,"type":1,"subtype":5,"value":0.07833,"recordDate":null,"divPayDate":null,"isLock":null,"updated":null},{"symbol":"EVN","date":1373212800000,"type":1,"subtype":5,"value":0.07833,"recordDate":null,"divPayDate":null,"isLock":null,"updated":null},{"symbol":"EVN","date":1370448000000,"type":1,"subtype":5,"value":0.07833,"recordDate":null,"divPayDate":null,"isLock":null,"updated":null},{"symbol":"EVN","date":1367942400000,"type":1,"subtype":5,"value":0.07833,"recordDate":null,"divPayDate":null,"isLock":null,"updated":null},{"symbol":"EVN","date":1365350400000,"type":1,"subtype":5,"value":0.07833,"recordDate":null,"divPayDate":null,"isLock":null,"updated":null},{"symbol":"EVN","date":1362585600000,"type":1,"subtype":5,"value":0.07833,"recordDate":null,"divPayDate":null,"isLock":null,"updated":null},{"symbol":"EVN","date":1360166400000,"type":1,"subtype":5,"value":0.07833,"recordDate":null,"divPayDate":null,"isLock":null,"updated":null},{"symbol":"EVN","date":1357574400000,"type":1,"subtype":5,"value":0.07833,"recordDate":null,"divPayDate":null,"isLock":null,"updated":null},{"symbol":"EVN","date":1354723200000,"type":1,"subtype":5,"value":0.07833,"recordDate":null,"divPayDate":null,"isLock":null,"updated":null},{"symbol":"EVN","date":1352304000000,"type":1,"subtype":5,"value":0.07833,"recordDate":null,"divPayDate":null,"isLock":null,"updated":null},{"symbol":"EVN","date":1349712000000,"type":1,"subtype":5,"value":0.07833,"recordDate":null,"divPayDate":null,"isLock":null,"updated":null},{"symbol":"EVN","date":1346860800000,"type":1,"subtype":5,"value":0.07833,"recordDate":null,"divPayDate":null,"isLock":null,"updated":null},{"symbol":"EVN","date":1344355200000,"type":1,"subtype":5,"value":0.07833,"recordDate":null,"divPayDate":null,"isLock":null,"updated":null}]}