{"list":[{"symbol":"EWZS","date":1560700800000,"type":1,"subtype":5,"value":0.22615,"recordDate":null,"divPayDate":null,"isLock":null,"updated":null},{"symbol":"EWZS","date":1545926400000,"type":1,"subtype":5,"value":0.06293,"recordDate":null,"divPayDate":null,"isLock":null,"updated":null},{"symbol":"EWZS","date":1545062400000,"type":1,"subtype":5,"value":0.3079,"recordDate":null,"divPayDate":null,"isLock":null,"updated":null},{"symbol":"EWZS","date":1529337600000,"type":1,"subtype":5,"value":0.32,"recordDate":null,"divPayDate":null,"isLock":null,"updated":null},{"symbol":"EWZS","date":1514390400000,"type":1,"subtype":5,"value":0.0181,"recordDate":1513699200000,"divPayDate":null,"isLock":null,"updated":null},{"symbol":"EWZS","date":1513612800000,"type":1,"subtype":5,"value":0.37004,"recordDate":1498060800000,"divPayDate":null,"isLock":null,"updated":null},{"symbol":"EWZS","date":1497888000000,"type":1,"subtype":5,"value":0.168,"recordDate":1482422400000,"divPayDate":null,"isLock":null,"updated":null},{"symbol":"EWZS","date":1482249600000,"type":1,"subtype":5,"value":0.24878,"recordDate":1466697600000,"divPayDate":null,"isLock":null,"updated":null},{"symbol":"EWZS","date":1466524800000,"type":1,"subtype":5,"value":0.14811,"recordDate":1450800000000,"divPayDate":null,"isLock":null,"updated":null},{"symbol":"EWZS","date":1450627200000,"type":1,"subtype":5,"value":0.05594,"recordDate":1435507200000,"divPayDate":null,"isLock":null,"updated":null},{"symbol":"EWZS","date":1435161600000,"type":1,"subtype":5,"value":0.2434,"recordDate":1435507200000,"divPayDate":null,"isLock":null,"updated":null},{"symbol":"EWZS","date":1418745600000,"type":1,"subtype":5,"value":0.15605,"recordDate":1418918400000,"divPayDate":null,"isLock":null,"updated":null},{"symbol":"EWZS","date":1403625600000,"type":1,"subtype":5,"value":0.27952,"recordDate":1403798400000,"divPayDate":null,"isLock":null,"updated":null},{"symbol":"EWZS","date":1388073600000,"type":1,"subtype":5,"value":0.03097,"recordDate":null,"divPayDate":null,"isLock":null,"updated":null},{"symbol":"EWZS","date":1387296000000,"type":1,"subtype":5,"value":0.07084,"recordDate":null,"divPayDate":null,"isLock":null,"updated":null},{"symbol":"EWZS","date":1372262400000,"type":1,"subtype":5,"value":0.27064,"recordDate":null,"divPayDate":null,"isLock":null,"updated":null},{"symbol":"EWZS","date":1355760000000,"type":1,"subtype":5,"value":0.32744,"recordDate":null,"divPayDate":null,"isLock":null,"updated":null},{"symbol":"EWZS","date":1340208000000,"type":1,"subtype":5,"value":0.40578,"recordDate":null,"divPayDate":null,"isLock":null,"updated":null}]}