{"list":[{"symbol":"FANH","date":1559664000000,"type":1,"subtype":5,"value":0.295,"recordDate":1559750400000,"divPayDate":null,"isLock":null,"updated":null},{"symbol":"FANH","date":1553011200000,"type":1,"subtype":5,"value":0.245,"recordDate":1553097600000,"divPayDate":null,"isLock":null,"updated":null},{"symbol":"FANH","date":1543852800000,"type":1,"subtype":5,"value":0.245,"recordDate":1543939200000,"divPayDate":null,"isLock":null,"updated":null},{"symbol":"FANH","date":1535990400000,"type":1,"subtype":5,"value":0.245,"recordDate":1536076800000,"divPayDate":null,"isLock":null,"updated":null},{"symbol":"FANH","date":1527782400000,"type":1,"subtype":5,"value":0.245,"recordDate":1528041600000,"divPayDate":null,"isLock":null,"updated":null},{"symbol":"FANH","date":1527523200000,"type":1,"subtype":5,"value":0.25,"recordDate":1527609600000,"divPayDate":null,"isLock":null,"updated":null},{"symbol":"FANH","date":1522166400000,"type":1,"subtype":5,"value":0.195,"recordDate":1522252800000,"divPayDate":null,"isLock":null,"updated":null},{"symbol":"FANH","date":1521734400000,"type":1,"subtype":5,"value":0.2,"recordDate":1521993600000,"divPayDate":null,"isLock":null,"updated":null},{"symbol":"FANH","date":1512576000000,"type":1,"subtype":5,"value":0.195,"recordDate":1512662400000,"divPayDate":null,"isLock":null,"updated":null},{"symbol":"FANH","date":1493827200000,"type":1,"subtype":5,"value":0.105,"recordDate":1494172800000,"divPayDate":null,"isLock":null,"updated":null},{"symbol":"FANH","date":1274112000000,"type":1,"subtype":5,"value":0.24,"recordDate":1274284800000,"divPayDate":null,"isLock":null,"updated":null}]}