{"list":[{"symbol":"FCAU","date":1558281600000,"type":1,"subtype":5,"value":1.45639,"recordDate":null,"divPayDate":null,"isLock":null,"updated":null},{"symbol":"FCAU","date":1555948800000,"type":1,"subtype":5,"value":0.73457,"recordDate":null,"divPayDate":null,"isLock":null,"updated":null},{"symbol":"FCAU","date":1462118400000,"type":2,"subtype":7,"value":0.06775,"recordDate":1451923200000,"divPayDate":null,"isLock":null,"updated":null},{"symbol":"FCAU","date":1451836800000,"type":2,"subtype":7,"value":0.1,"recordDate":1451923200000,"divPayDate":null,"isLock":null,"updated":null},{"symbol":"FCAU","date":1451836800000,"type":1,"subtype":5,"value":0.0109,"recordDate":1451923200000,"divPayDate":null,"isLock":null,"updated":null},{"symbol":"FCAU","date":869414400000,"type":2,"subtype":8,"value":1.1,"recordDate":1437062400000,"divPayDate":null,"isLock":null,"updated":null}]}