{"list":[{"symbol":"FCCY","date":1557417600000,"type":1,"subtype":5,"value":0.075,"recordDate":1557676800000,"divPayDate":null,"isLock":null,"updated":null},{"symbol":"FCCY","date":1550073600000,"type":1,"subtype":5,"value":0.075,"recordDate":1550160000000,"divPayDate":null,"isLock":null,"updated":null},{"symbol":"FCCY","date":1541606400000,"type":1,"subtype":5,"value":0.075,"recordDate":1541692800000,"divPayDate":null,"isLock":null,"updated":null},{"symbol":"FCCY","date":1533744000000,"type":1,"subtype":5,"value":0.06,"recordDate":1533830400000,"divPayDate":null,"isLock":null,"updated":null},{"symbol":"FCCY","date":1525881600000,"type":1,"subtype":5,"value":0.06,"recordDate":1525968000000,"divPayDate":null,"isLock":null,"updated":null},{"symbol":"FCCY","date":1518624000000,"type":1,"subtype":5,"value":0.06,"recordDate":1518710400000,"divPayDate":null,"isLock":null,"updated":null},{"symbol":"FCCY","date":1510675200000,"type":1,"subtype":5,"value":0.06,"recordDate":1510761600000,"divPayDate":null,"isLock":null,"updated":null},{"symbol":"FCCY","date":1498665600000,"type":1,"subtype":5,"value":0.05,"recordDate":1499011200000,"divPayDate":null,"isLock":null,"updated":null},{"symbol":"FCCY","date":1490803200000,"type":1,"subtype":5,"value":0.05,"recordDate":1491148800000,"divPayDate":null,"isLock":null,"updated":null},{"symbol":"FCCY","date":1482940800000,"type":1,"subtype":5,"value":0.05,"recordDate":1483372800000,"divPayDate":null,"isLock":null,"updated":null},{"symbol":"FCCY","date":1474819200000,"type":1,"subtype":5,"value":0.05,"recordDate":1474992000000,"divPayDate":null,"isLock":null,"updated":null},{"symbol":"FCCY","date":1452528000000,"type":2,"subtype":8,"value":1.05,"recordDate":1449158400000,"divPayDate":null,"isLock":null,"updated":null},{"symbol":"FCCY","date":1426089600000,"type":2,"subtype":8,"value":1.05,"recordDate":1433088000000,"divPayDate":null,"isLock":null,"updated":null},{"symbol":"FCCY","date":1357747200000,"type":2,"subtype":8,"value":1.05,"recordDate":1425571200000,"divPayDate":null,"isLock":null,"updated":null},{"symbol":"FCCY","date":1326297600000,"type":2,"subtype":8,"value":1.05,"recordDate":null,"divPayDate":null,"isLock":null,"updated":null},{"symbol":"FCCY","date":1294848000000,"type":2,"subtype":8,"value":1.05,"recordDate":null,"divPayDate":null,"isLock":null,"updated":null},{"symbol":"FCCY","date":1263398400000,"type":2,"subtype":8,"value":1.05,"recordDate":null,"divPayDate":null,"isLock":null,"updated":null}]}