{"list":[{"symbol":"FEUZ","date":1560441600000,"type":1,"subtype":5,"value":0.5255,"recordDate":null,"divPayDate":null,"isLock":null,"updated":null},{"symbol":"FEUZ","date":1545062400000,"type":1,"subtype":5,"value":0.0262,"recordDate":null,"divPayDate":null,"isLock":null,"updated":null},{"symbol":"FEUZ","date":1536854400000,"type":1,"subtype":5,"value":0.1532,"recordDate":null,"divPayDate":null,"isLock":null,"updated":null},{"symbol":"FEUZ","date":1529510400000,"type":1,"subtype":5,"value":0.6552,"recordDate":null,"divPayDate":null,"isLock":null,"updated":null},{"symbol":"FEUZ","date":1521648000000,"type":1,"subtype":5,"value":0.0059,"recordDate":null,"divPayDate":null,"isLock":null,"updated":null},{"symbol":"FEUZ","date":1505923200000,"type":1,"subtype":5,"value":0.0625,"recordDate":1498406400000,"divPayDate":null,"isLock":null,"updated":null},{"symbol":"FEUZ","date":1498060800000,"type":1,"subtype":5,"value":0.4301,"recordDate":1498406400000,"divPayDate":null,"isLock":null,"updated":null},{"symbol":"FEUZ","date":1490198400000,"type":1,"subtype":5,"value":0.0722,"recordDate":1474560000000,"divPayDate":null,"isLock":null,"updated":null},{"symbol":"FEUZ","date":1474387200000,"type":1,"subtype":5,"value":0.2116,"recordDate":1466697600000,"divPayDate":null,"isLock":null,"updated":null},{"symbol":"FEUZ","date":1466524800000,"type":1,"subtype":5,"value":0.4798,"recordDate":1443110400000,"divPayDate":null,"isLock":null,"updated":null},{"symbol":"FEUZ","date":1442937600000,"type":1,"subtype":5,"value":0.0257,"recordDate":1435248000000,"divPayDate":null,"isLock":null,"updated":null},{"symbol":"FEUZ","date":1435075200000,"type":1,"subtype":5,"value":0.3156,"recordDate":1419523200000,"divPayDate":null,"isLock":null,"updated":null},{"symbol":"FEUZ","date":1419264000000,"type":1,"subtype":5,"value":0.0068,"recordDate":1419523200000,"divPayDate":null,"isLock":null,"updated":null}]}