{"list":[{"symbol":"FFC","date":1563811200000,"type":1,"subtype":5,"value":0.112,"recordDate":null,"divPayDate":null,"isLock":null,"updated":null},{"symbol":"FFC","date":1560960000000,"type":1,"subtype":5,"value":0.112,"recordDate":1561046400000,"divPayDate":null,"isLock":null,"updated":null},{"symbol":"FFC","date":1558454400000,"type":1,"subtype":5,"value":0.112,"recordDate":1558540800000,"divPayDate":null,"isLock":null,"updated":null},{"symbol":"FFC","date":1555862400000,"type":1,"subtype":5,"value":0.112,"recordDate":1555948800000,"divPayDate":null,"isLock":null,"updated":null},{"symbol":"FFC","date":1553097600000,"type":1,"subtype":5,"value":0.112,"recordDate":1553184000000,"divPayDate":null,"isLock":null,"updated":null},{"symbol":"FFC","date":1550592000000,"type":1,"subtype":5,"value":0.112,"recordDate":1550678400000,"divPayDate":null,"isLock":null,"updated":null},{"symbol":"FFC","date":1548172800000,"type":1,"subtype":5,"value":0.112,"recordDate":1548259200000,"divPayDate":null,"isLock":null,"updated":null},{"symbol":"FFC","date":1545235200000,"type":1,"subtype":5,"value":0.114,"recordDate":1545321600000,"divPayDate":null,"isLock":null,"updated":null},{"symbol":"FFC","date":1542729600000,"type":1,"subtype":5,"value":0.114,"recordDate":1542902400000,"divPayDate":null,"isLock":null,"updated":null},{"symbol":"FFC","date":1540224000000,"type":1,"subtype":5,"value":0.114,"recordDate":1540310400000,"divPayDate":null,"isLock":null,"updated":null},{"symbol":"FFC","date":1537372800000,"type":1,"subtype":5,"value":0.114,"recordDate":1537459200000,"divPayDate":null,"isLock":null,"updated":null},{"symbol":"FFC","date":1534953600000,"type":1,"subtype":5,"value":0.114,"recordDate":1535040000000,"divPayDate":null,"isLock":null,"updated":null},{"symbol":"FFC","date":1532275200000,"type":1,"subtype":5,"value":0.114,"recordDate":null,"divPayDate":null,"isLock":null,"updated":null},{"symbol":"FFC","date":1529510400000,"type":1,"subtype":5,"value":0.114,"recordDate":1529596800000,"divPayDate":null,"isLock":null,"updated":null},{"symbol":"FFC","date":1526918400000,"type":1,"subtype":5,"value":0.114,"recordDate":1527004800000,"divPayDate":null,"isLock":null,"updated":null},{"symbol":"FFC","date":1524153600000,"type":1,"subtype":5,"value":0.114,"recordDate":null,"divPayDate":null,"isLock":null,"updated":null},{"symbol":"FFC","date":1521561600000,"type":1,"subtype":5,"value":0.114,"recordDate":1521648000000,"divPayDate":null,"isLock":null,"updated":null},{"symbol":"FFC","date":1519056000000,"type":1,"subtype":5,"value":0.114,"recordDate":1519142400000,"divPayDate":null,"isLock":null,"updated":null},{"symbol":"FFC","date":1516636800000,"type":1,"subtype":5,"value":0.119,"recordDate":1516723200000,"divPayDate":null,"isLock":null,"updated":null},{"symbol":"FFC","date":1513699200000,"type":1,"subtype":5,"value":0.119,"recordDate":1513785600000,"divPayDate":null,"isLock":null,"updated":null},{"symbol":"FFC","date":1511193600000,"type":1,"subtype":5,"value":0.119,"recordDate":1511280000000,"divPayDate":null,"isLock":null,"updated":null},{"symbol":"FFC","date":1508688000000,"type":1,"subtype":5,"value":0.119,"recordDate":1508774400000,"divPayDate":null,"isLock":null,"updated":null},{"symbol":"FFC","date":1505923200000,"type":1,"subtype":5,"value":0.119,"recordDate":1506009600000,"divPayDate":null,"isLock":null,"updated":null},{"symbol":"FFC","date":1503331200000,"type":1,"subtype":5,"value":0.119,"recordDate":1503504000000,"divPayDate":null,"isLock":null,"updated":null},{"symbol":"FFC","date":1500480000000,"type":1,"subtype":5,"value":0.128,"recordDate":1500825600000,"divPayDate":null,"isLock":null,"updated":null},{"symbol":"FFC","date":1497974400000,"type":1,"subtype":5,"value":0.128,"recordDate":1498147200000,"divPayDate":null,"isLock":null,"updated":null},{"symbol":"FFC","date":1495123200000,"type":1,"subtype":5,"value":0.128,"recordDate":1495468800000,"divPayDate":null,"isLock":null,"updated":null},{"symbol":"FFC","date":1492531200000,"type":1,"subtype":5,"value":0.128,"recordDate":1492704000000,"divPayDate":null,"isLock":null,"updated":null},{"symbol":"FFC","date":1490112000000,"type":1,"subtype":5,"value":0.128,"recordDate":1490284800000,"divPayDate":null,"isLock":null,"updated":null},{"symbol":"FFC","date":1487174400000,"type":1,"subtype":5,"value":0.128,"recordDate":1487606400000,"divPayDate":null,"isLock":null,"updated":null},{"symbol":"FFC","date":1484841600000,"type":1,"subtype":5,"value":0.128,"recordDate":1485187200000,"divPayDate":null,"isLock":null,"updated":null},{"symbol":"FFC","date":1482163200000,"type":1,"subtype":5,"value":0.128,"recordDate":1482336000000,"divPayDate":null,"isLock":null,"updated":null},{"symbol":"FFC","date":1479398400000,"type":1,"subtype":5,"value":0.136,"recordDate":1479744000000,"divPayDate":null,"isLock":null,"updated":null},{"symbol":"FFC","date":1476892800000,"type":1,"subtype":5,"value":0.136,"recordDate":1477238400000,"divPayDate":null,"isLock":null,"updated":null},{"symbol":"FFC","date":1474387200000,"type":1,"subtype":5,"value":0.136,"recordDate":1474560000000,"divPayDate":null,"isLock":null,"updated":null},{"symbol":"FFC","date":1471795200000,"type":1,"subtype":5,"value":0.136,"recordDate":1471968000000,"divPayDate":null,"isLock":null,"updated":null},{"symbol":"FFC","date":1468944000000,"type":1,"subtype":5,"value":0.136,"recordDate":1469116800000,"divPayDate":null,"isLock":null,"updated":null},{"symbol":"FFC","date":1466438400000,"type":1,"subtype":5,"value":0.136,"recordDate":1466611200000,"divPayDate":null,"isLock":null,"updated":null},{"symbol":"FFC","date":1463587200000,"type":1,"subtype":5,"value":0.136,"recordDate":1463932800000,"divPayDate":null,"isLock":null,"updated":null},{"symbol":"FFC","date":1461081600000,"type":1,"subtype":5,"value":0.136,"recordDate":1461254400000,"divPayDate":null,"isLock":null,"updated":null},{"symbol":"FFC","date":1458489600000,"type":1,"subtype":5,"value":0.136,"recordDate":1458662400000,"divPayDate":null,"isLock":null,"updated":null},{"symbol":"FFC","date":1455724800000,"type":1,"subtype":5,"value":0.136,"recordDate":1456070400000,"divPayDate":null,"isLock":null,"updated":null},{"symbol":"FFC","date":1453219200000,"type":1,"subtype":5,"value":0.136,"recordDate":1453392000000,"divPayDate":null,"isLock":null,"updated":null},{"symbol":"FFC","date":1450627200000,"type":1,"subtype":5,"value":0.136,"recordDate":1450800000000,"divPayDate":null,"isLock":null,"updated":null},{"symbol":"FFC","date":1447776000000,"type":1,"subtype":5,"value":0.136,"recordDate":1447948800000,"divPayDate":null,"isLock":null,"updated":null},{"symbol":"FFC","date":1445356800000,"type":1,"subtype":5,"value":0.136,"recordDate":1445529600000,"divPayDate":null,"isLock":null,"updated":null},{"symbol":"FFC","date":1442764800000,"type":1,"subtype":5,"value":0.136,"recordDate":1442937600000,"divPayDate":null,"isLock":null,"updated":null},{"symbol":"FFC","date":1440000000000,"type":1,"subtype":5,"value":0.136,"recordDate":1440345600000,"divPayDate":null,"isLock":null,"updated":null},{"symbol":"FFC","date":1437494400000,"type":1,"subtype":5,"value":0.136,"recordDate":1437667200000,"divPayDate":null,"isLock":null,"updated":null},{"symbol":"FFC","date":1434643200000,"type":1,"subtype":5,"value":0.136,"recordDate":1434988800000,"divPayDate":null,"isLock":null,"updated":null},{"symbol":"FFC","date":1431964800000,"type":1,"subtype":5,"value":0.136,"recordDate":1432137600000,"divPayDate":null,"isLock":null,"updated":null},{"symbol":"FFC","date":1429545600000,"type":1,"subtype":5,"value":0.136,"recordDate":1429718400000,"divPayDate":null,"isLock":null,"updated":null},{"symbol":"FFC","date":1426780800000,"type":1,"subtype":5,"value":0.136,"recordDate":1427126400000,"divPayDate":null,"isLock":null,"updated":null},{"symbol":"FFC","date":1424188800000,"type":1,"subtype":5,"value":0.136,"recordDate":1424361600000,"divPayDate":null,"isLock":null,"updated":null},{"symbol":"FFC","date":1421769600000,"type":1,"subtype":5,"value":0.136,"recordDate":1421942400000,"divPayDate":null,"isLock":null,"updated":null},{"symbol":"FFC","date":1418918400000,"type":1,"subtype":5,"value":0.136,"recordDate":1419264000000,"divPayDate":null,"isLock":null,"updated":null},{"symbol":"FFC","date":1416240000000,"type":1,"subtype":5,"value":0.136,"recordDate":1416412800000,"divPayDate":null,"isLock":null,"updated":null},{"symbol":"FFC","date":1413907200000,"type":1,"subtype":5,"value":0.136,"recordDate":1414080000000,"divPayDate":null,"isLock":null,"updated":null},{"symbol":"FFC","date":1411056000000,"type":1,"subtype":5,"value":0.136,"recordDate":1411401600000,"divPayDate":null,"isLock":null,"updated":null},{"symbol":"FFC","date":1408464000000,"type":1,"subtype":5,"value":0.136,"recordDate":1408636800000,"divPayDate":null,"isLock":null,"updated":null},{"symbol":"FFC","date":1405958400000,"type":1,"subtype":5,"value":0.136,"recordDate":1406131200000,"divPayDate":null,"isLock":null,"updated":null},{"symbol":"FFC","date":1403107200000,"type":1,"subtype":5,"value":0.136,"recordDate":null,"divPayDate":null,"isLock":null,"updated":null},{"symbol":"FFC","date":1400515200000,"type":1,"subtype":5,"value":0.136,"recordDate":null,"divPayDate":null,"isLock":null,"updated":null},{"symbol":"FFC","date":1398009600000,"type":1,"subtype":5,"value":0.136,"recordDate":null,"divPayDate":null,"isLock":null,"updated":null},{"symbol":"FFC","date":1395244800000,"type":1,"subtype":5,"value":0.136,"recordDate":null,"divPayDate":null,"isLock":null,"updated":null},{"symbol":"FFC","date":1392739200000,"type":1,"subtype":5,"value":0.136,"recordDate":null,"divPayDate":null,"isLock":null,"updated":null},{"symbol":"FFC","date":1390320000000,"type":1,"subtype":5,"value":0.136,"recordDate":null,"divPayDate":null,"isLock":null,"updated":null},{"symbol":"FFC","date":1387382400000,"type":1,"subtype":5,"value":0.18,"recordDate":null,"divPayDate":null,"isLock":null,"updated":null},{"symbol":"FFC","date":1384790400000,"type":1,"subtype":5,"value":0.136,"recordDate":null,"divPayDate":null,"isLock":null,"updated":null},{"symbol":"FFC","date":1382371200000,"type":1,"subtype":5,"value":0.136,"recordDate":null,"divPayDate":null,"isLock":null,"updated":null},{"symbol":"FFC","date":1379520000000,"type":1,"subtype":5,"value":0.136,"recordDate":null,"divPayDate":null,"isLock":null,"updated":null},{"symbol":"FFC","date":1377014400000,"type":1,"subtype":5,"value":0.136,"recordDate":null,"divPayDate":null,"isLock":null,"updated":null},{"symbol":"FFC","date":1374422400000,"type":1,"subtype":5,"value":0.136,"recordDate":null,"divPayDate":null,"isLock":null,"updated":null},{"symbol":"FFC","date":1371571200000,"type":1,"subtype":5,"value":0.136,"recordDate":null,"divPayDate":null,"isLock":null,"updated":null},{"symbol":"FFC","date":1369152000000,"type":1,"subtype":5,"value":0.136,"recordDate":null,"divPayDate":null,"isLock":null,"updated":null},{"symbol":"FFC","date":1366300800000,"type":1,"subtype":5,"value":0.136,"recordDate":null,"divPayDate":null,"isLock":null,"updated":null},{"symbol":"FFC","date":1363622400000,"type":1,"subtype":5,"value":0.136,"recordDate":null,"divPayDate":null,"isLock":null,"updated":null},{"symbol":"FFC","date":1361203200000,"type":1,"subtype":5,"value":0.136,"recordDate":null,"divPayDate":null,"isLock":null,"updated":null},{"symbol":"FFC","date":1358784000000,"type":1,"subtype":5,"value":0.136,"recordDate":null,"divPayDate":null,"isLock":null,"updated":null},{"symbol":"FFC","date":1355846400000,"type":1,"subtype":5,"value":0.253,"recordDate":null,"divPayDate":null,"isLock":null,"updated":null},{"symbol":"FFC","date":1353340800000,"type":1,"subtype":5,"value":0.136,"recordDate":null,"divPayDate":null,"isLock":null,"updated":null},{"symbol":"FFC","date":1350835200000,"type":1,"subtype":5,"value":0.136,"recordDate":null,"divPayDate":null,"isLock":null,"updated":null},{"symbol":"FFC","date":1347984000000,"type":1,"subtype":5,"value":0.136,"recordDate":null,"divPayDate":null,"isLock":null,"updated":null},{"symbol":"FFC","date":1345564800000,"type":1,"subtype":5,"value":0.136,"recordDate":null,"divPayDate":null,"isLock":null,"updated":null}]}