{"list":[{"symbol":"FGP","date":1536163200000,"type":1,"subtype":5,"value":0.1,"recordDate":1536249600000,"divPayDate":null,"isLock":null,"updated":null},{"symbol":"FGP","date":1528214400000,"type":1,"subtype":5,"value":0.1,"recordDate":1528300800000,"divPayDate":null,"isLock":null,"updated":null},{"symbol":"FGP","date":1520438400000,"type":1,"subtype":5,"value":0.1,"recordDate":null,"divPayDate":null,"isLock":null,"updated":null},{"symbol":"FGP","date":1512576000000,"type":1,"subtype":5,"value":0.1,"recordDate":null,"divPayDate":null,"isLock":null,"updated":null},{"symbol":"FGP","date":1504627200000,"type":1,"subtype":5,"value":0.1,"recordDate":1504713600000,"divPayDate":null,"isLock":null,"updated":null},{"symbol":"FGP","date":1496592000000,"type":1,"subtype":5,"value":0.1,"recordDate":1496764800000,"divPayDate":null,"isLock":null,"updated":null},{"symbol":"FGP","date":1488902400000,"type":1,"subtype":5,"value":0.1,"recordDate":1489075200000,"divPayDate":null,"isLock":null,"updated":null},{"symbol":"FGP","date":1480953600000,"type":1,"subtype":5,"value":0.1,"recordDate":1481126400000,"divPayDate":null,"isLock":null,"updated":null},{"symbol":"FGP","date":1472745600000,"type":1,"subtype":5,"value":0.5125,"recordDate":1473177600000,"divPayDate":null,"isLock":null,"updated":null},{"symbol":"FGP","date":1464883200000,"type":1,"subtype":5,"value":0.5125,"recordDate":1465228800000,"divPayDate":null,"isLock":null,"updated":null},{"symbol":"FGP","date":1457280000000,"type":1,"subtype":5,"value":0.5125,"recordDate":1457452800000,"divPayDate":null,"isLock":null,"updated":null},{"symbol":"FGP","date":1449158400000,"type":1,"subtype":5,"value":0.5125,"recordDate":1449504000000,"divPayDate":null,"isLock":null,"updated":null},{"symbol":"FGP","date":1441123200000,"type":1,"subtype":5,"value":0.5125,"recordDate":1441555200000,"divPayDate":null,"isLock":null,"updated":null},{"symbol":"FGP","date":1433260800000,"type":1,"subtype":5,"value":0.5,"recordDate":1433433600000,"divPayDate":null,"isLock":null,"updated":null},{"symbol":"FGP","date":1425571200000,"type":1,"subtype":5,"value":0.5,"recordDate":1425916800000,"divPayDate":null,"isLock":null,"updated":null},{"symbol":"FGP","date":1417622400000,"type":1,"subtype":5,"value":0.5,"recordDate":1417968000000,"divPayDate":null,"isLock":null,"updated":null},{"symbol":"FGP","date":1409673600000,"type":1,"subtype":5,"value":0.5,"recordDate":1409846400000,"divPayDate":null,"isLock":null,"updated":null},{"symbol":"FGP","date":1401811200000,"type":1,"subtype":5,"value":0.5,"recordDate":null,"divPayDate":null,"isLock":null,"updated":null},{"symbol":"FGP","date":1394035200000,"type":1,"subtype":5,"value":0.5,"recordDate":null,"divPayDate":null,"isLock":null,"updated":null},{"symbol":"FGP","date":1386086400000,"type":1,"subtype":5,"value":0.5,"recordDate":null,"divPayDate":null,"isLock":null,"updated":null},{"symbol":"FGP","date":1378224000000,"type":1,"subtype":5,"value":0.5,"recordDate":null,"divPayDate":null,"isLock":null,"updated":null},{"symbol":"FGP","date":1370361600000,"type":1,"subtype":5,"value":0.5,"recordDate":null,"divPayDate":null,"isLock":null,"updated":null},{"symbol":"FGP","date":1362499200000,"type":1,"subtype":5,"value":0.5,"recordDate":null,"divPayDate":null,"isLock":null,"updated":null},{"symbol":"FGP","date":1354636800000,"type":1,"subtype":5,"value":0.5,"recordDate":null,"divPayDate":null,"isLock":null,"updated":null},{"symbol":"FGP","date":1346774400000,"type":1,"subtype":5,"value":0.5,"recordDate":null,"divPayDate":null,"isLock":null,"updated":null},{"symbol":"FGP","date":1338825600000,"type":1,"subtype":5,"value":0.5,"recordDate":null,"divPayDate":null,"isLock":null,"updated":null}]}