{"list":[{"symbol":"FITBI","date":1561564800000,"type":1,"subtype":5,"value":0.41406,"recordDate":null,"divPayDate":null,"isLock":null,"updated":null},{"symbol":"FITBI","date":1553702400000,"type":1,"subtype":5,"value":0.41406,"recordDate":null,"divPayDate":null,"isLock":null,"updated":null},{"symbol":"FITBI","date":1545840000000,"type":1,"subtype":5,"value":0.41406,"recordDate":null,"divPayDate":null,"isLock":null,"updated":null},{"symbol":"FITBI","date":1537977600000,"type":1,"subtype":5,"value":0.41406,"recordDate":null,"divPayDate":null,"isLock":null,"updated":null},{"symbol":"FITBI","date":1530115200000,"type":1,"subtype":5,"value":0.41406,"recordDate":null,"divPayDate":null,"isLock":null,"updated":null},{"symbol":"FITBI","date":1522166400000,"type":1,"subtype":5,"value":0.41406,"recordDate":1522339200000,"divPayDate":null,"isLock":null,"updated":null},{"symbol":"FITBI","date":1514390400000,"type":1,"subtype":5,"value":0.41406,"recordDate":1514476800000,"divPayDate":null,"isLock":null,"updated":null},{"symbol":"FITBI","date":1506528000000,"type":1,"subtype":5,"value":0.41406,"recordDate":1506614400000,"divPayDate":null,"isLock":null,"updated":null},{"symbol":"FITBI","date":1498492800000,"type":1,"subtype":5,"value":0.41406,"recordDate":1498665600000,"divPayDate":null,"isLock":null,"updated":null},{"symbol":"FITBI","date":1490544000000,"type":1,"subtype":5,"value":0.41406,"recordDate":1490716800000,"divPayDate":null,"isLock":null,"updated":null},{"symbol":"FITBI","date":1482854400000,"type":1,"subtype":5,"value":0.41406,"recordDate":1483027200000,"divPayDate":null,"isLock":null,"updated":null},{"symbol":"FITBI","date":1474387200000,"type":1,"subtype":5,"value":0.41406,"recordDate":1474560000000,"divPayDate":null,"isLock":null,"updated":null},{"symbol":"FITBI","date":1466524800000,"type":1,"subtype":5,"value":0.41406,"recordDate":1466697600000,"divPayDate":null,"isLock":null,"updated":null},{"symbol":"FITBI","date":1458576000000,"type":1,"subtype":5,"value":0.41406,"recordDate":1458835200000,"divPayDate":null,"isLock":null,"updated":null},{"symbol":"FITBI","date":1450713600000,"type":1,"subtype":5,"value":0.41406,"recordDate":1450886400000,"divPayDate":null,"isLock":null,"updated":null},{"symbol":"FITBI","date":1442937600000,"type":1,"subtype":5,"value":0.41406,"recordDate":1443110400000,"divPayDate":null,"isLock":null,"updated":null},{"symbol":"FITBI","date":1435075200000,"type":1,"subtype":5,"value":0.41406,"recordDate":1435248000000,"divPayDate":null,"isLock":null,"updated":null},{"symbol":"FITBI","date":1427212800000,"type":1,"subtype":5,"value":0.41406,"recordDate":1427385600000,"divPayDate":null,"isLock":null,"updated":null},{"symbol":"FITBI","date":1419264000000,"type":1,"subtype":5,"value":0.41406,"recordDate":1419523200000,"divPayDate":null,"isLock":null,"updated":null},{"symbol":"FITBI","date":1411488000000,"type":1,"subtype":5,"value":0.41406,"recordDate":1411660800000,"divPayDate":null,"isLock":null,"updated":null},{"symbol":"FITBI","date":1403625600000,"type":1,"subtype":5,"value":0.41406,"recordDate":1403798400000,"divPayDate":null,"isLock":null,"updated":null},{"symbol":"FITBI","date":1395763200000,"type":1,"subtype":5,"value":0.51528,"recordDate":null,"divPayDate":null,"isLock":null,"updated":null}]}