{"list":[{"symbol":"FLIR","date":1558540800000,"type":1,"subtype":5,"value":0.17,"recordDate":1558627200000,"divPayDate":null,"isLock":null,"updated":null},{"symbol":"FLIR","date":1550678400000,"type":1,"subtype":5,"value":0.17,"recordDate":1550764800000,"divPayDate":null,"isLock":null,"updated":null},{"symbol":"FLIR","date":1542729600000,"type":1,"subtype":5,"value":0.16,"recordDate":1542902400000,"divPayDate":null,"isLock":null,"updated":null},{"symbol":"FLIR","date":1534953600000,"type":1,"subtype":5,"value":0.16,"recordDate":1535040000000,"divPayDate":null,"isLock":null,"updated":null},{"symbol":"FLIR","date":1527091200000,"type":1,"subtype":5,"value":0.16,"recordDate":1527177600000,"divPayDate":null,"isLock":null,"updated":null},{"symbol":"FLIR","date":1519228800000,"type":1,"subtype":5,"value":0.16,"recordDate":1519315200000,"divPayDate":null,"isLock":null,"updated":null},{"symbol":"FLIR","date":1511280000000,"type":1,"subtype":5,"value":0.15,"recordDate":1511452800000,"divPayDate":null,"isLock":null,"updated":null},{"symbol":"FLIR","date":1503417600000,"type":1,"subtype":5,"value":0.15,"recordDate":1503590400000,"divPayDate":null,"isLock":null,"updated":null},{"symbol":"FLIR","date":1495555200000,"type":1,"subtype":5,"value":0.15,"recordDate":1495728000000,"divPayDate":null,"isLock":null,"updated":null},{"symbol":"FLIR","date":1487692800000,"type":1,"subtype":5,"value":0.15,"recordDate":1487865600000,"divPayDate":null,"isLock":null,"updated":null},{"symbol":"FLIR","date":1479225600000,"type":1,"subtype":5,"value":0.12,"recordDate":1479398400000,"divPayDate":null,"isLock":null,"updated":null},{"symbol":"FLIR","date":1471363200000,"type":1,"subtype":5,"value":0.12,"recordDate":1471536000000,"divPayDate":null,"isLock":null,"updated":null},{"symbol":"FLIR","date":1463500800000,"type":1,"subtype":5,"value":0.12,"recordDate":1463673600000,"divPayDate":null,"isLock":null,"updated":null},{"symbol":"FLIR","date":1455638400000,"type":1,"subtype":5,"value":0.12,"recordDate":1455811200000,"divPayDate":null,"isLock":null,"updated":null},{"symbol":"FLIR","date":1447776000000,"type":1,"subtype":5,"value":0.11,"recordDate":1447948800000,"divPayDate":null,"isLock":null,"updated":null},{"symbol":"FLIR","date":1439913600000,"type":1,"subtype":5,"value":0.11,"recordDate":1440086400000,"divPayDate":null,"isLock":null,"updated":null},{"symbol":"FLIR","date":1432051200000,"type":1,"subtype":5,"value":0.11,"recordDate":1432224000000,"divPayDate":null,"isLock":null,"updated":null},{"symbol":"FLIR","date":1424188800000,"type":1,"subtype":5,"value":0.11,"recordDate":1424361600000,"divPayDate":null,"isLock":null,"updated":null},{"symbol":"FLIR","date":1415894400000,"type":1,"subtype":5,"value":0.1,"recordDate":1416240000000,"divPayDate":null,"isLock":null,"updated":null},{"symbol":"FLIR","date":1408032000000,"type":1,"subtype":5,"value":0.1,"recordDate":1408377600000,"divPayDate":null,"isLock":null,"updated":null},{"symbol":"FLIR","date":1400169600000,"type":1,"subtype":5,"value":0.1,"recordDate":null,"divPayDate":null,"isLock":null,"updated":null},{"symbol":"FLIR","date":1392307200000,"type":1,"subtype":5,"value":0.1,"recordDate":null,"divPayDate":null,"isLock":null,"updated":null},{"symbol":"FLIR","date":1384358400000,"type":1,"subtype":5,"value":0.09,"recordDate":null,"divPayDate":null,"isLock":null,"updated":null},{"symbol":"FLIR","date":1376496000000,"type":1,"subtype":5,"value":0.09,"recordDate":null,"divPayDate":null,"isLock":null,"updated":null},{"symbol":"FLIR","date":1368633600000,"type":1,"subtype":5,"value":0.09,"recordDate":null,"divPayDate":null,"isLock":null,"updated":null},{"symbol":"FLIR","date":1360771200000,"type":1,"subtype":5,"value":0.09,"recordDate":null,"divPayDate":null,"isLock":null,"updated":null},{"symbol":"FLIR","date":1352908800000,"type":1,"subtype":5,"value":0.07,"recordDate":null,"divPayDate":null,"isLock":null,"updated":null},{"symbol":"FLIR","date":1345046400000,"type":1,"subtype":5,"value":0.07,"recordDate":null,"divPayDate":null,"isLock":null,"updated":null},{"symbol":"FLIR","date":1197302400000,"type":2,"subtype":8,"value":2.0,"recordDate":1440086400000,"divPayDate":null,"isLock":null,"updated":null},{"symbol":"FLIR","date":1107360000000,"type":2,"subtype":8,"value":2.0,"recordDate":null,"divPayDate":null,"isLock":null,"updated":null},{"symbol":"FLIR","date":1054224000000,"type":2,"subtype":8,"value":2.0,"recordDate":null,"divPayDate":null,"isLock":null,"updated":null}]}