{"list":[{"symbol":"FMK","date":1560441600000,"type":1,"subtype":5,"value":0.1,"recordDate":null,"divPayDate":null,"isLock":null,"updated":null},{"symbol":"FMK","date":1553097600000,"type":1,"subtype":5,"value":0.0996,"recordDate":null,"divPayDate":null,"isLock":null,"updated":null},{"symbol":"FMK","date":1545062400000,"type":1,"subtype":5,"value":0.1211,"recordDate":null,"divPayDate":null,"isLock":null,"updated":null},{"symbol":"FMK","date":1536854400000,"type":1,"subtype":5,"value":0.0861,"recordDate":null,"divPayDate":null,"isLock":null,"updated":null},{"symbol":"FMK","date":1529510400000,"type":1,"subtype":5,"value":0.0946,"recordDate":null,"divPayDate":null,"isLock":null,"updated":null},{"symbol":"FMK","date":1521648000000,"type":1,"subtype":5,"value":0.0927,"recordDate":null,"divPayDate":null,"isLock":null,"updated":null},{"symbol":"FMK","date":1513785600000,"type":1,"subtype":5,"value":0.1218,"recordDate":1506009600000,"divPayDate":null,"isLock":null,"updated":null},{"symbol":"FMK","date":1505923200000,"type":1,"subtype":5,"value":0.0803,"recordDate":1498406400000,"divPayDate":null,"isLock":null,"updated":null},{"symbol":"FMK","date":1498060800000,"type":1,"subtype":5,"value":0.0835,"recordDate":1498406400000,"divPayDate":null,"isLock":null,"updated":null},{"symbol":"FMK","date":1490198400000,"type":1,"subtype":5,"value":0.0954,"recordDate":1482422400000,"divPayDate":null,"isLock":null,"updated":null},{"symbol":"FMK","date":1482249600000,"type":1,"subtype":5,"value":0.1222,"recordDate":1474560000000,"divPayDate":null,"isLock":null,"updated":null},{"symbol":"FMK","date":1474387200000,"type":1,"subtype":5,"value":0.1191,"recordDate":1466697600000,"divPayDate":null,"isLock":null,"updated":null},{"symbol":"FMK","date":1466524800000,"type":1,"subtype":5,"value":0.0919,"recordDate":1459094400000,"divPayDate":null,"isLock":null,"updated":null},{"symbol":"FMK","date":1458662400000,"type":1,"subtype":5,"value":0.0971,"recordDate":1451232000000,"divPayDate":null,"isLock":null,"updated":null},{"symbol":"FMK","date":1450800000000,"type":1,"subtype":5,"value":0.1325,"recordDate":1443110400000,"divPayDate":null,"isLock":null,"updated":null},{"symbol":"FMK","date":1442937600000,"type":1,"subtype":5,"value":0.0973,"recordDate":1435248000000,"divPayDate":null,"isLock":null,"updated":null},{"symbol":"FMK","date":1435075200000,"type":1,"subtype":5,"value":0.0818,"recordDate":1427385600000,"divPayDate":null,"isLock":null,"updated":null},{"symbol":"FMK","date":1427212800000,"type":1,"subtype":5,"value":0.1248,"recordDate":1427385600000,"divPayDate":null,"isLock":null,"updated":null},{"symbol":"FMK","date":1419264000000,"type":1,"subtype":5,"value":0.0921,"recordDate":1419523200000,"divPayDate":null,"isLock":null,"updated":null},{"symbol":"FMK","date":1411401600000,"type":1,"subtype":5,"value":0.0873,"recordDate":1411574400000,"divPayDate":null,"isLock":null,"updated":null},{"symbol":"FMK","date":1403539200000,"type":1,"subtype":5,"value":0.0901,"recordDate":1403712000000,"divPayDate":null,"isLock":null,"updated":null},{"symbol":"FMK","date":1395676800000,"type":1,"subtype":5,"value":0.0779,"recordDate":null,"divPayDate":null,"isLock":null,"updated":null},{"symbol":"FMK","date":1387296000000,"type":1,"subtype":5,"value":0.0564,"recordDate":null,"divPayDate":null,"isLock":null,"updated":null},{"symbol":"FMK","date":1379606400000,"type":1,"subtype":5,"value":0.0678,"recordDate":null,"divPayDate":null,"isLock":null,"updated":null},{"symbol":"FMK","date":1371744000000,"type":1,"subtype":5,"value":0.0525,"recordDate":null,"divPayDate":null,"isLock":null,"updated":null},{"symbol":"FMK","date":1363795200000,"type":1,"subtype":5,"value":0.0556,"recordDate":null,"divPayDate":null,"isLock":null,"updated":null},{"symbol":"FMK","date":1356019200000,"type":1,"subtype":5,"value":0.1728,"recordDate":null,"divPayDate":null,"isLock":null,"updated":null},{"symbol":"FMK","date":1340208000000,"type":1,"subtype":5,"value":0.0891,"recordDate":null,"divPayDate":null,"isLock":null,"updated":null}]}