{"list":[{"symbol":"FPF","date":1561910400000,"type":1,"subtype":5,"value":0.1425,"recordDate":null,"divPayDate":null,"isLock":null,"updated":null},{"symbol":"FPF","date":1559491200000,"type":1,"subtype":5,"value":0.1425,"recordDate":null,"divPayDate":null,"isLock":null,"updated":null},{"symbol":"FPF","date":1556640000000,"type":1,"subtype":5,"value":0.1425,"recordDate":null,"divPayDate":null,"isLock":null,"updated":null},{"symbol":"FPF","date":1554048000000,"type":1,"subtype":5,"value":0.1425,"recordDate":null,"divPayDate":null,"isLock":null,"updated":null},{"symbol":"FPF","date":1551369600000,"type":1,"subtype":5,"value":0.1425,"recordDate":null,"divPayDate":null,"isLock":null,"updated":null},{"symbol":"FPF","date":1548950400000,"type":1,"subtype":5,"value":0.1425,"recordDate":null,"divPayDate":null,"isLock":null,"updated":null},{"symbol":"FPF","date":1545926400000,"type":1,"subtype":5,"value":0.1425,"recordDate":null,"divPayDate":null,"isLock":null,"updated":null},{"symbol":"FPF","date":1543766400000,"type":1,"subtype":5,"value":0.1425,"recordDate":null,"divPayDate":null,"isLock":null,"updated":null},{"symbol":"FPF","date":1541001600000,"type":1,"subtype":5,"value":0.1425,"recordDate":null,"divPayDate":null,"isLock":null,"updated":null},{"symbol":"FPF","date":1538323200000,"type":1,"subtype":5,"value":0.1425,"recordDate":null,"divPayDate":null,"isLock":null,"updated":null},{"symbol":"FPF","date":1535990400000,"type":1,"subtype":5,"value":0.1425,"recordDate":null,"divPayDate":null,"isLock":null,"updated":null},{"symbol":"FPF","date":1533052800000,"type":1,"subtype":5,"value":0.1425,"recordDate":null,"divPayDate":null,"isLock":null,"updated":null},{"symbol":"FPF","date":1530460800000,"type":1,"subtype":5,"value":0.1425,"recordDate":null,"divPayDate":null,"isLock":null,"updated":null},{"symbol":"FPF","date":1527782400000,"type":1,"subtype":5,"value":0.1425,"recordDate":null,"divPayDate":null,"isLock":null,"updated":null},{"symbol":"FPF","date":1525104000000,"type":1,"subtype":5,"value":0.1425,"recordDate":null,"divPayDate":null,"isLock":null,"updated":null},{"symbol":"FPF","date":1522598400000,"type":1,"subtype":5,"value":0.1525,"recordDate":null,"divPayDate":null,"isLock":null,"updated":null},{"symbol":"FPF","date":1519833600000,"type":1,"subtype":5,"value":0.1525,"recordDate":1519920000000,"divPayDate":null,"isLock":null,"updated":null},{"symbol":"FPF","date":1517414400000,"type":1,"subtype":5,"value":0.1525,"recordDate":1517500800000,"divPayDate":null,"isLock":null,"updated":null},{"symbol":"FPF","date":1514390400000,"type":1,"subtype":5,"value":0.1525,"recordDate":1514476800000,"divPayDate":null,"isLock":null,"updated":null},{"symbol":"FPF","date":1512057600000,"type":1,"subtype":5,"value":0.1525,"recordDate":1512316800000,"divPayDate":null,"isLock":null,"updated":null},{"symbol":"FPF","date":1509465600000,"type":1,"subtype":5,"value":0.1525,"recordDate":1509552000000,"divPayDate":null,"isLock":null,"updated":null},{"symbol":"FPF","date":1506873600000,"type":1,"subtype":5,"value":0.1525,"recordDate":1506960000000,"divPayDate":null,"isLock":null,"updated":null},{"symbol":"FPF","date":1504195200000,"type":1,"subtype":5,"value":0.1525,"recordDate":1504627200000,"divPayDate":null,"isLock":null,"updated":null},{"symbol":"FPF","date":1501516800000,"type":1,"subtype":5,"value":0.1525,"recordDate":1501689600000,"divPayDate":null,"isLock":null,"updated":null},{"symbol":"FPF","date":1499011200000,"type":1,"subtype":5,"value":0.1525,"recordDate":1499270400000,"divPayDate":null,"isLock":null,"updated":null},{"symbol":"FPF","date":1496246400000,"type":1,"subtype":5,"value":0.1525,"recordDate":1496592000000,"divPayDate":null,"isLock":null,"updated":null},{"symbol":"FPF","date":1493568000000,"type":1,"subtype":5,"value":0.1525,"recordDate":1493740800000,"divPayDate":null,"isLock":null,"updated":null},{"symbol":"FPF","date":1491148800000,"type":1,"subtype":5,"value":0.1625,"recordDate":1491321600000,"divPayDate":null,"isLock":null,"updated":null},{"symbol":"FPF","date":1488297600000,"type":1,"subtype":5,"value":0.1625,"recordDate":1488470400000,"divPayDate":null,"isLock":null,"updated":null},{"symbol":"FPF","date":1485878400000,"type":1,"subtype":5,"value":0.1625,"recordDate":1486051200000,"divPayDate":null,"isLock":null,"updated":null},{"symbol":"FPF","date":1482854400000,"type":1,"subtype":5,"value":0.1625,"recordDate":1483027200000,"divPayDate":null,"isLock":null,"updated":null},{"symbol":"FPF","date":1480521600000,"type":1,"subtype":5,"value":0.1625,"recordDate":1480867200000,"divPayDate":null,"isLock":null,"updated":null},{"symbol":"FPF","date":1477929600000,"type":1,"subtype":5,"value":0.1625,"recordDate":1478102400000,"divPayDate":null,"isLock":null,"updated":null},{"symbol":"FPF","date":1475424000000,"type":1,"subtype":5,"value":0.1625,"recordDate":1475596800000,"divPayDate":null,"isLock":null,"updated":null},{"symbol":"FPF","date":1472659200000,"type":1,"subtype":5,"value":0.1625,"recordDate":1473091200000,"divPayDate":null,"isLock":null,"updated":null},{"symbol":"FPF","date":1469980800000,"type":1,"subtype":5,"value":0.1625,"recordDate":1470153600000,"divPayDate":null,"isLock":null,"updated":null},{"symbol":"FPF","date":1467302400000,"type":1,"subtype":5,"value":0.1625,"recordDate":1467734400000,"divPayDate":null,"isLock":null,"updated":null},{"symbol":"FPF","date":1464710400000,"type":1,"subtype":5,"value":0.1625,"recordDate":1464883200000,"divPayDate":null,"isLock":null,"updated":null},{"symbol":"FPF","date":1462118400000,"type":1,"subtype":5,"value":0.1625,"recordDate":1462291200000,"divPayDate":null,"isLock":null,"updated":null},{"symbol":"FPF","date":1459440000000,"type":1,"subtype":5,"value":0.1625,"recordDate":1459785600000,"divPayDate":null,"isLock":null,"updated":null},{"symbol":"FPF","date":1456761600000,"type":1,"subtype":5,"value":0.1625,"recordDate":1456934400000,"divPayDate":null,"isLock":null,"updated":null},{"symbol":"FPF","date":1454256000000,"type":1,"subtype":5,"value":0.1625,"recordDate":1454428800000,"divPayDate":null,"isLock":null,"updated":null},{"symbol":"FPF","date":1451836800000,"type":1,"subtype":5,"value":0.1625,"recordDate":1452009600000,"divPayDate":null,"isLock":null,"updated":null},{"symbol":"FPF","date":1448899200000,"type":1,"subtype":5,"value":0.1625,"recordDate":1449072000000,"divPayDate":null,"isLock":null,"updated":null},{"symbol":"FPF","date":1446393600000,"type":1,"subtype":5,"value":0.1625,"recordDate":1446566400000,"divPayDate":null,"isLock":null,"updated":null},{"symbol":"FPF","date":1443628800000,"type":1,"subtype":5,"value":0.1625,"recordDate":1443974400000,"divPayDate":null,"isLock":null,"updated":null},{"symbol":"FPF","date":1441036800000,"type":1,"subtype":5,"value":0.1625,"recordDate":1441209600000,"divPayDate":null,"isLock":null,"updated":null},{"symbol":"FPF","date":1438531200000,"type":1,"subtype":5,"value":0.1625,"recordDate":1438704000000,"divPayDate":null,"isLock":null,"updated":null},{"symbol":"FPF","date":1435680000000,"type":1,"subtype":5,"value":0.1625,"recordDate":1436112000000,"divPayDate":null,"isLock":null,"updated":null},{"symbol":"FPF","date":1433088000000,"type":1,"subtype":5,"value":0.1625,"recordDate":1433260800000,"divPayDate":null,"isLock":null,"updated":null},{"symbol":"FPF","date":1430409600000,"type":1,"subtype":5,"value":0.1625,"recordDate":1430755200000,"divPayDate":null,"isLock":null,"updated":null},{"symbol":"FPF","date":1427817600000,"type":1,"subtype":5,"value":0.1625,"recordDate":1428249600000,"divPayDate":null,"isLock":null,"updated":null},{"symbol":"FPF","date":1425225600000,"type":1,"subtype":5,"value":0.1625,"recordDate":1425398400000,"divPayDate":null,"isLock":null,"updated":null},{"symbol":"FPF","date":1422806400000,"type":1,"subtype":5,"value":0.1625,"recordDate":1422979200000,"divPayDate":null,"isLock":null,"updated":null},{"symbol":"FPF","date":1420128000000,"type":1,"subtype":5,"value":0.1625,"recordDate":1420473600000,"divPayDate":null,"isLock":null,"updated":null},{"symbol":"FPF","date":1419782400000,"type":1,"subtype":5,"value":0.325,"recordDate":1419955200000,"divPayDate":null,"isLock":null,"updated":null},{"symbol":"FPF","date":1417363200000,"type":1,"subtype":5,"value":0.1625,"recordDate":1417536000000,"divPayDate":null,"isLock":null,"updated":null},{"symbol":"FPF","date":1414944000000,"type":1,"subtype":5,"value":0.1575,"recordDate":1415116800000,"divPayDate":null,"isLock":null,"updated":null},{"symbol":"FPF","date":1412092800000,"type":1,"subtype":5,"value":0.1575,"recordDate":1412265600000,"divPayDate":null,"isLock":null,"updated":null},{"symbol":"FPF","date":1409587200000,"type":1,"subtype":5,"value":0.1525,"recordDate":1409760000000,"divPayDate":null,"isLock":null,"updated":null},{"symbol":"FPF","date":1406822400000,"type":1,"subtype":5,"value":0.1525,"recordDate":1407168000000,"divPayDate":null,"isLock":null,"updated":null},{"symbol":"FPF","date":1404144000000,"type":1,"subtype":5,"value":0.1525,"recordDate":1404316800000,"divPayDate":null,"isLock":null,"updated":null},{"symbol":"FPF","date":1401638400000,"type":1,"subtype":5,"value":0.1525,"recordDate":null,"divPayDate":null,"isLock":null,"updated":null},{"symbol":"FPF","date":1398873600000,"type":1,"subtype":5,"value":0.1525,"recordDate":null,"divPayDate":null,"isLock":null,"updated":null},{"symbol":"FPF","date":1396281600000,"type":1,"subtype":5,"value":0.1525,"recordDate":null,"divPayDate":null,"isLock":null,"updated":null},{"symbol":"FPF","date":1393776000000,"type":1,"subtype":5,"value":0.1525,"recordDate":null,"divPayDate":null,"isLock":null,"updated":null},{"symbol":"FPF","date":1391356800000,"type":1,"subtype":5,"value":0.1525,"recordDate":null,"divPayDate":null,"isLock":null,"updated":null},{"symbol":"FPF","date":1388073600000,"type":1,"subtype":5,"value":0.2288,"recordDate":null,"divPayDate":null,"isLock":null,"updated":null},{"symbol":"FPF","date":1385913600000,"type":1,"subtype":5,"value":0.1525,"recordDate":null,"divPayDate":null,"isLock":null,"updated":null},{"symbol":"FPF","date":1383235200000,"type":1,"subtype":5,"value":0.1525,"recordDate":null,"divPayDate":null,"isLock":null,"updated":null},{"symbol":"FPF","date":1380556800000,"type":1,"subtype":5,"value":0.1525,"recordDate":null,"divPayDate":null,"isLock":null,"updated":null},{"symbol":"FPF","date":1378137600000,"type":1,"subtype":5,"value":0.1525,"recordDate":null,"divPayDate":null,"isLock":null,"updated":null},{"symbol":"FPF","date":1375286400000,"type":1,"subtype":5,"value":0.1525,"recordDate":null,"divPayDate":null,"isLock":null,"updated":null}]}