{"list":[{"symbol":"FTR","date":1513180800000,"type":1,"subtype":5,"value":0.6,"recordDate":1513267200000,"divPayDate":null,"isLock":null,"updated":null},{"symbol":"FTR","date":1505318400000,"type":1,"subtype":5,"value":0.6,"recordDate":1505404800000,"divPayDate":null,"isLock":null,"updated":null},{"symbol":"FTR","date":1499616000000,"type":2,"subtype":7,"value":0.06667,"recordDate":null,"divPayDate":null,"isLock":null,"updated":null},{"symbol":"FTR","date":1497283200000,"type":1,"subtype":5,"value":0.59997,"recordDate":1497456000000,"divPayDate":null,"isLock":null,"updated":null},{"symbol":"FTR","date":1489334400000,"type":1,"subtype":5,"value":0.105,"recordDate":1489507200000,"divPayDate":null,"isLock":null,"updated":null},{"symbol":"FTR","date":1481558400000,"type":1,"subtype":5,"value":0.105,"recordDate":1481731200000,"divPayDate":null,"isLock":null,"updated":null},{"symbol":"FTR","date":1473696000000,"type":1,"subtype":5,"value":0.105,"recordDate":1473868800000,"divPayDate":null,"isLock":null,"updated":null},{"symbol":"FTR","date":1465747200000,"type":1,"subtype":5,"value":0.105,"recordDate":1465920000000,"divPayDate":null,"isLock":null,"updated":null},{"symbol":"FTR","date":1457452800000,"type":1,"subtype":5,"value":0.105,"recordDate":1457625600000,"divPayDate":null,"isLock":null,"updated":null},{"symbol":"FTR","date":1449763200000,"type":1,"subtype":5,"value":0.105,"recordDate":1450108800000,"divPayDate":null,"isLock":null,"updated":null},{"symbol":"FTR","date":1441900800000,"type":1,"subtype":5,"value":0.105,"recordDate":1442246400000,"divPayDate":null,"isLock":null,"updated":null},{"symbol":"FTR","date":1432569600000,"type":1,"subtype":5,"value":0.105,"recordDate":1432742400000,"divPayDate":null,"isLock":null,"updated":null},{"symbol":"FTR","date":1425916800000,"type":1,"subtype":5,"value":0.105,"recordDate":1426089600000,"divPayDate":null,"isLock":null,"updated":null},{"symbol":"FTR","date":1418140800000,"type":1,"subtype":5,"value":0.1,"recordDate":1418313600000,"divPayDate":null,"isLock":null,"updated":null},{"symbol":"FTR","date":1410278400000,"type":1,"subtype":5,"value":0.1,"recordDate":1410451200000,"divPayDate":null,"isLock":null,"updated":null},{"symbol":"FTR","date":1401897600000,"type":1,"subtype":5,"value":0.1,"recordDate":null,"divPayDate":null,"isLock":null,"updated":null},{"symbol":"FTR","date":1393948800000,"type":1,"subtype":5,"value":0.1,"recordDate":null,"divPayDate":null,"isLock":null,"updated":null},{"symbol":"FTR","date":1386172800000,"type":1,"subtype":5,"value":0.1,"recordDate":null,"divPayDate":null,"isLock":null,"updated":null},{"symbol":"FTR","date":1378310400000,"type":1,"subtype":5,"value":0.1,"recordDate":null,"divPayDate":null,"isLock":null,"updated":null},{"symbol":"FTR","date":1370361600000,"type":1,"subtype":5,"value":0.1,"recordDate":null,"divPayDate":null,"isLock":null,"updated":null},{"symbol":"FTR","date":1362499200000,"type":1,"subtype":5,"value":0.1,"recordDate":null,"divPayDate":null,"isLock":null,"updated":null},{"symbol":"FTR","date":1354636800000,"type":1,"subtype":5,"value":0.1,"recordDate":null,"divPayDate":null,"isLock":null,"updated":null},{"symbol":"FTR","date":1346774400000,"type":1,"subtype":5,"value":0.1,"recordDate":null,"divPayDate":null,"isLock":null,"updated":null},{"symbol":"FTR","date":912096000000,"type":2,"subtype":8,"value":1.0075,"recordDate":1442246400000,"divPayDate":null,"isLock":null,"updated":null},{"symbol":"FTR","date":904233600000,"type":2,"subtype":8,"value":1.0075,"recordDate":null,"divPayDate":null,"isLock":null,"updated":null},{"symbol":"FTR","date":896284800000,"type":2,"subtype":8,"value":1.0075,"recordDate":null,"divPayDate":null,"isLock":null,"updated":null}]}