{"list":[{"symbol":"FV","date":1560441600000,"type":1,"subtype":5,"value":0.0088,"recordDate":null,"divPayDate":null,"isLock":null,"updated":null},{"symbol":"FV","date":1553097600000,"type":1,"subtype":5,"value":0.0119,"recordDate":null,"divPayDate":null,"isLock":null,"updated":null},{"symbol":"FV","date":1545062400000,"type":1,"subtype":5,"value":8.0E-4,"recordDate":null,"divPayDate":null,"isLock":null,"updated":null},{"symbol":"FV","date":1536854400000,"type":1,"subtype":5,"value":0.0235,"recordDate":null,"divPayDate":null,"isLock":null,"updated":null},{"symbol":"FV","date":1529510400000,"type":1,"subtype":5,"value":0.0223,"recordDate":null,"divPayDate":null,"isLock":null,"updated":null},{"symbol":"FV","date":1521648000000,"type":1,"subtype":5,"value":0.0015,"recordDate":null,"divPayDate":null,"isLock":null,"updated":null},{"symbol":"FV","date":1513785600000,"type":1,"subtype":5,"value":0.1149,"recordDate":1506009600000,"divPayDate":null,"isLock":null,"updated":null},{"symbol":"FV","date":1505923200000,"type":1,"subtype":5,"value":0.0527,"recordDate":1498406400000,"divPayDate":null,"isLock":null,"updated":null},{"symbol":"FV","date":1498060800000,"type":1,"subtype":5,"value":0.0179,"recordDate":1498406400000,"divPayDate":null,"isLock":null,"updated":null},{"symbol":"FV","date":1482249600000,"type":1,"subtype":5,"value":0.1246,"recordDate":1474560000000,"divPayDate":null,"isLock":null,"updated":null},{"symbol":"FV","date":1474387200000,"type":1,"subtype":5,"value":0.0792,"recordDate":1466697600000,"divPayDate":null,"isLock":null,"updated":null},{"symbol":"FV","date":1466524800000,"type":1,"subtype":5,"value":0.0165,"recordDate":1451232000000,"divPayDate":null,"isLock":null,"updated":null},{"symbol":"FV","date":1450800000000,"type":1,"subtype":5,"value":0.022,"recordDate":1451232000000,"divPayDate":null,"isLock":null,"updated":null},{"symbol":"FV","date":1442937600000,"type":1,"subtype":5,"value":0.0024,"recordDate":1435248000000,"divPayDate":null,"isLock":null,"updated":null},{"symbol":"FV","date":1435075200000,"type":1,"subtype":5,"value":0.009,"recordDate":1419523200000,"divPayDate":null,"isLock":null,"updated":null},{"symbol":"FV","date":1419264000000,"type":1,"subtype":5,"value":0.0194,"recordDate":1419523200000,"divPayDate":null,"isLock":null,"updated":null},{"symbol":"FV","date":1411401600000,"type":1,"subtype":5,"value":0.003,"recordDate":1411574400000,"divPayDate":null,"isLock":null,"updated":null}]}