{"list":[{"symbol":"GBCI","date":1554652800000,"type":1,"subtype":5,"value":0.26,"recordDate":1554739200000,"divPayDate":null,"isLock":null,"updated":null},{"symbol":"GBCI","date":1546790400000,"type":1,"subtype":5,"value":0.3,"recordDate":1546876800000,"divPayDate":null,"isLock":null,"updated":null},{"symbol":"GBCI","date":1544371200000,"type":1,"subtype":5,"value":0.26,"recordDate":1544457600000,"divPayDate":null,"isLock":null,"updated":null},{"symbol":"GBCI","date":1538668800000,"type":1,"subtype":5,"value":0.26,"recordDate":1539014400000,"divPayDate":null,"isLock":null,"updated":null},{"symbol":"GBCI","date":1531065600000,"type":1,"subtype":5,"value":0.26,"recordDate":null,"divPayDate":null,"isLock":null,"updated":null},{"symbol":"GBCI","date":1523203200000,"type":1,"subtype":5,"value":0.23,"recordDate":1523289600000,"divPayDate":null,"isLock":null,"updated":null},{"symbol":"GBCI","date":1512316800000,"type":1,"subtype":5,"value":0.21,"recordDate":1512403200000,"divPayDate":null,"isLock":null,"updated":null},{"symbol":"GBCI","date":1505923200000,"type":1,"subtype":5,"value":0.3,"recordDate":1506009600000,"divPayDate":null,"isLock":null,"updated":null},{"symbol":"GBCI","date":1505836800000,"type":1,"subtype":5,"value":0.21,"recordDate":1505923200000,"divPayDate":null,"isLock":null,"updated":null},{"symbol":"GBCI","date":1499616000000,"type":1,"subtype":5,"value":0.21,"recordDate":1499788800000,"divPayDate":null,"isLock":null,"updated":null},{"symbol":"GBCI","date":1491494400000,"type":1,"subtype":5,"value":0.21,"recordDate":1491840000000,"divPayDate":null,"isLock":null,"updated":null},{"symbol":"GBCI","date":1483632000000,"type":1,"subtype":5,"value":0.3,"recordDate":1483977600000,"divPayDate":null,"isLock":null,"updated":null},{"symbol":"GBCI","date":1480608000000,"type":1,"subtype":5,"value":0.2,"recordDate":1480953600000,"divPayDate":null,"isLock":null,"updated":null},{"symbol":"GBCI","date":1475683200000,"type":1,"subtype":5,"value":0.2,"recordDate":1476115200000,"divPayDate":null,"isLock":null,"updated":null},{"symbol":"GBCI","date":1467907200000,"type":1,"subtype":5,"value":0.2,"recordDate":1468252800000,"divPayDate":null,"isLock":null,"updated":null},{"symbol":"GBCI","date":1460044800000,"type":1,"subtype":5,"value":0.2,"recordDate":1460390400000,"divPayDate":null,"isLock":null,"updated":null},{"symbol":"GBCI","date":1452182400000,"type":1,"subtype":5,"value":0.3,"recordDate":1452528000000,"divPayDate":null,"isLock":null,"updated":null},{"symbol":"GBCI","date":1449158400000,"type":1,"subtype":5,"value":0.19,"recordDate":1449504000000,"divPayDate":null,"isLock":null,"updated":null},{"symbol":"GBCI","date":1444233600000,"type":1,"subtype":5,"value":0.19,"recordDate":1444665600000,"divPayDate":null,"isLock":null,"updated":null},{"symbol":"GBCI","date":1436284800000,"type":1,"subtype":5,"value":0.19,"recordDate":1436457600000,"divPayDate":null,"isLock":null,"updated":null},{"symbol":"GBCI","date":1427904000000,"type":1,"subtype":5,"value":0.18,"recordDate":1428336000000,"divPayDate":null,"isLock":null,"updated":null},{"symbol":"GBCI","date":1420732800000,"type":1,"subtype":5,"value":0.3,"recordDate":1421078400000,"divPayDate":null,"isLock":null,"updated":null},{"symbol":"GBCI","date":1417708800000,"type":1,"subtype":5,"value":0.18,"recordDate":1418054400000,"divPayDate":null,"isLock":null,"updated":null},{"symbol":"GBCI","date":1412265600000,"type":1,"subtype":5,"value":0.17,"recordDate":1412611200000,"divPayDate":null,"isLock":null,"updated":null},{"symbol":"GBCI","date":1404316800000,"type":1,"subtype":5,"value":0.17,"recordDate":1404748800000,"divPayDate":null,"isLock":null,"updated":null},{"symbol":"GBCI","date":1396540800000,"type":1,"subtype":5,"value":0.16,"recordDate":null,"divPayDate":null,"isLock":null,"updated":null},{"symbol":"GBCI","date":1386259200000,"type":1,"subtype":5,"value":0.16,"recordDate":null,"divPayDate":null,"isLock":null,"updated":null},{"symbol":"GBCI","date":1380816000000,"type":1,"subtype":5,"value":0.15,"recordDate":null,"divPayDate":null,"isLock":null,"updated":null},{"symbol":"GBCI","date":1372953600000,"type":1,"subtype":5,"value":0.15,"recordDate":null,"divPayDate":null,"isLock":null,"updated":null},{"symbol":"GBCI","date":1365091200000,"type":1,"subtype":5,"value":0.14,"recordDate":null,"divPayDate":null,"isLock":null,"updated":null},{"symbol":"GBCI","date":1354809600000,"type":1,"subtype":5,"value":0.14,"recordDate":null,"divPayDate":null,"isLock":null,"updated":null},{"symbol":"GBCI","date":1349280000000,"type":1,"subtype":5,"value":0.13,"recordDate":null,"divPayDate":null,"isLock":null,"updated":null},{"symbol":"GBCI","date":1341504000000,"type":1,"subtype":5,"value":0.13,"recordDate":null,"divPayDate":null,"isLock":null,"updated":null},{"symbol":"GBCI","date":1166112000000,"type":2,"subtype":8,"value":1.5,"recordDate":1436457600000,"divPayDate":null,"isLock":null,"updated":null},{"symbol":"GBCI","date":1117123200000,"type":2,"subtype":8,"value":1.25,"recordDate":null,"divPayDate":null,"isLock":null,"updated":null},{"symbol":"GBCI","date":1085068800000,"type":2,"subtype":8,"value":1.25,"recordDate":null,"divPayDate":null,"isLock":null,"updated":null}]}