{"list":[{"symbol":"GE","date":1561651200000,"type":1,"subtype":5,"value":0.01,"recordDate":1561910400000,"divPayDate":null,"isLock":null,"updated":null},{"symbol":"GE","date":1551974400000,"type":1,"subtype":5,"value":0.01,"recordDate":1552233600000,"divPayDate":null,"isLock":null,"updated":null},{"symbol":"GE","date":1545148800000,"type":1,"subtype":5,"value":0.01,"recordDate":1545235200000,"divPayDate":null,"isLock":null,"updated":null},{"symbol":"GE","date":1536854400000,"type":1,"subtype":5,"value":0.12,"recordDate":1537113600000,"divPayDate":null,"isLock":null,"updated":null},{"symbol":"GE","date":1528992000000,"type":1,"subtype":5,"value":0.12,"recordDate":1529251200000,"divPayDate":null,"isLock":null,"updated":null},{"symbol":"GE","date":1519315200000,"type":1,"subtype":5,"value":0.12,"recordDate":1519574400000,"divPayDate":null,"isLock":null,"updated":null},{"symbol":"GE","date":1514217600000,"type":1,"subtype":5,"value":0.12,"recordDate":1514304000000,"divPayDate":null,"isLock":null,"updated":null},{"symbol":"GE","date":1505404800000,"type":1,"subtype":5,"value":0.24,"recordDate":1505664000000,"divPayDate":null,"isLock":null,"updated":null},{"symbol":"GE","date":1497456000000,"type":1,"subtype":5,"value":0.24,"recordDate":1497801600000,"divPayDate":null,"isLock":null,"updated":null},{"symbol":"GE","date":1487779200000,"type":1,"subtype":5,"value":0.24,"recordDate":1488124800000,"divPayDate":null,"isLock":null,"updated":null},{"symbol":"GE","date":1482336000000,"type":1,"subtype":5,"value":0.24,"recordDate":1482768000000,"divPayDate":null,"isLock":null,"updated":null},{"symbol":"GE","date":1473868800000,"type":1,"subtype":5,"value":0.23,"recordDate":1474214400000,"divPayDate":null,"isLock":null,"updated":null},{"symbol":"GE","date":1466006400000,"type":1,"subtype":5,"value":0.23,"recordDate":1466352000000,"divPayDate":null,"isLock":null,"updated":null},{"symbol":"GE","date":1456329600000,"type":1,"subtype":5,"value":0.23,"recordDate":1456675200000,"divPayDate":null,"isLock":null,"updated":null},{"symbol":"GE","date":1450281600000,"type":1,"subtype":5,"value":0.23,"recordDate":1450627200000,"divPayDate":null,"isLock":null,"updated":null},{"symbol":"GE","date":1442419200000,"type":1,"subtype":5,"value":0.23,"recordDate":1442764800000,"divPayDate":null,"isLock":null,"updated":null},{"symbol":"GE","date":1434556800000,"type":1,"subtype":5,"value":0.23,"recordDate":1434902400000,"divPayDate":null,"isLock":null,"updated":null},{"symbol":"GE","date":1424275200000,"type":1,"subtype":5,"value":0.23,"recordDate":1424620800000,"divPayDate":null,"isLock":null,"updated":null},{"symbol":"GE","date":1418832000000,"type":1,"subtype":5,"value":0.23,"recordDate":1419177600000,"divPayDate":null,"isLock":null,"updated":null},{"symbol":"GE","date":1410969600000,"type":1,"subtype":5,"value":0.22,"recordDate":1411315200000,"divPayDate":null,"isLock":null,"updated":null},{"symbol":"GE","date":1403107200000,"type":1,"subtype":5,"value":0.22,"recordDate":null,"divPayDate":null,"isLock":null,"updated":null},{"symbol":"GE","date":1392825600000,"type":1,"subtype":5,"value":0.22,"recordDate":null,"divPayDate":null,"isLock":null,"updated":null},{"symbol":"GE","date":1387382400000,"type":1,"subtype":5,"value":0.22,"recordDate":null,"divPayDate":null,"isLock":null,"updated":null},{"symbol":"GE","date":1379520000000,"type":1,"subtype":5,"value":0.19,"recordDate":null,"divPayDate":null,"isLock":null,"updated":null},{"symbol":"GE","date":1371657600000,"type":1,"subtype":5,"value":0.19,"recordDate":null,"divPayDate":null,"isLock":null,"updated":null},{"symbol":"GE","date":1361376000000,"type":1,"subtype":5,"value":0.19,"recordDate":null,"divPayDate":null,"isLock":null,"updated":null},{"symbol":"GE","date":1355932800000,"type":1,"subtype":5,"value":0.19,"recordDate":null,"divPayDate":null,"isLock":null,"updated":null},{"symbol":"GE","date":1348070400000,"type":1,"subtype":5,"value":0.17,"recordDate":null,"divPayDate":null,"isLock":null,"updated":null},{"symbol":"GE","date":1340208000000,"type":1,"subtype":5,"value":0.17,"recordDate":null,"divPayDate":null,"isLock":null,"updated":null},{"symbol":"GE","date":957715200000,"type":2,"subtype":8,"value":3.0,"recordDate":1434902400000,"divPayDate":null,"isLock":null,"updated":null},{"symbol":"GE","date":863366400000,"type":2,"subtype":8,"value":2.0,"recordDate":null,"divPayDate":null,"isLock":null,"updated":null},{"symbol":"GE","date":769017600000,"type":2,"subtype":8,"value":2.0,"recordDate":null,"divPayDate":null,"isLock":null,"updated":null}]}