{"list":[{"symbol":"GEF.B","date":1560700800000,"type":1,"subtype":5,"value":0.66,"recordDate":1560787200000,"divPayDate":null,"isLock":null,"updated":null},{"symbol":"GEF.B","date":1552579200000,"type":1,"subtype":5,"value":0.66,"recordDate":1552838400000,"divPayDate":null,"isLock":null,"updated":null},{"symbol":"GEF.B","date":1544976000000,"type":1,"subtype":5,"value":0.65,"recordDate":1545062400000,"divPayDate":null,"isLock":null,"updated":null},{"symbol":"GEF.B","date":1536854400000,"type":1,"subtype":5,"value":0.66,"recordDate":1537113600000,"divPayDate":null,"isLock":null,"updated":null},{"symbol":"GEF.B","date":1528992000000,"type":1,"subtype":5,"value":0.63,"recordDate":1529251200000,"divPayDate":null,"isLock":null,"updated":null},{"symbol":"GEF.B","date":1521129600000,"type":1,"subtype":5,"value":0.63,"recordDate":1521388800000,"divPayDate":null,"isLock":null,"updated":null},{"symbol":"GEF.B","date":1513267200000,"type":1,"subtype":5,"value":0.62,"recordDate":1513526400000,"divPayDate":null,"isLock":null,"updated":null},{"symbol":"GEF.B","date":1505404800000,"type":1,"subtype":5,"value":0.63,"recordDate":1505664000000,"divPayDate":null,"isLock":null,"updated":null},{"symbol":"GEF.B","date":1497456000000,"type":1,"subtype":5,"value":0.63,"recordDate":1497801600000,"divPayDate":null,"isLock":null,"updated":null},{"symbol":"GEF.B","date":1489507200000,"type":1,"subtype":5,"value":0.63,"recordDate":1489680000000,"divPayDate":null,"isLock":null,"updated":null},{"symbol":"GEF.B","date":1481731200000,"type":1,"subtype":5,"value":0.62,"recordDate":1482076800000,"divPayDate":null,"isLock":null,"updated":null},{"symbol":"GEF.B","date":1473868800000,"type":1,"subtype":5,"value":0.63,"recordDate":1474214400000,"divPayDate":null,"isLock":null,"updated":null},{"symbol":"GEF.B","date":1466006400000,"type":1,"subtype":5,"value":0.63,"recordDate":1466352000000,"divPayDate":null,"isLock":null,"updated":null},{"symbol":"GEF.B","date":1458057600000,"type":1,"subtype":5,"value":0.63,"recordDate":1458230400000,"divPayDate":null,"isLock":null,"updated":null},{"symbol":"GEF.B","date":1450281600000,"type":1,"subtype":5,"value":0.62,"recordDate":1450627200000,"divPayDate":null,"isLock":null,"updated":null},{"symbol":"GEF.B","date":1442332800000,"type":1,"subtype":5,"value":0.63,"recordDate":1442505600000,"divPayDate":null,"isLock":null,"updated":null},{"symbol":"GEF.B","date":1434470400000,"type":1,"subtype":5,"value":0.63,"recordDate":1434643200000,"divPayDate":null,"isLock":null,"updated":null},{"symbol":"GEF.B","date":1426521600000,"type":1,"subtype":5,"value":0.63,"recordDate":1426694400000,"divPayDate":null,"isLock":null,"updated":null},{"symbol":"GEF.B","date":1418745600000,"type":1,"subtype":5,"value":0.62,"recordDate":1418918400000,"divPayDate":null,"isLock":null,"updated":null},{"symbol":"GEF.B","date":1410883200000,"type":1,"subtype":5,"value":0.63,"recordDate":1411056000000,"divPayDate":null,"isLock":null,"updated":null},{"symbol":"GEF.B","date":1403020800000,"type":1,"subtype":5,"value":0.63,"recordDate":null,"divPayDate":null,"isLock":null,"updated":null},{"symbol":"GEF.B","date":1394726400000,"type":1,"subtype":5,"value":0.63,"recordDate":null,"divPayDate":null,"isLock":null,"updated":null},{"symbol":"GEF.B","date":1387296000000,"type":1,"subtype":5,"value":0.62,"recordDate":null,"divPayDate":null,"isLock":null,"updated":null},{"symbol":"GEF.B","date":1379433600000,"type":1,"subtype":5,"value":0.63,"recordDate":null,"divPayDate":null,"isLock":null,"updated":null},{"symbol":"GEF.B","date":1371484800000,"type":1,"subtype":5,"value":0.63,"recordDate":null,"divPayDate":null,"isLock":null,"updated":null},{"symbol":"GEF.B","date":1363190400000,"type":1,"subtype":5,"value":0.63,"recordDate":null,"divPayDate":null,"isLock":null,"updated":null},{"symbol":"GEF.B","date":1355241600000,"type":1,"subtype":5,"value":0.62,"recordDate":null,"divPayDate":null,"isLock":null,"updated":null},{"symbol":"GEF.B","date":1347897600000,"type":1,"subtype":5,"value":0.63,"recordDate":null,"divPayDate":null,"isLock":null,"updated":null},{"symbol":"GEF.B","date":1339948800000,"type":1,"subtype":5,"value":0.63,"recordDate":null,"divPayDate":null,"isLock":null,"updated":null},{"symbol":"GEF.B","date":1176307200000,"type":2,"subtype":8,"value":2.0,"recordDate":1434643200000,"divPayDate":null,"isLock":null,"updated":null},{"symbol":"GEF.B","date":310320000000,"type":2,"subtype":8,"value":2.0,"recordDate":null,"divPayDate":null,"isLock":null,"updated":null},{"symbol":"GEF.B","date":279993600000,"type":2,"subtype":8,"value":2.0,"recordDate":null,"divPayDate":null,"isLock":null,"updated":null}]}