{"list":[{"symbol":"GGT","date":1560355200000,"type":1,"subtype":5,"value":0.22,"recordDate":null,"divPayDate":null,"isLock":null,"updated":null},{"symbol":"GGT","date":1552492800000,"type":1,"subtype":5,"value":0.22,"recordDate":null,"divPayDate":null,"isLock":null,"updated":null},{"symbol":"GGT","date":1544025600000,"type":1,"subtype":5,"value":0.24,"recordDate":null,"divPayDate":null,"isLock":null,"updated":null},{"symbol":"GGT","date":1536768000000,"type":1,"subtype":5,"value":0.22,"recordDate":null,"divPayDate":null,"isLock":null,"updated":null},{"symbol":"GGT","date":1528905600000,"type":1,"subtype":5,"value":0.22,"recordDate":null,"divPayDate":null,"isLock":null,"updated":null},{"symbol":"GGT","date":1520956800000,"type":1,"subtype":5,"value":0.22,"recordDate":1521043200000,"divPayDate":null,"isLock":null,"updated":null},{"symbol":"GGT","date":1512576000000,"type":1,"subtype":5,"value":0.22,"recordDate":1512662400000,"divPayDate":null,"isLock":null,"updated":null},{"symbol":"GGT","date":1505318400000,"type":1,"subtype":5,"value":0.22,"recordDate":1505404800000,"divPayDate":null,"isLock":null,"updated":null},{"symbol":"GGT","date":1497369600000,"type":1,"subtype":5,"value":0.22,"recordDate":1497542400000,"divPayDate":null,"isLock":null,"updated":null},{"symbol":"GGT","date":1489507200000,"type":1,"subtype":5,"value":0.22,"recordDate":1489680000000,"divPayDate":null,"isLock":null,"updated":null},{"symbol":"GGT","date":1481040000000,"type":1,"subtype":5,"value":0.17,"recordDate":1481212800000,"divPayDate":null,"isLock":null,"updated":null},{"symbol":"GGT","date":1473782400000,"type":1,"subtype":5,"value":0.22,"recordDate":1473955200000,"divPayDate":null,"isLock":null,"updated":null},{"symbol":"GGT","date":1465833600000,"type":1,"subtype":5,"value":0.22,"recordDate":1466006400000,"divPayDate":null,"isLock":null,"updated":null},{"symbol":"GGT","date":1457884800000,"type":1,"subtype":5,"value":0.22,"recordDate":1458057600000,"divPayDate":null,"isLock":null,"updated":null},{"symbol":"GGT","date":1449590400000,"type":1,"subtype":5,"value":0.28,"recordDate":1449763200000,"divPayDate":null,"isLock":null,"updated":null},{"symbol":"GGT","date":1442160000000,"type":1,"subtype":5,"value":0.22,"recordDate":1442332800000,"divPayDate":null,"isLock":null,"updated":null},{"symbol":"GGT","date":1434038400000,"type":1,"subtype":5,"value":0.22,"recordDate":1434384000000,"divPayDate":null,"isLock":null,"updated":null},{"symbol":"GGT","date":1426176000000,"type":1,"subtype":5,"value":0.22,"recordDate":1426521600000,"divPayDate":null,"isLock":null,"updated":null},{"symbol":"GGT","date":1418140800000,"type":1,"subtype":5,"value":0.39,"recordDate":1418313600000,"divPayDate":null,"isLock":null,"updated":null},{"symbol":"GGT","date":1410451200000,"type":1,"subtype":5,"value":0.22,"recordDate":1410796800000,"divPayDate":null,"isLock":null,"updated":null},{"symbol":"GGT","date":1402502400000,"type":1,"subtype":5,"value":0.22,"recordDate":null,"divPayDate":null,"isLock":null,"updated":null},{"symbol":"GGT","date":1394640000000,"type":1,"subtype":5,"value":0.22,"recordDate":null,"divPayDate":null,"isLock":null,"updated":null},{"symbol":"GGT","date":1386691200000,"type":1,"subtype":5,"value":0.32,"recordDate":null,"divPayDate":null,"isLock":null,"updated":null},{"symbol":"GGT","date":1378915200000,"type":1,"subtype":5,"value":0.2,"recordDate":null,"divPayDate":null,"isLock":null,"updated":null},{"symbol":"GGT","date":1370966400000,"type":1,"subtype":5,"value":0.2,"recordDate":null,"divPayDate":null,"isLock":null,"updated":null},{"symbol":"GGT","date":1363017600000,"type":1,"subtype":5,"value":0.2,"recordDate":null,"divPayDate":null,"isLock":null,"updated":null},{"symbol":"GGT","date":1355241600000,"type":1,"subtype":5,"value":0.2,"recordDate":null,"divPayDate":null,"isLock":null,"updated":null},{"symbol":"GGT","date":1347379200000,"type":1,"subtype":5,"value":0.2,"recordDate":null,"divPayDate":null,"isLock":null,"updated":null}]}