{"list":[{"symbol":"GLAD","date":1560787200000,"type":1,"subtype":5,"value":0.07,"recordDate":1560873600000,"divPayDate":null,"isLock":null,"updated":null},{"symbol":"GLAD","date":1558368000000,"type":1,"subtype":5,"value":0.07,"recordDate":1558454400000,"divPayDate":null,"isLock":null,"updated":null},{"symbol":"GLAD","date":1555516800000,"type":1,"subtype":5,"value":0.07,"recordDate":1555862400000,"divPayDate":null,"isLock":null,"updated":null},{"symbol":"GLAD","date":1552924800000,"type":1,"subtype":5,"value":0.07,"recordDate":1553011200000,"divPayDate":null,"isLock":null,"updated":null},{"symbol":"GLAD","date":1550505600000,"type":1,"subtype":5,"value":0.07,"recordDate":1550592000000,"divPayDate":null,"isLock":null,"updated":null},{"symbol":"GLAD","date":1547654400000,"type":1,"subtype":5,"value":0.07,"recordDate":1547740800000,"divPayDate":null,"isLock":null,"updated":null},{"symbol":"GLAD","date":1545148800000,"type":1,"subtype":5,"value":0.07,"recordDate":1545235200000,"divPayDate":null,"isLock":null,"updated":null},{"symbol":"GLAD","date":1542556800000,"type":1,"subtype":5,"value":0.07,"recordDate":1542643200000,"divPayDate":null,"isLock":null,"updated":null},{"symbol":"GLAD","date":1539792000000,"type":1,"subtype":5,"value":0.07,"recordDate":1539878400000,"divPayDate":null,"isLock":null,"updated":null},{"symbol":"GLAD","date":1537200000000,"type":1,"subtype":5,"value":0.07,"recordDate":1537286400000,"divPayDate":null,"isLock":null,"updated":null},{"symbol":"GLAD","date":1534694400000,"type":1,"subtype":5,"value":0.07,"recordDate":1534780800000,"divPayDate":null,"isLock":null,"updated":null},{"symbol":"GLAD","date":1531929600000,"type":1,"subtype":5,"value":0.07,"recordDate":null,"divPayDate":null,"isLock":null,"updated":null},{"symbol":"GLAD","date":1529337600000,"type":1,"subtype":5,"value":0.07,"recordDate":1529424000000,"divPayDate":null,"isLock":null,"updated":null},{"symbol":"GLAD","date":1526832000000,"type":1,"subtype":5,"value":0.07,"recordDate":1526918400000,"divPayDate":null,"isLock":null,"updated":null},{"symbol":"GLAD","date":1524067200000,"type":1,"subtype":5,"value":0.07,"recordDate":1524153600000,"divPayDate":null,"isLock":null,"updated":null},{"symbol":"GLAD","date":1521388800000,"type":1,"subtype":5,"value":0.07,"recordDate":1521475200000,"divPayDate":null,"isLock":null,"updated":null},{"symbol":"GLAD","date":1518624000000,"type":1,"subtype":5,"value":0.07,"recordDate":1518710400000,"divPayDate":null,"isLock":null,"updated":null},{"symbol":"GLAD","date":1516291200000,"type":1,"subtype":5,"value":0.07,"recordDate":1516550400000,"divPayDate":null,"isLock":null,"updated":null},{"symbol":"GLAD","date":1513526400000,"type":1,"subtype":5,"value":0.07,"recordDate":1513612800000,"divPayDate":null,"isLock":null,"updated":null},{"symbol":"GLAD","date":1510848000000,"type":1,"subtype":5,"value":0.07,"recordDate":1511107200000,"divPayDate":null,"isLock":null,"updated":null},{"symbol":"GLAD","date":1508342400000,"type":1,"subtype":5,"value":0.07,"recordDate":null,"divPayDate":null,"isLock":null,"updated":null},{"symbol":"GLAD","date":1505750400000,"type":1,"subtype":5,"value":0.07,"recordDate":1505836800000,"divPayDate":null,"isLock":null,"updated":null},{"symbol":"GLAD","date":1502899200000,"type":1,"subtype":5,"value":0.07,"recordDate":1503244800000,"divPayDate":null,"isLock":null,"updated":null},{"symbol":"GLAD","date":1500393600000,"type":1,"subtype":5,"value":0.07,"recordDate":1500566400000,"divPayDate":null,"isLock":null,"updated":null},{"symbol":"GLAD","date":1497801600000,"type":1,"subtype":5,"value":0.07,"recordDate":1497974400000,"divPayDate":null,"isLock":null,"updated":null},{"symbol":"GLAD","date":1494950400000,"type":1,"subtype":5,"value":0.07,"recordDate":1495123200000,"divPayDate":null,"isLock":null,"updated":null},{"symbol":"GLAD","date":1492531200000,"type":1,"subtype":5,"value":0.07,"recordDate":1492704000000,"divPayDate":null,"isLock":null,"updated":null},{"symbol":"GLAD","date":1489939200000,"type":1,"subtype":5,"value":0.07,"recordDate":1490112000000,"divPayDate":null,"isLock":null,"updated":null},{"symbol":"GLAD","date":1487001600000,"type":1,"subtype":5,"value":0.07,"recordDate":1487174400000,"divPayDate":null,"isLock":null,"updated":null},{"symbol":"GLAD","date":1484668800000,"type":1,"subtype":5,"value":0.07,"recordDate":1484841600000,"divPayDate":null,"isLock":null,"updated":null},{"symbol":"GLAD","date":1481817600000,"type":1,"subtype":5,"value":0.07,"recordDate":1482163200000,"divPayDate":null,"isLock":null,"updated":null},{"symbol":"GLAD","date":1479139200000,"type":1,"subtype":5,"value":0.07,"recordDate":1479312000000,"divPayDate":null,"isLock":null,"updated":null},{"symbol":"GLAD","date":1476806400000,"type":1,"subtype":5,"value":0.07,"recordDate":1476979200000,"divPayDate":null,"isLock":null,"updated":null},{"symbol":"GLAD","date":1474214400000,"type":1,"subtype":5,"value":0.07,"recordDate":1474387200000,"divPayDate":null,"isLock":null,"updated":null},{"symbol":"GLAD","date":1471449600000,"type":1,"subtype":5,"value":0.07,"recordDate":1471795200000,"divPayDate":null,"isLock":null,"updated":null},{"symbol":"GLAD","date":1468944000000,"type":1,"subtype":5,"value":0.07,"recordDate":1469116800000,"divPayDate":null,"isLock":null,"updated":null},{"symbol":"GLAD","date":1465920000000,"type":1,"subtype":5,"value":0.07,"recordDate":1466092800000,"divPayDate":null,"isLock":null,"updated":null},{"symbol":"GLAD","date":1463414400000,"type":1,"subtype":5,"value":0.07,"recordDate":1463587200000,"divPayDate":null,"isLock":null,"updated":null},{"symbol":"GLAD","date":1461081600000,"type":1,"subtype":5,"value":0.07,"recordDate":1461254400000,"divPayDate":null,"isLock":null,"updated":null},{"symbol":"GLAD","date":1458144000000,"type":1,"subtype":5,"value":0.07,"recordDate":1458489600000,"divPayDate":null,"isLock":null,"updated":null},{"symbol":"GLAD","date":1455552000000,"type":1,"subtype":5,"value":0.07,"recordDate":1455724800000,"divPayDate":null,"isLock":null,"updated":null},{"symbol":"GLAD","date":1453219200000,"type":1,"subtype":5,"value":0.07,"recordDate":1453392000000,"divPayDate":null,"isLock":null,"updated":null},{"symbol":"GLAD","date":1450195200000,"type":1,"subtype":5,"value":0.07,"recordDate":1450368000000,"divPayDate":null,"isLock":null,"updated":null},{"symbol":"GLAD","date":1447344000000,"type":1,"subtype":5,"value":0.07,"recordDate":1447689600000,"divPayDate":null,"isLock":null,"updated":null},{"symbol":"GLAD","date":1445443200000,"type":1,"subtype":5,"value":0.07,"recordDate":1445788800000,"divPayDate":null,"isLock":null,"updated":null},{"symbol":"GLAD","date":1442419200000,"type":1,"subtype":5,"value":0.07,"recordDate":1442764800000,"divPayDate":null,"isLock":null,"updated":null},{"symbol":"GLAD","date":1439827200000,"type":1,"subtype":5,"value":0.07,"recordDate":1440000000000,"divPayDate":null,"isLock":null,"updated":null},{"symbol":"GLAD","date":1437494400000,"type":1,"subtype":5,"value":0.07,"recordDate":1437667200000,"divPayDate":null,"isLock":null,"updated":null},{"symbol":"GLAD","date":1434470400000,"type":1,"subtype":5,"value":0.07,"recordDate":1434643200000,"divPayDate":null,"isLock":null,"updated":null},{"symbol":"GLAD","date":1431619200000,"type":1,"subtype":5,"value":0.07,"recordDate":1431964800000,"divPayDate":null,"isLock":null,"updated":null},{"symbol":"GLAD","date":1429632000000,"type":1,"subtype":5,"value":0.07,"recordDate":1429804800000,"divPayDate":null,"isLock":null,"updated":null},{"symbol":"GLAD","date":1426608000000,"type":1,"subtype":5,"value":0.07,"recordDate":1426780800000,"divPayDate":null,"isLock":null,"updated":null},{"symbol":"GLAD","date":1423756800000,"type":1,"subtype":5,"value":0.07,"recordDate":1424188800000,"divPayDate":null,"isLock":null,"updated":null},{"symbol":"GLAD","date":1421769600000,"type":1,"subtype":5,"value":0.07,"recordDate":1421942400000,"divPayDate":null,"isLock":null,"updated":null},{"symbol":"GLAD","date":1418745600000,"type":1,"subtype":5,"value":0.07,"recordDate":1418918400000,"divPayDate":null,"isLock":null,"updated":null},{"symbol":"GLAD","date":1415808000000,"type":1,"subtype":5,"value":0.07,"recordDate":1416153600000,"divPayDate":null,"isLock":null,"updated":null},{"symbol":"GLAD","date":1413734400000,"type":1,"subtype":5,"value":0.07,"recordDate":1413907200000,"divPayDate":null,"isLock":null,"updated":null},{"symbol":"GLAD","date":1410883200000,"type":1,"subtype":5,"value":0.07,"recordDate":1411056000000,"divPayDate":null,"isLock":null,"updated":null},{"symbol":"GLAD","date":1408291200000,"type":1,"subtype":5,"value":0.07,"recordDate":1408464000000,"divPayDate":null,"isLock":null,"updated":null},{"symbol":"GLAD","date":1402934400000,"type":1,"subtype":5,"value":0.07,"recordDate":null,"divPayDate":null,"isLock":null,"updated":null},{"symbol":"GLAD","date":1400169600000,"type":1,"subtype":5,"value":0.07,"recordDate":null,"divPayDate":null,"isLock":null,"updated":null},{"symbol":"GLAD","date":1397577600000,"type":1,"subtype":5,"value":0.07,"recordDate":null,"divPayDate":null,"isLock":null,"updated":null},{"symbol":"GLAD","date":1394640000000,"type":1,"subtype":5,"value":0.07,"recordDate":null,"divPayDate":null,"isLock":null,"updated":null},{"symbol":"GLAD","date":1392307200000,"type":1,"subtype":5,"value":0.07,"recordDate":null,"divPayDate":null,"isLock":null,"updated":null},{"symbol":"GLAD","date":1389888000000,"type":1,"subtype":5,"value":0.07,"recordDate":null,"divPayDate":null,"isLock":null,"updated":null},{"symbol":"GLAD","date":1386777600000,"type":1,"subtype":5,"value":0.07,"recordDate":null,"divPayDate":null,"isLock":null,"updated":null},{"symbol":"GLAD","date":1384185600000,"type":1,"subtype":5,"value":0.07,"recordDate":null,"divPayDate":null,"isLock":null,"updated":null},{"symbol":"GLAD","date":1382025600000,"type":1,"subtype":5,"value":0.07,"recordDate":null,"divPayDate":null,"isLock":null,"updated":null},{"symbol":"GLAD","date":1379260800000,"type":1,"subtype":5,"value":0.07,"recordDate":null,"divPayDate":null,"isLock":null,"updated":null},{"symbol":"GLAD","date":1376841600000,"type":1,"subtype":5,"value":0.07,"recordDate":null,"divPayDate":null,"isLock":null,"updated":null},{"symbol":"GLAD","date":1373990400000,"type":1,"subtype":5,"value":0.07,"recordDate":null,"divPayDate":null,"isLock":null,"updated":null},{"symbol":"GLAD","date":1371398400000,"type":1,"subtype":5,"value":0.07,"recordDate":null,"divPayDate":null,"isLock":null,"updated":null},{"symbol":"GLAD","date":1368633600000,"type":1,"subtype":5,"value":0.07,"recordDate":null,"divPayDate":null,"isLock":null,"updated":null},{"symbol":"GLAD","date":1366214400000,"type":1,"subtype":5,"value":0.07,"recordDate":null,"divPayDate":null,"isLock":null,"updated":null},{"symbol":"GLAD","date":1363104000000,"type":1,"subtype":5,"value":0.07,"recordDate":null,"divPayDate":null,"isLock":null,"updated":null},{"symbol":"GLAD","date":1360684800000,"type":1,"subtype":5,"value":0.07,"recordDate":null,"divPayDate":null,"isLock":null,"updated":null},{"symbol":"GLAD","date":1358265600000,"type":1,"subtype":5,"value":0.07,"recordDate":null,"divPayDate":null,"isLock":null,"updated":null},{"symbol":"GLAD","date":1355673600000,"type":1,"subtype":5,"value":0.07,"recordDate":null,"divPayDate":null,"isLock":null,"updated":null},{"symbol":"GLAD","date":1352908800000,"type":1,"subtype":5,"value":0.07,"recordDate":null,"divPayDate":null,"isLock":null,"updated":null},{"symbol":"GLAD","date":1350489600000,"type":1,"subtype":5,"value":0.07,"recordDate":null,"divPayDate":null,"isLock":null,"updated":null},{"symbol":"GLAD","date":1347811200000,"type":1,"subtype":5,"value":0.07,"recordDate":null,"divPayDate":null,"isLock":null,"updated":null}]}