{"list":[{"symbol":"GMLP","date":1557072000000,"type":1,"subtype":5,"value":0.4042,"recordDate":null,"divPayDate":null,"isLock":null,"updated":null},{"symbol":"GMLP","date":1549555200000,"type":1,"subtype":5,"value":0.4042,"recordDate":null,"divPayDate":null,"isLock":null,"updated":null},{"symbol":"GMLP","date":1541433600000,"type":1,"subtype":5,"value":0.4042,"recordDate":null,"divPayDate":null,"isLock":null,"updated":null},{"symbol":"GMLP","date":1533484800000,"type":1,"subtype":5,"value":0.5775,"recordDate":null,"divPayDate":null,"isLock":null,"updated":null},{"symbol":"GMLP","date":1525363200000,"type":1,"subtype":5,"value":0.5775,"recordDate":null,"divPayDate":null,"isLock":null,"updated":null},{"symbol":"GMLP","date":1517846400000,"type":1,"subtype":5,"value":0.5775,"recordDate":1517932800000,"divPayDate":null,"isLock":null,"updated":null},{"symbol":"GMLP","date":1509033600000,"type":1,"subtype":5,"value":0.5775,"recordDate":1509292800000,"divPayDate":null,"isLock":null,"updated":null},{"symbol":"GMLP","date":1501603200000,"type":1,"subtype":5,"value":0.5775,"recordDate":1501776000000,"divPayDate":null,"isLock":null,"updated":null},{"symbol":"GMLP","date":1493740800000,"type":1,"subtype":5,"value":0.5775,"recordDate":1493913600000,"divPayDate":null,"isLock":null,"updated":null},{"symbol":"GMLP","date":1486051200000,"type":1,"subtype":5,"value":0.5775,"recordDate":1486396800000,"divPayDate":null,"isLock":null,"updated":null},{"symbol":"GMLP","date":1478102400000,"type":1,"subtype":5,"value":0.5775,"recordDate":1478448000000,"divPayDate":null,"isLock":null,"updated":null},{"symbol":"GMLP","date":1470153600000,"type":1,"subtype":5,"value":0.5775,"recordDate":1470326400000,"divPayDate":null,"isLock":null,"updated":null},{"symbol":"GMLP","date":1462291200000,"type":1,"subtype":5,"value":0.5775,"recordDate":1462464000000,"divPayDate":null,"isLock":null,"updated":null},{"symbol":"GMLP","date":1454428800000,"type":1,"subtype":5,"value":0.5775,"recordDate":1454601600000,"divPayDate":null,"isLock":null,"updated":null},{"symbol":"GMLP","date":1446566400000,"type":1,"subtype":5,"value":0.5775,"recordDate":1446739200000,"divPayDate":null,"isLock":null,"updated":null},{"symbol":"GMLP","date":1438704000000,"type":1,"subtype":5,"value":0.5775,"recordDate":1438876800000,"divPayDate":null,"isLock":null,"updated":null},{"symbol":"GMLP","date":1430755200000,"type":1,"subtype":5,"value":0.5775,"recordDate":1430928000000,"divPayDate":null,"isLock":null,"updated":null},{"symbol":"GMLP","date":1422892800000,"type":1,"subtype":5,"value":0.5625,"recordDate":1423065600000,"divPayDate":null,"isLock":null,"updated":null},{"symbol":"GMLP","date":1415116800000,"type":1,"subtype":5,"value":0.5475,"recordDate":1415289600000,"divPayDate":null,"isLock":null,"updated":null},{"symbol":"GMLP","date":1406563200000,"type":1,"subtype":5,"value":0.5475,"recordDate":1406736000000,"divPayDate":null,"isLock":null,"updated":null},{"symbol":"GMLP","date":1398873600000,"type":1,"subtype":5,"value":0.5225,"recordDate":null,"divPayDate":null,"isLock":null,"updated":null},{"symbol":"GMLP","date":1391443200000,"type":1,"subtype":5,"value":0.5225,"recordDate":null,"divPayDate":null,"isLock":null,"updated":null},{"symbol":"GMLP","date":1383148800000,"type":1,"subtype":5,"value":0.5225,"recordDate":null,"divPayDate":null,"isLock":null,"updated":null},{"symbol":"GMLP","date":1375286400000,"type":1,"subtype":5,"value":0.515,"recordDate":null,"divPayDate":null,"isLock":null,"updated":null},{"symbol":"GMLP","date":1367856000000,"type":1,"subtype":5,"value":0.515,"recordDate":null,"divPayDate":null,"isLock":null,"updated":null},{"symbol":"GMLP","date":1359475200000,"type":1,"subtype":5,"value":0.5,"recordDate":null,"divPayDate":null,"isLock":null,"updated":null},{"symbol":"GMLP","date":1351612800000,"type":1,"subtype":5,"value":0.475,"recordDate":null,"divPayDate":null,"isLock":null,"updated":null},{"symbol":"GMLP","date":1343750400000,"type":1,"subtype":5,"value":0.44,"recordDate":null,"divPayDate":null,"isLock":null,"updated":null}]}