{"list":[{"symbol":"GMZ","date":1558281600000,"type":1,"subtype":5,"value":0.21,"recordDate":1558368000000,"divPayDate":null,"isLock":null,"updated":null},{"symbol":"GMZ","date":1550678400000,"type":1,"subtype":5,"value":0.21,"recordDate":1550764800000,"divPayDate":null,"isLock":null,"updated":null},{"symbol":"GMZ","date":1542643200000,"type":1,"subtype":5,"value":0.21,"recordDate":1542729600000,"divPayDate":null,"isLock":null,"updated":null},{"symbol":"GMZ","date":1534694400000,"type":1,"subtype":5,"value":0.21,"recordDate":1534780800000,"divPayDate":null,"isLock":null,"updated":null},{"symbol":"GMZ","date":1526572800000,"type":1,"subtype":5,"value":0.21,"recordDate":1526832000000,"divPayDate":null,"isLock":null,"updated":null},{"symbol":"GMZ","date":1519142400000,"type":1,"subtype":5,"value":0.21,"recordDate":1519228800000,"divPayDate":null,"isLock":null,"updated":null},{"symbol":"GMZ","date":1511107200000,"type":1,"subtype":5,"value":0.21,"recordDate":1511193600000,"divPayDate":null,"isLock":null,"updated":null},{"symbol":"GMZ","date":1502899200000,"type":1,"subtype":5,"value":0.21,"recordDate":1503244800000,"divPayDate":null,"isLock":null,"updated":null},{"symbol":"GMZ","date":1494950400000,"type":1,"subtype":5,"value":0.21,"recordDate":1495123200000,"divPayDate":null,"isLock":null,"updated":null},{"symbol":"GMZ","date":1487174400000,"type":1,"subtype":5,"value":0.21,"recordDate":1487606400000,"divPayDate":null,"isLock":null,"updated":null},{"symbol":"GMZ","date":1479398400000,"type":1,"subtype":5,"value":0.21,"recordDate":1479744000000,"divPayDate":null,"isLock":null,"updated":null},{"symbol":"GMZ","date":1471363200000,"type":1,"subtype":5,"value":0.21,"recordDate":1471536000000,"divPayDate":null,"isLock":null,"updated":null},{"symbol":"GMZ","date":1463500800000,"type":1,"subtype":5,"value":0.21,"recordDate":1463673600000,"divPayDate":null,"isLock":null,"updated":null},{"symbol":"GMZ","date":1455724800000,"type":1,"subtype":5,"value":0.21,"recordDate":1456070400000,"divPayDate":null,"isLock":null,"updated":null},{"symbol":"GMZ","date":1447344000000,"type":1,"subtype":5,"value":0.345,"recordDate":1447689600000,"divPayDate":null,"isLock":null,"updated":null},{"symbol":"GMZ","date":1439481600000,"type":1,"subtype":5,"value":0.345,"recordDate":1439827200000,"divPayDate":null,"isLock":null,"updated":null},{"symbol":"GMZ","date":1431532800000,"type":1,"subtype":5,"value":0.34,"recordDate":1431878400000,"divPayDate":null,"isLock":null,"updated":null},{"symbol":"GMZ","date":1423670400000,"type":1,"subtype":5,"value":0.335,"recordDate":1424102400000,"divPayDate":null,"isLock":null,"updated":null},{"symbol":"GMZ","date":1415808000000,"type":1,"subtype":5,"value":0.33,"recordDate":1416153600000,"divPayDate":null,"isLock":null,"updated":null},{"symbol":"GMZ","date":1407859200000,"type":1,"subtype":5,"value":0.325,"recordDate":1408032000000,"divPayDate":null,"isLock":null,"updated":null},{"symbol":"GMZ","date":1399910400000,"type":1,"subtype":5,"value":0.32,"recordDate":null,"divPayDate":null,"isLock":null,"updated":null},{"symbol":"GMZ","date":1392220800000,"type":1,"subtype":5,"value":0.315,"recordDate":null,"divPayDate":null,"isLock":null,"updated":null}]}