{"list":[{"symbol":"GNE","date":1558022400000,"type":1,"subtype":5,"value":0.075,"recordDate":1558281600000,"divPayDate":null,"isLock":null,"updated":null},{"symbol":"GNE","date":1553184000000,"type":1,"subtype":5,"value":0.075,"recordDate":1553443200000,"divPayDate":null,"isLock":null,"updated":null},{"symbol":"GNE","date":1542297600000,"type":1,"subtype":5,"value":0.075,"recordDate":1542556800000,"divPayDate":null,"isLock":null,"updated":null},{"symbol":"GNE","date":1534176000000,"type":1,"subtype":5,"value":0.075,"recordDate":1534262400000,"divPayDate":null,"isLock":null,"updated":null},{"symbol":"GNE","date":1526227200000,"type":1,"subtype":5,"value":0.075,"recordDate":1526313600000,"divPayDate":null,"isLock":null,"updated":null},{"symbol":"GNE","date":1521129600000,"type":1,"subtype":5,"value":0.075,"recordDate":1521388800000,"divPayDate":null,"isLock":null,"updated":null},{"symbol":"GNE","date":1510243200000,"type":1,"subtype":5,"value":0.075,"recordDate":null,"divPayDate":null,"isLock":null,"updated":null},{"symbol":"GNE","date":1502380800000,"type":1,"subtype":5,"value":0.075,"recordDate":1502726400000,"divPayDate":null,"isLock":null,"updated":null},{"symbol":"GNE","date":1494432000000,"type":1,"subtype":5,"value":0.075,"recordDate":1494777600000,"divPayDate":null,"isLock":null,"updated":null},{"symbol":"GNE","date":1489593600000,"type":1,"subtype":5,"value":0.075,"recordDate":1489939200000,"divPayDate":null,"isLock":null,"updated":null},{"symbol":"GNE","date":1479312000000,"type":1,"subtype":5,"value":0.06,"recordDate":1479657600000,"divPayDate":null,"isLock":null,"updated":null},{"symbol":"GNE","date":1471190400000,"type":1,"subtype":5,"value":0.06,"recordDate":1471363200000,"divPayDate":null,"isLock":null,"updated":null},{"symbol":"GNE","date":1462982400000,"type":1,"subtype":5,"value":0.06,"recordDate":1463328000000,"divPayDate":null,"isLock":null,"updated":null},{"symbol":"GNE","date":1454428800000,"type":1,"subtype":5,"value":0.06,"recordDate":1454601600000,"divPayDate":null,"isLock":null,"updated":null},{"symbol":"GNE","date":1431446400000,"type":1,"subtype":5,"value":0.06,"recordDate":1431619200000,"divPayDate":null,"isLock":null,"updated":null},{"symbol":"GNE","date":1426694400000,"type":1,"subtype":5,"value":0.06,"recordDate":1427040000000,"divPayDate":null,"isLock":null,"updated":null},{"symbol":"GNE","date":1416412800000,"type":1,"subtype":5,"value":0.06,"recordDate":1416758400000,"divPayDate":null,"isLock":null,"updated":null},{"symbol":"GNE","date":1345046400000,"type":1,"subtype":5,"value":0.05,"recordDate":null,"divPayDate":null,"isLock":null,"updated":null}]}