{"list":[{"symbol":"GOGL","date":1559664000000,"type":1,"subtype":5,"value":0.025,"recordDate":1559750400000,"divPayDate":null,"isLock":null,"updated":null},{"symbol":"GOGL","date":1551801600000,"type":1,"subtype":5,"value":0.05,"recordDate":1551888000000,"divPayDate":null,"isLock":null,"updated":null},{"symbol":"GOGL","date":1544025600000,"type":1,"subtype":5,"value":0.15,"recordDate":null,"divPayDate":null,"isLock":null,"updated":null},{"symbol":"GOGL","date":1543939200000,"type":1,"subtype":5,"value":0.15,"recordDate":1544025600000,"divPayDate":null,"isLock":null,"updated":null},{"symbol":"GOGL","date":1536076800000,"type":1,"subtype":5,"value":0.1,"recordDate":1536163200000,"divPayDate":null,"isLock":null,"updated":null},{"symbol":"GOGL","date":1528819200000,"type":1,"subtype":5,"value":0.1,"recordDate":1528905600000,"divPayDate":null,"isLock":null,"updated":null},{"symbol":"GOGL","date":1519920000000,"type":1,"subtype":5,"value":0.1,"recordDate":1520179200000,"divPayDate":null,"isLock":null,"updated":null},{"symbol":"GOGL","date":1469980800000,"type":2,"subtype":7,"value":0.2,"recordDate":1417536000000,"divPayDate":null,"isLock":null,"updated":null},{"symbol":"GOGL","date":1417363200000,"type":1,"subtype":5,"value":0.25,"recordDate":1417536000000,"divPayDate":null,"isLock":null,"updated":null}]}