{"list":[{"symbol":"GOLD","date":1559145600000,"type":1,"subtype":5,"value":0.04,"recordDate":null,"divPayDate":null,"isLock":null,"updated":null},{"symbol":"GOLD","date":1546358400000,"type":1,"subtype":5,"value":2.67,"recordDate":1545926400000,"divPayDate":null,"isLock":null,"updated":null},{"symbol":"GOLD","date":1545840000000,"type":1,"subtype":5,"value":0.07,"recordDate":null,"divPayDate":null,"isLock":null,"updated":null},{"symbol":"GOLD","date":1521648000000,"type":1,"subtype":5,"value":1.98,"recordDate":1521734400000,"divPayDate":null,"isLock":null,"updated":null},{"symbol":"GOLD","date":1489593600000,"type":1,"subtype":5,"value":0.98,"recordDate":1489680000000,"divPayDate":null,"isLock":null,"updated":null},{"symbol":"GOLD","date":1489507200000,"type":1,"subtype":5,"value":0.98,"recordDate":null,"divPayDate":null,"isLock":null,"updated":null},{"symbol":"GOLD","date":1458144000000,"type":1,"subtype":5,"value":0.64,"recordDate":1458230400000,"divPayDate":null,"isLock":null,"updated":null},{"symbol":"GOLD","date":1458057600000,"type":1,"subtype":5,"value":0.64,"recordDate":1458230400000,"divPayDate":null,"isLock":null,"updated":null},{"symbol":"GOLD","date":1426089600000,"type":1,"subtype":5,"value":0.58,"recordDate":1426176000000,"divPayDate":null,"isLock":null,"updated":null},{"symbol":"GOLD","date":1426003200000,"type":1,"subtype":5,"value":0.58,"recordDate":1426176000000,"divPayDate":null,"isLock":null,"updated":null},{"symbol":"GOLD","date":1394553600000,"type":1,"subtype":5,"value":0.48,"recordDate":null,"divPayDate":null,"isLock":null,"updated":null},{"symbol":"GOLD","date":1367942400000,"type":1,"subtype":5,"value":0.48,"recordDate":null,"divPayDate":null,"isLock":null,"updated":null},{"symbol":"GOLD","date":1336579200000,"type":1,"subtype":5,"value":0.38,"recordDate":null,"divPayDate":null,"isLock":null,"updated":null},{"symbol":"GOLD","date":1087228800000,"type":2,"subtype":8,"value":2.0,"recordDate":1426176000000,"divPayDate":null,"isLock":null,"updated":null},{"symbol":"GOLD","date":1047312000000,"type":2,"subtype":8,"value":2.0,"recordDate":null,"divPayDate":null,"isLock":null,"updated":null},{"symbol":"GOLD","date":731001600000,"type":2,"subtype":8,"value":2.0,"recordDate":null,"divPayDate":null,"isLock":null,"updated":null}]}