{"list":[{"symbol":"GSH","date":1560787200000,"type":1,"subtype":5,"value":0.43581,"recordDate":null,"divPayDate":null,"isLock":null,"updated":null},{"symbol":"GSH","date":1528646400000,"type":1,"subtype":5,"value":0.54086,"recordDate":null,"divPayDate":null,"isLock":null,"updated":null},{"symbol":"GSH","date":1497801600000,"type":1,"subtype":5,"value":0.50815,"recordDate":1497974400000,"divPayDate":null,"isLock":null,"updated":null},{"symbol":"GSH","date":1464278400000,"type":1,"subtype":5,"value":0.53005,"recordDate":1464710400000,"divPayDate":null,"isLock":null,"updated":null},{"symbol":"GSH","date":1433174400000,"type":1,"subtype":5,"value":0.34794,"recordDate":1433347200000,"divPayDate":null,"isLock":null,"updated":null},{"symbol":"GSH","date":1401638400000,"type":1,"subtype":5,"value":0.56387,"recordDate":1401811200000,"divPayDate":null,"isLock":null,"updated":null},{"symbol":"GSH","date":1369152000000,"type":1,"subtype":5,"value":0.56112,"recordDate":null,"divPayDate":null,"isLock":null,"updated":null},{"symbol":"GSH","date":1337616000000,"type":1,"subtype":5,"value":0.69326,"recordDate":null,"divPayDate":null,"isLock":null,"updated":null}]}