{"list":[{"symbol":"HCP","date":1556812800000,"type":1,"subtype":5,"value":0.37,"recordDate":1557072000000,"divPayDate":null,"isLock":null,"updated":null},{"symbol":"HCP","date":1550160000000,"type":1,"subtype":5,"value":0.37,"recordDate":1550505600000,"divPayDate":null,"isLock":null,"updated":null},{"symbol":"HCP","date":1541088000000,"type":1,"subtype":5,"value":0.37,"recordDate":1541347200000,"divPayDate":null,"isLock":null,"updated":null},{"symbol":"HCP","date":1533225600000,"type":1,"subtype":5,"value":0.37,"recordDate":1533484800000,"divPayDate":null,"isLock":null,"updated":null},{"symbol":"HCP","date":1525363200000,"type":1,"subtype":5,"value":0.37,"recordDate":1525622400000,"divPayDate":null,"isLock":null,"updated":null},{"symbol":"HCP","date":1518537600000,"type":1,"subtype":5,"value":0.37,"recordDate":1518624000000,"divPayDate":null,"isLock":null,"updated":null},{"symbol":"HCP","date":1509638400000,"type":1,"subtype":5,"value":0.37,"recordDate":1509897600000,"divPayDate":null,"isLock":null,"updated":null},{"symbol":"HCP","date":1501689600000,"type":1,"subtype":5,"value":0.37,"recordDate":1502035200000,"divPayDate":null,"isLock":null,"updated":null},{"symbol":"HCP","date":1493827200000,"type":1,"subtype":5,"value":0.37,"recordDate":1494172800000,"divPayDate":null,"isLock":null,"updated":null},{"symbol":"HCP","date":1486915200000,"type":1,"subtype":5,"value":0.37,"recordDate":1487088000000,"divPayDate":null,"isLock":null,"updated":null},{"symbol":"HCP","date":1478534400000,"type":1,"subtype":5,"value":0.37,"recordDate":1478707200000,"divPayDate":null,"isLock":null,"updated":null},{"symbol":"HCP","date":1477929600000,"type":2,"subtype":7,"value":0.2,"recordDate":1470585600000,"divPayDate":null,"isLock":null,"updated":null},{"symbol":"HCP","date":1477843200000,"type":2,"subtype":7,"value":0.2,"recordDate":1470585600000,"divPayDate":null,"isLock":null,"updated":null},{"symbol":"HCP","date":1470240000000,"type":1,"subtype":5,"value":0.575,"recordDate":1470585600000,"divPayDate":null,"isLock":null,"updated":null},{"symbol":"HCP","date":1462377600000,"type":1,"subtype":5,"value":0.575,"recordDate":1462723200000,"divPayDate":null,"isLock":null,"updated":null},{"symbol":"HCP","date":1454515200000,"type":1,"subtype":5,"value":0.575,"recordDate":1454860800000,"divPayDate":null,"isLock":null,"updated":null},{"symbol":"HCP","date":1446652800000,"type":1,"subtype":5,"value":0.565,"recordDate":1446998400000,"divPayDate":null,"isLock":null,"updated":null},{"symbol":"HCP","date":1438790400000,"type":1,"subtype":5,"value":0.565,"recordDate":1439136000000,"divPayDate":null,"isLock":null,"updated":null},{"symbol":"HCP","date":1430928000000,"type":1,"subtype":5,"value":0.565,"recordDate":1431273600000,"divPayDate":null,"isLock":null,"updated":null},{"symbol":"HCP","date":1423065600000,"type":1,"subtype":5,"value":0.565,"recordDate":1423411200000,"divPayDate":null,"isLock":null,"updated":null},{"symbol":"HCP","date":1415203200000,"type":1,"subtype":5,"value":0.545,"recordDate":1415548800000,"divPayDate":null,"isLock":null,"updated":null},{"symbol":"HCP","date":1407340800000,"type":1,"subtype":5,"value":0.545,"recordDate":1407686400000,"divPayDate":null,"isLock":null,"updated":null},{"symbol":"HCP","date":1399478400000,"type":1,"subtype":5,"value":0.545,"recordDate":null,"divPayDate":null,"isLock":null,"updated":null},{"symbol":"HCP","date":1391616000000,"type":1,"subtype":5,"value":0.545,"recordDate":null,"divPayDate":null,"isLock":null,"updated":null},{"symbol":"HCP","date":1383148800000,"type":1,"subtype":5,"value":0.525,"recordDate":null,"divPayDate":null,"isLock":null,"updated":null},{"symbol":"HCP","date":1375286400000,"type":1,"subtype":5,"value":0.525,"recordDate":null,"divPayDate":null,"isLock":null,"updated":null},{"symbol":"HCP","date":1367424000000,"type":1,"subtype":5,"value":0.525,"recordDate":null,"divPayDate":null,"isLock":null,"updated":null},{"symbol":"HCP","date":1359561600000,"type":1,"subtype":5,"value":0.525,"recordDate":null,"divPayDate":null,"isLock":null,"updated":null},{"symbol":"HCP","date":1351699200000,"type":1,"subtype":5,"value":0.5,"recordDate":null,"divPayDate":null,"isLock":null,"updated":null},{"symbol":"HCP","date":1343836800000,"type":1,"subtype":5,"value":0.5,"recordDate":null,"divPayDate":null,"isLock":null,"updated":null},{"symbol":"HCP","date":1078156800000,"type":2,"subtype":8,"value":2.0,"recordDate":1439136000000,"divPayDate":null,"isLock":null,"updated":null},{"symbol":"HCP","date":706377600000,"type":2,"subtype":8,"value":2.0,"recordDate":null,"divPayDate":null,"isLock":null,"updated":null}]}