{"list":[{"symbol":"HDB","date":1560873600000,"type":1,"subtype":5,"value":0.62593,"recordDate":null,"divPayDate":null,"isLock":null,"updated":null},{"symbol":"HDB","date":1527782400000,"type":1,"subtype":5,"value":0.54656,"recordDate":null,"divPayDate":null,"isLock":null,"updated":null},{"symbol":"HDB","date":1498492800000,"type":1,"subtype":5,"value":0.49396,"recordDate":1498665600000,"divPayDate":null,"isLock":null,"updated":null},{"symbol":"HDB","date":1466956800000,"type":1,"subtype":5,"value":0.4032,"recordDate":1467129600000,"divPayDate":null,"isLock":null,"updated":null},{"symbol":"HDB","date":1435593600000,"type":1,"subtype":5,"value":0.35488,"recordDate":1435766400000,"divPayDate":null,"isLock":null,"updated":null},{"symbol":"HDB","date":1403712000000,"type":1,"subtype":5,"value":0.32117,"recordDate":1401897600000,"divPayDate":null,"isLock":null,"updated":null},{"symbol":"HDB","date":1370880000000,"type":1,"subtype":5,"value":0.25631,"recordDate":null,"divPayDate":null,"isLock":null,"updated":null},{"symbol":"HDB","date":1340640000000,"type":1,"subtype":5,"value":0.21377,"recordDate":null,"divPayDate":null,"isLock":null,"updated":null},{"symbol":"HDB","date":1311523200000,"type":2,"subtype":8,"value":5.0,"recordDate":1435766400000,"divPayDate":null,"isLock":null,"updated":null}]}