{"list":[{"symbol":"HIMX","date":1531843200000,"type":1,"subtype":5,"value":0.09,"recordDate":null,"divPayDate":null,"isLock":null,"updated":null},{"symbol":"HIMX","date":1501084800000,"type":1,"subtype":5,"value":0.23,"recordDate":1501430400000,"divPayDate":null,"isLock":null,"updated":null},{"symbol":"HIMX","date":1468944000000,"type":1,"subtype":5,"value":0.12,"recordDate":1469116800000,"divPayDate":null,"isLock":null,"updated":null},{"symbol":"HIMX","date":1435075200000,"type":1,"subtype":5,"value":0.29,"recordDate":1435248000000,"divPayDate":null,"isLock":null,"updated":null},{"symbol":"HIMX","date":1404835200000,"type":1,"subtype":5,"value":0.26,"recordDate":1405008000000,"divPayDate":null,"isLock":null,"updated":null},{"symbol":"HIMX","date":1373990400000,"type":1,"subtype":5,"value":0.24,"recordDate":null,"divPayDate":null,"isLock":null,"updated":null},{"symbol":"HIMX","date":1341936000000,"type":1,"subtype":5,"value":0.063,"recordDate":null,"divPayDate":null,"isLock":null,"updated":null}]}