{"list":[{"symbol":"HL","date":1558540800000,"type":1,"subtype":5,"value":0.0025,"recordDate":null,"divPayDate":null,"isLock":null,"updated":null},{"symbol":"HL","date":1551628800000,"type":1,"subtype":5,"value":0.0025,"recordDate":null,"divPayDate":null,"isLock":null,"updated":null},{"symbol":"HL","date":1542556800000,"type":1,"subtype":5,"value":0.0025,"recordDate":null,"divPayDate":null,"isLock":null,"updated":null},{"symbol":"HL","date":1534953600000,"type":1,"subtype":5,"value":0.0025,"recordDate":null,"divPayDate":null,"isLock":null,"updated":null},{"symbol":"HL","date":1527004800000,"type":1,"subtype":5,"value":0.0025,"recordDate":null,"divPayDate":null,"isLock":null,"updated":null},{"symbol":"HL","date":1520179200000,"type":1,"subtype":5,"value":0.0025,"recordDate":1520265600000,"divPayDate":null,"isLock":null,"updated":null},{"symbol":"HL","date":1511107200000,"type":1,"subtype":5,"value":0.0025,"recordDate":1511193600000,"divPayDate":null,"isLock":null,"updated":null},{"symbol":"HL","date":1503244800000,"type":1,"subtype":5,"value":0.0025,"recordDate":1503417600000,"divPayDate":null,"isLock":null,"updated":null},{"symbol":"HL","date":1495382400000,"type":1,"subtype":5,"value":0.0025,"recordDate":1495555200000,"divPayDate":null,"isLock":null,"updated":null},{"symbol":"HL","date":1488384000000,"type":1,"subtype":5,"value":0.0025,"recordDate":1488729600000,"divPayDate":null,"isLock":null,"updated":null},{"symbol":"HL","date":1479312000000,"type":1,"subtype":5,"value":0.0025,"recordDate":1479657600000,"divPayDate":null,"isLock":null,"updated":null},{"symbol":"HL","date":1471536000000,"type":1,"subtype":5,"value":0.0025,"recordDate":1471881600000,"divPayDate":null,"isLock":null,"updated":null},{"symbol":"HL","date":1463932800000,"type":1,"subtype":5,"value":0.0025,"recordDate":1464105600000,"divPayDate":null,"isLock":null,"updated":null},{"symbol":"HL","date":1458057600000,"type":1,"subtype":5,"value":0.0025,"recordDate":1458230400000,"divPayDate":null,"isLock":null,"updated":null},{"symbol":"HL","date":1447689600000,"type":1,"subtype":5,"value":0.0025,"recordDate":1447862400000,"divPayDate":null,"isLock":null,"updated":null},{"symbol":"HL","date":1439913600000,"type":1,"subtype":5,"value":0.0025,"recordDate":1440086400000,"divPayDate":null,"isLock":null,"updated":null},{"symbol":"HL","date":1432051200000,"type":1,"subtype":5,"value":0.0025,"recordDate":1432224000000,"divPayDate":null,"isLock":null,"updated":null},{"symbol":"HL","date":1426003200000,"type":1,"subtype":5,"value":0.0025,"recordDate":1426176000000,"divPayDate":null,"isLock":null,"updated":null},{"symbol":"HL","date":1416844800000,"type":1,"subtype":5,"value":0.0025,"recordDate":1417104000000,"divPayDate":null,"isLock":null,"updated":null},{"symbol":"HL","date":1408896000000,"type":1,"subtype":5,"value":0.0025,"recordDate":1409068800000,"divPayDate":null,"isLock":null,"updated":null},{"symbol":"HL","date":1400774400000,"type":1,"subtype":5,"value":0.0025,"recordDate":null,"divPayDate":null,"isLock":null,"updated":null},{"symbol":"HL","date":1394985600000,"type":1,"subtype":5,"value":0.0025,"recordDate":null,"divPayDate":null,"isLock":null,"updated":null},{"symbol":"HL","date":1384963200000,"type":1,"subtype":5,"value":0.0025,"recordDate":null,"divPayDate":null,"isLock":null,"updated":null},{"symbol":"HL","date":1377100800000,"type":1,"subtype":5,"value":0.0025,"recordDate":null,"divPayDate":null,"isLock":null,"updated":null},{"symbol":"HL","date":1369238400000,"type":1,"subtype":5,"value":0.0025,"recordDate":null,"divPayDate":null,"isLock":null,"updated":null},{"symbol":"HL","date":1363190400000,"type":1,"subtype":5,"value":0.0125,"recordDate":null,"divPayDate":null,"isLock":null,"updated":null},{"symbol":"HL","date":1353600000000,"type":1,"subtype":5,"value":0.0225,"recordDate":null,"divPayDate":null,"isLock":null,"updated":null},{"symbol":"HL","date":1345737600000,"type":1,"subtype":5,"value":0.0025,"recordDate":null,"divPayDate":null,"isLock":null,"updated":null},{"symbol":"HL","date":354297600000,"type":2,"subtype":8,"value":1.5,"recordDate":1440086400000,"divPayDate":null,"isLock":null,"updated":null},{"symbol":"HL","date":232560000000,"type":2,"subtype":8,"value":1.02,"recordDate":null,"divPayDate":null,"isLock":null,"updated":null},{"symbol":"HL","date":201110400000,"type":2,"subtype":8,"value":1.02,"recordDate":null,"divPayDate":null,"isLock":null,"updated":null}]}