{"list":[{"symbol":"HY","date":1559145600000,"type":1,"subtype":5,"value":0.3175,"recordDate":null,"divPayDate":null,"isLock":null,"updated":null},{"symbol":"HY","date":1551283200000,"type":1,"subtype":5,"value":0.31,"recordDate":1551369600000,"divPayDate":null,"isLock":null,"updated":null},{"symbol":"HY","date":1543420800000,"type":1,"subtype":5,"value":0.31,"recordDate":1543507200000,"divPayDate":null,"isLock":null,"updated":null},{"symbol":"HY","date":1535558400000,"type":1,"subtype":5,"value":0.31,"recordDate":1535644800000,"divPayDate":null,"isLock":null,"updated":null},{"symbol":"HY","date":1527696000000,"type":1,"subtype":5,"value":0.31,"recordDate":1527782400000,"divPayDate":null,"isLock":null,"updated":null},{"symbol":"HY","date":1519747200000,"type":1,"subtype":5,"value":0.3025,"recordDate":1519833600000,"divPayDate":null,"isLock":null,"updated":null},{"symbol":"HY","date":1511971200000,"type":1,"subtype":5,"value":0.3025,"recordDate":1512057600000,"divPayDate":null,"isLock":null,"updated":null},{"symbol":"HY","date":1504022400000,"type":1,"subtype":5,"value":0.3025,"recordDate":1504195200000,"divPayDate":null,"isLock":null,"updated":null},{"symbol":"HY","date":1496073600000,"type":1,"subtype":5,"value":0.3025,"recordDate":1496246400000,"divPayDate":null,"isLock":null,"updated":null},{"symbol":"HY","date":1488124800000,"type":1,"subtype":5,"value":0.295,"recordDate":1488297600000,"divPayDate":null,"isLock":null,"updated":null},{"symbol":"HY","date":1480348800000,"type":1,"subtype":5,"value":0.295,"recordDate":1480521600000,"divPayDate":null,"isLock":null,"updated":null},{"symbol":"HY","date":1472486400000,"type":1,"subtype":5,"value":0.295,"recordDate":1472659200000,"divPayDate":null,"isLock":null,"updated":null},{"symbol":"HY","date":1464278400000,"type":1,"subtype":5,"value":0.295,"recordDate":1464710400000,"divPayDate":null,"isLock":null,"updated":null},{"symbol":"HY","date":1456416000000,"type":1,"subtype":5,"value":0.285,"recordDate":1456761600000,"divPayDate":null,"isLock":null,"updated":null},{"symbol":"HY","date":1448553600000,"type":1,"subtype":5,"value":0.285,"recordDate":1448899200000,"divPayDate":null,"isLock":null,"updated":null},{"symbol":"HY","date":1440691200000,"type":1,"subtype":5,"value":0.285,"recordDate":1441036800000,"divPayDate":null,"isLock":null,"updated":null},{"symbol":"HY","date":1432742400000,"type":1,"subtype":5,"value":0.285,"recordDate":1433088000000,"divPayDate":null,"isLock":null,"updated":null},{"symbol":"HY","date":1424793600000,"type":1,"subtype":5,"value":0.275,"recordDate":1424966400000,"divPayDate":null,"isLock":null,"updated":null},{"symbol":"HY","date":1416931200000,"type":1,"subtype":5,"value":0.275,"recordDate":1417363200000,"divPayDate":null,"isLock":null,"updated":null},{"symbol":"HY","date":1409155200000,"type":1,"subtype":5,"value":0.275,"recordDate":1409587200000,"divPayDate":null,"isLock":null,"updated":null},{"symbol":"HY","date":1401292800000,"type":1,"subtype":5,"value":0.275,"recordDate":null,"divPayDate":null,"isLock":null,"updated":null},{"symbol":"HY","date":1393344000000,"type":1,"subtype":5,"value":0.25,"recordDate":null,"divPayDate":null,"isLock":null,"updated":null},{"symbol":"HY","date":1385395200000,"type":1,"subtype":5,"value":0.25,"recordDate":null,"divPayDate":null,"isLock":null,"updated":null},{"symbol":"HY","date":1377619200000,"type":1,"subtype":5,"value":0.25,"recordDate":null,"divPayDate":null,"isLock":null,"updated":null},{"symbol":"HY","date":1369756800000,"type":1,"subtype":5,"value":0.25,"recordDate":null,"divPayDate":null,"isLock":null,"updated":null},{"symbol":"HY","date":1361894400000,"type":1,"subtype":5,"value":0.25,"recordDate":null,"divPayDate":null,"isLock":null,"updated":null},{"symbol":"HY","date":1355328000000,"type":1,"subtype":5,"value":2.0,"recordDate":null,"divPayDate":null,"isLock":null,"updated":null},{"symbol":"HY","date":1354032000000,"type":1,"subtype":5,"value":0.25,"recordDate":null,"divPayDate":null,"isLock":null,"updated":null}]}