{"list":[{"symbol":"HYXE","date":1559491200000,"type":1,"subtype":5,"value":0.24538,"recordDate":null,"divPayDate":null,"isLock":null,"updated":null},{"symbol":"HYXE","date":1556640000000,"type":1,"subtype":5,"value":0.24076,"recordDate":null,"divPayDate":null,"isLock":null,"updated":null},{"symbol":"HYXE","date":1554048000000,"type":1,"subtype":5,"value":0.24864,"recordDate":null,"divPayDate":null,"isLock":null,"updated":null},{"symbol":"HYXE","date":1551369600000,"type":1,"subtype":5,"value":0.25033,"recordDate":null,"divPayDate":null,"isLock":null,"updated":null},{"symbol":"HYXE","date":1548950400000,"type":1,"subtype":5,"value":0.2522,"recordDate":null,"divPayDate":null,"isLock":null,"updated":null},{"symbol":"HYXE","date":1545062400000,"type":1,"subtype":5,"value":0.25493,"recordDate":null,"divPayDate":null,"isLock":null,"updated":null},{"symbol":"HYXE","date":1543766400000,"type":1,"subtype":5,"value":0.24938,"recordDate":null,"divPayDate":null,"isLock":null,"updated":null},{"symbol":"HYXE","date":1541001600000,"type":1,"subtype":5,"value":0.26107,"recordDate":null,"divPayDate":null,"isLock":null,"updated":null},{"symbol":"HYXE","date":1538323200000,"type":1,"subtype":5,"value":0.24736,"recordDate":null,"divPayDate":null,"isLock":null,"updated":null},{"symbol":"HYXE","date":1535990400000,"type":1,"subtype":5,"value":0.24753,"recordDate":null,"divPayDate":null,"isLock":null,"updated":null},{"symbol":"HYXE","date":1533052800000,"type":1,"subtype":5,"value":0.24604,"recordDate":null,"divPayDate":null,"isLock":null,"updated":null},{"symbol":"HYXE","date":1530460800000,"type":1,"subtype":5,"value":0.2473,"recordDate":null,"divPayDate":null,"isLock":null,"updated":null},{"symbol":"HYXE","date":1527782400000,"type":1,"subtype":5,"value":0.25062,"recordDate":null,"divPayDate":null,"isLock":null,"updated":null},{"symbol":"HYXE","date":1525104000000,"type":1,"subtype":5,"value":0.24046,"recordDate":null,"divPayDate":null,"isLock":null,"updated":null},{"symbol":"HYXE","date":1522598400000,"type":1,"subtype":5,"value":0.24052,"recordDate":null,"divPayDate":null,"isLock":null,"updated":null},{"symbol":"HYXE","date":1519833600000,"type":1,"subtype":5,"value":0.22091,"recordDate":1517500800000,"divPayDate":null,"isLock":null,"updated":null},{"symbol":"HYXE","date":1517414400000,"type":1,"subtype":5,"value":0.24162,"recordDate":1513872000000,"divPayDate":null,"isLock":null,"updated":null},{"symbol":"HYXE","date":1513785600000,"type":1,"subtype":5,"value":0.24274,"recordDate":1512316800000,"divPayDate":null,"isLock":null,"updated":null},{"symbol":"HYXE","date":1512057600000,"type":1,"subtype":5,"value":0.24711,"recordDate":1509552000000,"divPayDate":null,"isLock":null,"updated":null},{"symbol":"HYXE","date":1509465600000,"type":1,"subtype":5,"value":0.24693,"recordDate":1506960000000,"divPayDate":null,"isLock":null,"updated":null},{"symbol":"HYXE","date":1506873600000,"type":1,"subtype":5,"value":0.24946,"recordDate":1504627200000,"divPayDate":null,"isLock":null,"updated":null},{"symbol":"HYXE","date":1504195200000,"type":1,"subtype":5,"value":0.24895,"recordDate":1501689600000,"divPayDate":null,"isLock":null,"updated":null},{"symbol":"HYXE","date":1501516800000,"type":1,"subtype":5,"value":0.24736,"recordDate":1499270400000,"divPayDate":null,"isLock":null,"updated":null},{"symbol":"HYXE","date":1499011200000,"type":1,"subtype":5,"value":0.25038,"recordDate":1496592000000,"divPayDate":null,"isLock":null,"updated":null},{"symbol":"HYXE","date":1496246400000,"type":1,"subtype":5,"value":0.24886,"recordDate":1493740800000,"divPayDate":null,"isLock":null,"updated":null},{"symbol":"HYXE","date":1493568000000,"type":1,"subtype":5,"value":0.25104,"recordDate":1491321600000,"divPayDate":null,"isLock":null,"updated":null},{"symbol":"HYXE","date":1491148800000,"type":1,"subtype":5,"value":0.25028,"recordDate":1488470400000,"divPayDate":null,"isLock":null,"updated":null},{"symbol":"HYXE","date":1488297600000,"type":1,"subtype":5,"value":0.25266,"recordDate":1486051200000,"divPayDate":null,"isLock":null,"updated":null},{"symbol":"HYXE","date":1485878400000,"type":1,"subtype":5,"value":0.25229,"recordDate":1482768000000,"divPayDate":null,"isLock":null,"updated":null},{"symbol":"HYXE","date":1482336000000,"type":1,"subtype":5,"value":0.16393,"recordDate":1480867200000,"divPayDate":null,"isLock":null,"updated":null},{"symbol":"HYXE","date":1480521600000,"type":1,"subtype":5,"value":0.25131,"recordDate":1478102400000,"divPayDate":null,"isLock":null,"updated":null},{"symbol":"HYXE","date":1477929600000,"type":1,"subtype":5,"value":0.25263,"recordDate":1475596800000,"divPayDate":null,"isLock":null,"updated":null},{"symbol":"HYXE","date":1475424000000,"type":1,"subtype":5,"value":0.27873,"recordDate":1473091200000,"divPayDate":null,"isLock":null,"updated":null},{"symbol":"HYXE","date":1472659200000,"type":1,"subtype":5,"value":0.30915,"recordDate":1470153600000,"divPayDate":null,"isLock":null,"updated":null},{"symbol":"HYXE","date":1469980800000,"type":1,"subtype":5,"value":0.34108,"recordDate":1470153600000,"divPayDate":null,"isLock":null,"updated":null}]}