{"list":[{"symbol":"IBKC","date":1561564800000,"type":1,"subtype":5,"value":0.43,"recordDate":1561651200000,"divPayDate":null,"isLock":null,"updated":null},{"symbol":"IBKC","date":1553702400000,"type":1,"subtype":5,"value":0.43,"recordDate":1553788800000,"divPayDate":null,"isLock":null,"updated":null},{"symbol":"IBKC","date":1545926400000,"type":1,"subtype":5,"value":0.41,"recordDate":1546185600000,"divPayDate":null,"isLock":null,"updated":null},{"symbol":"IBKC","date":1537977600000,"type":1,"subtype":5,"value":0.39,"recordDate":1538064000000,"divPayDate":null,"isLock":null,"updated":null},{"symbol":"IBKC","date":1530115200000,"type":1,"subtype":5,"value":0.38,"recordDate":null,"divPayDate":null,"isLock":null,"updated":null},{"symbol":"IBKC","date":1522166400000,"type":1,"subtype":5,"value":0.38,"recordDate":1522339200000,"divPayDate":null,"isLock":null,"updated":null},{"symbol":"IBKC","date":1514390400000,"type":1,"subtype":5,"value":0.37,"recordDate":1514476800000,"divPayDate":null,"isLock":null,"updated":null},{"symbol":"IBKC","date":1506528000000,"type":1,"subtype":5,"value":0.37,"recordDate":1506614400000,"divPayDate":null,"isLock":null,"updated":null},{"symbol":"IBKC","date":1498579200000,"type":1,"subtype":5,"value":0.36,"recordDate":1498752000000,"divPayDate":null,"isLock":null,"updated":null},{"symbol":"IBKC","date":1490716800000,"type":1,"subtype":5,"value":0.36,"recordDate":1490889600000,"divPayDate":null,"isLock":null,"updated":null},{"symbol":"IBKC","date":1482854400000,"type":1,"subtype":5,"value":0.36,"recordDate":1483113600000,"divPayDate":null,"isLock":null,"updated":null},{"symbol":"IBKC","date":1474992000000,"type":1,"subtype":5,"value":0.36,"recordDate":1475164800000,"divPayDate":null,"isLock":null,"updated":null},{"symbol":"IBKC","date":1467043200000,"type":1,"subtype":5,"value":0.34,"recordDate":1467216000000,"divPayDate":null,"isLock":null,"updated":null},{"symbol":"IBKC","date":1459180800000,"type":1,"subtype":5,"value":0.34,"recordDate":1459353600000,"divPayDate":null,"isLock":null,"updated":null},{"symbol":"IBKC","date":1451318400000,"type":1,"subtype":5,"value":0.34,"recordDate":1451491200000,"divPayDate":null,"isLock":null,"updated":null},{"symbol":"IBKC","date":1443369600000,"type":1,"subtype":5,"value":0.34,"recordDate":1443542400000,"divPayDate":null,"isLock":null,"updated":null},{"symbol":"IBKC","date":1435248000000,"type":1,"subtype":5,"value":0.34,"recordDate":1435593600000,"divPayDate":null,"isLock":null,"updated":null},{"symbol":"IBKC","date":1427385600000,"type":1,"subtype":5,"value":0.34,"recordDate":1427731200000,"divPayDate":null,"isLock":null,"updated":null},{"symbol":"IBKC","date":1419782400000,"type":1,"subtype":5,"value":0.34,"recordDate":1419955200000,"divPayDate":null,"isLock":null,"updated":null},{"symbol":"IBKC","date":1411660800000,"type":1,"subtype":5,"value":0.34,"recordDate":1412006400000,"divPayDate":null,"isLock":null,"updated":null},{"symbol":"IBKC","date":1403712000000,"type":1,"subtype":5,"value":0.34,"recordDate":1404057600000,"divPayDate":null,"isLock":null,"updated":null},{"symbol":"IBKC","date":1395849600000,"type":1,"subtype":5,"value":0.34,"recordDate":null,"divPayDate":null,"isLock":null,"updated":null},{"symbol":"IBKC","date":1388073600000,"type":1,"subtype":5,"value":0.34,"recordDate":null,"divPayDate":null,"isLock":null,"updated":null},{"symbol":"IBKC","date":1380124800000,"type":1,"subtype":5,"value":0.34,"recordDate":null,"divPayDate":null,"isLock":null,"updated":null},{"symbol":"IBKC","date":1372176000000,"type":1,"subtype":5,"value":0.34,"recordDate":null,"divPayDate":null,"isLock":null,"updated":null},{"symbol":"IBKC","date":1364227200000,"type":1,"subtype":5,"value":0.34,"recordDate":null,"divPayDate":null,"isLock":null,"updated":null},{"symbol":"IBKC","date":1356537600000,"type":1,"subtype":5,"value":0.34,"recordDate":null,"divPayDate":null,"isLock":null,"updated":null},{"symbol":"IBKC","date":1348588800000,"type":1,"subtype":5,"value":0.34,"recordDate":null,"divPayDate":null,"isLock":null,"updated":null},{"symbol":"IBKC","date":1340726400000,"type":1,"subtype":5,"value":0.34,"recordDate":null,"divPayDate":null,"isLock":null,"updated":null},{"symbol":"IBKC","date":1124121600000,"type":2,"subtype":8,"value":1.25,"recordDate":1435593600000,"divPayDate":null,"isLock":null,"updated":null}]}