{"list":[{"symbol":"IDLB","date":1561305600000,"type":1,"subtype":5,"value":0.35122,"recordDate":null,"divPayDate":null,"isLock":null,"updated":null},{"symbol":"IDLB","date":1552838400000,"type":1,"subtype":5,"value":0.03761,"recordDate":null,"divPayDate":null,"isLock":null,"updated":null},{"symbol":"IDLB","date":1545580800000,"type":1,"subtype":5,"value":0.15914,"recordDate":null,"divPayDate":null,"isLock":null,"updated":null},{"symbol":"IDLB","date":1537718400000,"type":1,"subtype":5,"value":0.12781,"recordDate":null,"divPayDate":null,"isLock":null,"updated":null},{"symbol":"IDLB","date":1529251200000,"type":1,"subtype":5,"value":0.32055,"recordDate":null,"divPayDate":null,"isLock":null,"updated":null},{"symbol":"IDLB","date":1521388800000,"type":1,"subtype":5,"value":0.02566,"recordDate":null,"divPayDate":null,"isLock":null,"updated":null},{"symbol":"IDLB","date":1513526400000,"type":1,"subtype":5,"value":0.38292,"recordDate":1505750400000,"divPayDate":null,"isLock":null,"updated":null},{"symbol":"IDLB","date":1505664000000,"type":1,"subtype":5,"value":0.11178,"recordDate":1497888000000,"divPayDate":null,"isLock":null,"updated":null},{"symbol":"IDLB","date":1497542400000,"type":1,"subtype":5,"value":0.31026,"recordDate":1490025600000,"divPayDate":null,"isLock":null,"updated":null},{"symbol":"IDLB","date":1489680000000,"type":1,"subtype":5,"value":0.02534,"recordDate":1482163200000,"divPayDate":null,"isLock":null,"updated":null},{"symbol":"IDLB","date":1481817600000,"type":1,"subtype":5,"value":0.26461,"recordDate":1474300800000,"divPayDate":null,"isLock":null,"updated":null},{"symbol":"IDLB","date":1473955200000,"type":1,"subtype":5,"value":0.07248,"recordDate":1466438400000,"divPayDate":null,"isLock":null,"updated":null},{"symbol":"IDLB","date":1466092800000,"type":1,"subtype":5,"value":0.24122,"recordDate":1450713600000,"divPayDate":null,"isLock":null,"updated":null},{"symbol":"IDLB","date":1450368000000,"type":1,"subtype":5,"value":0.08246,"recordDate":1450713600000,"divPayDate":null,"isLock":null,"updated":null}]}