{"list":[{"symbol":"IEUS","date":1560700800000,"type":1,"subtype":5,"value":1.67496,"recordDate":null,"divPayDate":null,"isLock":null,"updated":null},{"symbol":"IEUS","date":1545062400000,"type":1,"subtype":5,"value":0.52012,"recordDate":null,"divPayDate":null,"isLock":null,"updated":null},{"symbol":"IEUS","date":1529337600000,"type":1,"subtype":5,"value":0.9201,"recordDate":null,"divPayDate":null,"isLock":null,"updated":null},{"symbol":"IEUS","date":1513612800000,"type":1,"subtype":5,"value":0.58171,"recordDate":1498060800000,"divPayDate":null,"isLock":null,"updated":null},{"symbol":"IEUS","date":1497888000000,"type":1,"subtype":5,"value":0.64841,"recordDate":1482422400000,"divPayDate":null,"isLock":null,"updated":null},{"symbol":"IEUS","date":1482249600000,"type":1,"subtype":5,"value":0.2855,"recordDate":1466697600000,"divPayDate":null,"isLock":null,"updated":null},{"symbol":"IEUS","date":1466524800000,"type":1,"subtype":5,"value":0.79959,"recordDate":1450800000000,"divPayDate":null,"isLock":null,"updated":null},{"symbol":"IEUS","date":1450627200000,"type":1,"subtype":5,"value":0.41364,"recordDate":1450800000000,"divPayDate":null,"isLock":null,"updated":null},{"symbol":"IEUS","date":1435075200000,"type":1,"subtype":5,"value":0.5195,"recordDate":1435248000000,"divPayDate":null,"isLock":null,"updated":null},{"symbol":"IEUS","date":1418918400000,"type":1,"subtype":5,"value":0.56301,"recordDate":1419264000000,"divPayDate":null,"isLock":null,"updated":null},{"symbol":"IEUS","date":1403539200000,"type":1,"subtype":5,"value":0.42793,"recordDate":1403712000000,"divPayDate":null,"isLock":null,"updated":null}]}