{"list":[{"symbol":"IFF","date":1561046400000,"type":1,"subtype":5,"value":0.73,"recordDate":1561305600000,"divPayDate":null,"isLock":null,"updated":null},{"symbol":"IFF","date":1553184000000,"type":1,"subtype":5,"value":0.73,"recordDate":1553443200000,"divPayDate":null,"isLock":null,"updated":null},{"symbol":"IFF","date":1545840000000,"type":1,"subtype":5,"value":0.73,"recordDate":1545926400000,"divPayDate":null,"isLock":null,"updated":null},{"symbol":"IFF","date":1537459200000,"type":1,"subtype":5,"value":0.73,"recordDate":1537718400000,"divPayDate":null,"isLock":null,"updated":null},{"symbol":"IFF","date":1529596800000,"type":1,"subtype":5,"value":0.69,"recordDate":1529856000000,"divPayDate":null,"isLock":null,"updated":null},{"symbol":"IFF","date":1521734400000,"type":1,"subtype":5,"value":0.69,"recordDate":1521993600000,"divPayDate":null,"isLock":null,"updated":null},{"symbol":"IFF","date":1514390400000,"type":1,"subtype":5,"value":0.69,"recordDate":1514476800000,"divPayDate":null,"isLock":null,"updated":null},{"symbol":"IFF","date":1506009600000,"type":1,"subtype":5,"value":0.69,"recordDate":1506268800000,"divPayDate":null,"isLock":null,"updated":null},{"symbol":"IFF","date":1498060800000,"type":1,"subtype":5,"value":0.64,"recordDate":1498406400000,"divPayDate":null,"isLock":null,"updated":null},{"symbol":"IFF","date":1490198400000,"type":1,"subtype":5,"value":0.64,"recordDate":1490544000000,"divPayDate":null,"isLock":null,"updated":null},{"symbol":"IFF","date":1482422400000,"type":1,"subtype":5,"value":0.64,"recordDate":1482854400000,"divPayDate":null,"isLock":null,"updated":null},{"symbol":"IFF","date":1474473600000,"type":1,"subtype":5,"value":0.64,"recordDate":1474819200000,"divPayDate":null,"isLock":null,"updated":null},{"symbol":"IFF","date":1466611200000,"type":1,"subtype":5,"value":0.56,"recordDate":1466956800000,"divPayDate":null,"isLock":null,"updated":null},{"symbol":"IFF","date":1458662400000,"type":1,"subtype":5,"value":0.56,"recordDate":1459094400000,"divPayDate":null,"isLock":null,"updated":null},{"symbol":"IFF","date":1450800000000,"type":1,"subtype":5,"value":0.56,"recordDate":1451232000000,"divPayDate":null,"isLock":null,"updated":null},{"symbol":"IFF","date":1442937600000,"type":1,"subtype":5,"value":0.56,"recordDate":1443110400000,"divPayDate":null,"isLock":null,"updated":null},{"symbol":"IFF","date":1435075200000,"type":1,"subtype":5,"value":0.47,"recordDate":1435248000000,"divPayDate":null,"isLock":null,"updated":null},{"symbol":"IFF","date":1427212800000,"type":1,"subtype":5,"value":0.47,"recordDate":1427385600000,"divPayDate":null,"isLock":null,"updated":null},{"symbol":"IFF","date":1419523200000,"type":1,"subtype":5,"value":0.47,"recordDate":1419868800000,"divPayDate":null,"isLock":null,"updated":null},{"symbol":"IFF","date":1411401600000,"type":1,"subtype":5,"value":0.47,"recordDate":1411574400000,"divPayDate":null,"isLock":null,"updated":null},{"symbol":"IFF","date":1403539200000,"type":1,"subtype":5,"value":0.39,"recordDate":null,"divPayDate":null,"isLock":null,"updated":null},{"symbol":"IFF","date":1395676800000,"type":1,"subtype":5,"value":0.39,"recordDate":null,"divPayDate":null,"isLock":null,"updated":null},{"symbol":"IFF","date":1387814400000,"type":1,"subtype":5,"value":0.39,"recordDate":null,"divPayDate":null,"isLock":null,"updated":null},{"symbol":"IFF","date":1379952000000,"type":1,"subtype":5,"value":0.39,"recordDate":null,"divPayDate":null,"isLock":null,"updated":null},{"symbol":"IFF","date":1372089600000,"type":1,"subtype":5,"value":0.34,"recordDate":null,"divPayDate":null,"isLock":null,"updated":null},{"symbol":"IFF","date":1363622400000,"type":1,"subtype":5,"value":0.34,"recordDate":null,"divPayDate":null,"isLock":null,"updated":null},{"symbol":"IFF","date":1355846400000,"type":1,"subtype":5,"value":0.34,"recordDate":null,"divPayDate":null,"isLock":null,"updated":null},{"symbol":"IFF","date":1347811200000,"type":1,"subtype":5,"value":0.34,"recordDate":null,"divPayDate":null,"isLock":null,"updated":null},{"symbol":"IFF","date":758995200000,"type":2,"subtype":8,"value":3.0,"recordDate":1435248000000,"divPayDate":null,"isLock":null,"updated":null},{"symbol":"IFF","date":156441600000,"type":2,"subtype":8,"value":1.02,"recordDate":null,"divPayDate":null,"isLock":null,"updated":null},{"symbol":"IFF","date":127584000000,"type":2,"subtype":8,"value":2.0,"recordDate":null,"divPayDate":null,"isLock":null,"updated":null}]}