{"list":[{"symbol":"IFFT","date":1568217600000,"type":1,"subtype":5,"value":0.75,"recordDate":null,"divPayDate":null,"isLock":null,"updated":null},{"symbol":"IFFT","date":1560355200000,"type":1,"subtype":5,"value":0.75,"recordDate":null,"divPayDate":null,"isLock":null,"updated":null},{"symbol":"IFFT","date":1552406400000,"type":1,"subtype":5,"value":0.75,"recordDate":null,"divPayDate":null,"isLock":null,"updated":null},{"symbol":"IFFT","date":1544630400000,"type":1,"subtype":5,"value":0.7333,"recordDate":null,"divPayDate":null,"isLock":null,"updated":null}]}