{"list":[{"symbol":"INSI","date":1563379200000,"type":1,"subtype":5,"value":0.2,"recordDate":null,"divPayDate":null,"isLock":null,"updated":null},{"symbol":"INSI","date":1554307200000,"type":1,"subtype":5,"value":0.34,"recordDate":null,"divPayDate":null,"isLock":null,"updated":null},{"symbol":"INSI","date":1545840000000,"type":1,"subtype":5,"value":0.2,"recordDate":1545926400000,"divPayDate":null,"isLock":null,"updated":null},{"symbol":"INSI","date":1538409600000,"type":1,"subtype":5,"value":0.2,"recordDate":1538496000000,"divPayDate":null,"isLock":null,"updated":null},{"symbol":"INSI","date":1531929600000,"type":1,"subtype":5,"value":0.2,"recordDate":null,"divPayDate":null,"isLock":null,"updated":null},{"symbol":"INSI","date":1522771200000,"type":1,"subtype":5,"value":0.2,"recordDate":1522857600000,"divPayDate":null,"isLock":null,"updated":null},{"symbol":"INSI","date":1514304000000,"type":1,"subtype":5,"value":0.4412,"recordDate":1514390400000,"divPayDate":null,"isLock":null,"updated":null},{"symbol":"INSI","date":1506528000000,"type":1,"subtype":5,"value":0.2,"recordDate":1506614400000,"divPayDate":null,"isLock":null,"updated":null},{"symbol":"INSI","date":1500393600000,"type":1,"subtype":5,"value":0.2,"recordDate":1500566400000,"divPayDate":null,"isLock":null,"updated":null},{"symbol":"INSI","date":1491148800000,"type":1,"subtype":5,"value":0.2,"recordDate":1491321600000,"divPayDate":null,"isLock":null,"updated":null},{"symbol":"INSI","date":1482076800000,"type":1,"subtype":5,"value":0.2,"recordDate":1482249600000,"divPayDate":null,"isLock":null,"updated":null}]}