{"list":[{"symbol":"ITRN","date":1560873600000,"type":1,"subtype":5,"value":0.24,"recordDate":1560960000000,"divPayDate":null,"isLock":null,"updated":null},{"symbol":"ITRN","date":1553443200000,"type":1,"subtype":5,"value":0.23,"recordDate":1553529600000,"divPayDate":null,"isLock":null,"updated":null},{"symbol":"ITRN","date":1545580800000,"type":1,"subtype":5,"value":0.23,"recordDate":1545753600000,"divPayDate":null,"isLock":null,"updated":null},{"symbol":"ITRN","date":1537804800000,"type":1,"subtype":5,"value":0.24,"recordDate":1537891200000,"divPayDate":null,"isLock":null,"updated":null},{"symbol":"ITRN","date":1529856000000,"type":1,"subtype":5,"value":0.24,"recordDate":null,"divPayDate":null,"isLock":null,"updated":null},{"symbol":"ITRN","date":1521993600000,"type":1,"subtype":5,"value":0.24,"recordDate":1522080000000,"divPayDate":null,"isLock":null,"updated":null},{"symbol":"ITRN","date":1514217600000,"type":1,"subtype":5,"value":0.24,"recordDate":1514304000000,"divPayDate":null,"isLock":null,"updated":null},{"symbol":"ITRN","date":1505664000000,"type":1,"subtype":5,"value":0.24,"recordDate":1505750400000,"divPayDate":null,"isLock":null,"updated":null},{"symbol":"ITRN","date":1498147200000,"type":1,"subtype":5,"value":0.24,"recordDate":1498492800000,"divPayDate":null,"isLock":null,"updated":null},{"symbol":"ITRN","date":1489939200000,"type":1,"subtype":5,"value":0.4,"recordDate":1490112000000,"divPayDate":null,"isLock":null,"updated":null},{"symbol":"ITRN","date":1482422400000,"type":1,"subtype":5,"value":0.2,"recordDate":1482854400000,"divPayDate":null,"isLock":null,"updated":null},{"symbol":"ITRN","date":1474214400000,"type":1,"subtype":5,"value":0.18,"recordDate":1474387200000,"divPayDate":null,"isLock":null,"updated":null},{"symbol":"ITRN","date":1466524800000,"type":1,"subtype":5,"value":0.17,"recordDate":1466524800000,"divPayDate":null,"isLock":null,"updated":null},{"symbol":"ITRN","date":1466352000000,"type":1,"subtype":5,"value":0.17,"recordDate":1466524800000,"divPayDate":null,"isLock":null,"updated":null},{"symbol":"ITRN","date":1458489600000,"type":1,"subtype":5,"value":0.31,"recordDate":1458662400000,"divPayDate":null,"isLock":null,"updated":null},{"symbol":"ITRN","date":1450627200000,"type":1,"subtype":5,"value":0.15,"recordDate":1450800000000,"divPayDate":null,"isLock":null,"updated":null},{"symbol":"ITRN","date":1442851200000,"type":1,"subtype":5,"value":0.14,"recordDate":1443024000000,"divPayDate":null,"isLock":null,"updated":null},{"symbol":"ITRN","date":1434297600000,"type":1,"subtype":5,"value":0.16,"recordDate":1434470400000,"divPayDate":null,"isLock":null,"updated":null},{"symbol":"ITRN","date":1426780800000,"type":1,"subtype":5,"value":0.33,"recordDate":1427126400000,"divPayDate":null,"isLock":null,"updated":null},{"symbol":"ITRN","date":1418918400000,"type":1,"subtype":5,"value":0.22,"recordDate":1419264000000,"divPayDate":null,"isLock":null,"updated":null},{"symbol":"ITRN","date":1410969600000,"type":1,"subtype":5,"value":0.19,"recordDate":1411315200000,"divPayDate":null,"isLock":null,"updated":null},{"symbol":"ITRN","date":1402848000000,"type":1,"subtype":5,"value":0.19,"recordDate":null,"divPayDate":null,"isLock":null,"updated":null},{"symbol":"ITRN","date":1395590400000,"type":1,"subtype":5,"value":0.38,"recordDate":null,"divPayDate":null,"isLock":null,"updated":null},{"symbol":"ITRN","date":1387382400000,"type":1,"subtype":5,"value":0.17,"recordDate":null,"divPayDate":null,"isLock":null,"updated":null},{"symbol":"ITRN","date":1379001600000,"type":1,"subtype":5,"value":0.17,"recordDate":null,"divPayDate":null,"isLock":null,"updated":null},{"symbol":"ITRN","date":1372003200000,"type":1,"subtype":5,"value":0.14,"recordDate":null,"divPayDate":null,"isLock":null,"updated":null},{"symbol":"ITRN","date":1363622400000,"type":1,"subtype":5,"value":0.33,"recordDate":null,"divPayDate":null,"isLock":null,"updated":null},{"symbol":"ITRN","date":1356019200000,"type":1,"subtype":5,"value":0.12,"recordDate":null,"divPayDate":null,"isLock":null,"updated":null},{"symbol":"ITRN","date":1348070400000,"type":1,"subtype":5,"value":0.24,"recordDate":null,"divPayDate":null,"isLock":null,"updated":null}]}