{"list":[{"symbol":"ITW","date":1561564800000,"type":1,"subtype":5,"value":1.0,"recordDate":1561651200000,"divPayDate":null,"isLock":null,"updated":null},{"symbol":"ITW","date":1553702400000,"type":1,"subtype":5,"value":1.0,"recordDate":1553788800000,"divPayDate":null,"isLock":null,"updated":null},{"symbol":"ITW","date":1545926400000,"type":1,"subtype":5,"value":1.0,"recordDate":1546185600000,"divPayDate":null,"isLock":null,"updated":null},{"symbol":"ITW","date":1537977600000,"type":1,"subtype":5,"value":1.0,"recordDate":1538064000000,"divPayDate":null,"isLock":null,"updated":null},{"symbol":"ITW","date":1530115200000,"type":1,"subtype":5,"value":0.78,"recordDate":null,"divPayDate":null,"isLock":null,"updated":null},{"symbol":"ITW","date":1522166400000,"type":1,"subtype":5,"value":0.78,"recordDate":1522339200000,"divPayDate":null,"isLock":null,"updated":null},{"symbol":"ITW","date":1514390400000,"type":1,"subtype":5,"value":0.78,"recordDate":1514476800000,"divPayDate":null,"isLock":null,"updated":null},{"symbol":"ITW","date":1506528000000,"type":1,"subtype":5,"value":0.78,"recordDate":1506614400000,"divPayDate":null,"isLock":null,"updated":null},{"symbol":"ITW","date":1498579200000,"type":1,"subtype":5,"value":0.65,"recordDate":1498752000000,"divPayDate":null,"isLock":null,"updated":null},{"symbol":"ITW","date":1490716800000,"type":1,"subtype":5,"value":0.65,"recordDate":1490889600000,"divPayDate":null,"isLock":null,"updated":null},{"symbol":"ITW","date":1482854400000,"type":1,"subtype":5,"value":0.65,"recordDate":1483027200000,"divPayDate":null,"isLock":null,"updated":null},{"symbol":"ITW","date":1474992000000,"type":1,"subtype":5,"value":0.65,"recordDate":1475164800000,"divPayDate":null,"isLock":null,"updated":null},{"symbol":"ITW","date":1467043200000,"type":1,"subtype":5,"value":0.55,"recordDate":1467216000000,"divPayDate":null,"isLock":null,"updated":null},{"symbol":"ITW","date":1459180800000,"type":1,"subtype":5,"value":0.55,"recordDate":1459353600000,"divPayDate":null,"isLock":null,"updated":null},{"symbol":"ITW","date":1451318400000,"type":1,"subtype":5,"value":0.55,"recordDate":1451491200000,"divPayDate":null,"isLock":null,"updated":null},{"symbol":"ITW","date":1443369600000,"type":1,"subtype":5,"value":0.55,"recordDate":1443542400000,"divPayDate":null,"isLock":null,"updated":null},{"symbol":"ITW","date":1435248000000,"type":1,"subtype":5,"value":0.485,"recordDate":1435593600000,"divPayDate":null,"isLock":null,"updated":null},{"symbol":"ITW","date":1427385600000,"type":1,"subtype":5,"value":0.485,"recordDate":1427731200000,"divPayDate":null,"isLock":null,"updated":null},{"symbol":"ITW","date":1419782400000,"type":1,"subtype":5,"value":0.485,"recordDate":1419955200000,"divPayDate":null,"isLock":null,"updated":null},{"symbol":"ITW","date":1411660800000,"type":1,"subtype":5,"value":0.485,"recordDate":1412006400000,"divPayDate":null,"isLock":null,"updated":null},{"symbol":"ITW","date":1403712000000,"type":1,"subtype":5,"value":0.42,"recordDate":null,"divPayDate":null,"isLock":null,"updated":null},{"symbol":"ITW","date":1395849600000,"type":1,"subtype":5,"value":0.42,"recordDate":null,"divPayDate":null,"isLock":null,"updated":null},{"symbol":"ITW","date":1388073600000,"type":1,"subtype":5,"value":0.42,"recordDate":null,"divPayDate":null,"isLock":null,"updated":null},{"symbol":"ITW","date":1380124800000,"type":1,"subtype":5,"value":0.42,"recordDate":null,"divPayDate":null,"isLock":null,"updated":null},{"symbol":"ITW","date":1372176000000,"type":1,"subtype":5,"value":0.38,"recordDate":null,"divPayDate":null,"isLock":null,"updated":null},{"symbol":"ITW","date":1364227200000,"type":1,"subtype":5,"value":0.38,"recordDate":null,"divPayDate":null,"isLock":null,"updated":null},{"symbol":"ITW","date":1356537600000,"type":1,"subtype":5,"value":0.38,"recordDate":null,"divPayDate":null,"isLock":null,"updated":null},{"symbol":"ITW","date":1355414400000,"type":1,"subtype":5,"value":0.38,"recordDate":null,"divPayDate":null,"isLock":null,"updated":null},{"symbol":"ITW","date":1348588800000,"type":1,"subtype":5,"value":0.38,"recordDate":null,"divPayDate":null,"isLock":null,"updated":null},{"symbol":"ITW","date":1148572800000,"type":2,"subtype":8,"value":2.0,"recordDate":1435593600000,"divPayDate":null,"isLock":null,"updated":null},{"symbol":"ITW","date":864748800000,"type":2,"subtype":8,"value":2.0,"recordDate":null,"divPayDate":null,"isLock":null,"updated":null},{"symbol":"ITW","date":740592000000,"type":2,"subtype":8,"value":2.0,"recordDate":null,"divPayDate":null,"isLock":null,"updated":null}]}