{"list":[{"symbol":"JBGS","date":1557417600000,"type":1,"subtype":5,"value":0.225,"recordDate":1557676800000,"divPayDate":null,"isLock":null,"updated":null},{"symbol":"JBGS","date":1545840000000,"type":1,"subtype":5,"value":0.325,"recordDate":null,"divPayDate":null,"isLock":null,"updated":null},{"symbol":"JBGS","date":1541692800000,"type":1,"subtype":5,"value":0.225,"recordDate":1542038400000,"divPayDate":null,"isLock":null,"updated":null},{"symbol":"JBGS","date":1534089600000,"type":1,"subtype":5,"value":0.225,"recordDate":1534176000000,"divPayDate":null,"isLock":null,"updated":null},{"symbol":"JBGS","date":1525968000000,"type":1,"subtype":5,"value":0.225,"recordDate":1526227200000,"divPayDate":null,"isLock":null,"updated":null},{"symbol":"JBGS","date":1514390400000,"type":1,"subtype":5,"value":0.225,"recordDate":1514476800000,"divPayDate":null,"isLock":null,"updated":null},{"symbol":"JBGS","date":1510848000000,"type":1,"subtype":5,"value":0.225,"recordDate":1511107200000,"divPayDate":null,"isLock":null,"updated":null}]}