{"list":[{"symbol":"JBN","date":1567008000000,"type":1,"subtype":5,"value":0.875,"recordDate":null,"divPayDate":null,"isLock":null,"updated":null},{"symbol":"JBN","date":1551196800000,"type":1,"subtype":5,"value":0.875,"recordDate":null,"divPayDate":null,"isLock":null,"updated":null},{"symbol":"JBN","date":1535558400000,"type":1,"subtype":5,"value":0.875,"recordDate":1535644800000,"divPayDate":null,"isLock":null,"updated":null},{"symbol":"JBN","date":1519660800000,"type":1,"subtype":5,"value":0.875,"recordDate":1519747200000,"divPayDate":null,"isLock":null,"updated":null},{"symbol":"JBN","date":1503936000000,"type":1,"subtype":5,"value":0.875,"recordDate":1504108800000,"divPayDate":null,"isLock":null,"updated":null},{"symbol":"JBN","date":1487865600000,"type":1,"subtype":5,"value":0.875,"recordDate":1488211200000,"divPayDate":null,"isLock":null,"updated":null},{"symbol":"JBN","date":1472400000000,"type":1,"subtype":5,"value":0.875,"recordDate":1472572800000,"divPayDate":null,"isLock":null,"updated":null},{"symbol":"JBN","date":1456329600000,"type":1,"subtype":5,"value":0.875,"recordDate":1456675200000,"divPayDate":null,"isLock":null,"updated":null},{"symbol":"JBN","date":1440604800000,"type":1,"subtype":5,"value":0.875,"recordDate":1440950400000,"divPayDate":null,"isLock":null,"updated":null},{"symbol":"JBN","date":1424793600000,"type":1,"subtype":5,"value":0.875,"recordDate":1424966400000,"divPayDate":null,"isLock":null,"updated":null},{"symbol":"JBN","date":1409068800000,"type":1,"subtype":5,"value":0.875,"recordDate":null,"divPayDate":null,"isLock":null,"updated":null},{"symbol":"JBN","date":1393344000000,"type":1,"subtype":5,"value":0.875,"recordDate":null,"divPayDate":null,"isLock":null,"updated":null},{"symbol":"JBN","date":1377619200000,"type":1,"subtype":5,"value":0.875,"recordDate":null,"divPayDate":null,"isLock":null,"updated":null},{"symbol":"JBN","date":1361808000000,"type":1,"subtype":5,"value":0.875,"recordDate":null,"divPayDate":null,"isLock":null,"updated":null},{"symbol":"JBN","date":1346169600000,"type":1,"subtype":5,"value":0.875,"recordDate":null,"divPayDate":null,"isLock":null,"updated":null}]}