{"list":[{"symbol":"JHY","date":1560355200000,"type":1,"subtype":5,"value":0.035,"recordDate":1560441600000,"divPayDate":null,"isLock":null,"updated":null},{"symbol":"JHY","date":1557763200000,"type":1,"subtype":5,"value":0.035,"recordDate":1557849600000,"divPayDate":null,"isLock":null,"updated":null},{"symbol":"JHY","date":1554998400000,"type":1,"subtype":5,"value":0.035,"recordDate":1555257600000,"divPayDate":null,"isLock":null,"updated":null},{"symbol":"JHY","date":1552492800000,"type":1,"subtype":5,"value":0.035,"recordDate":1552579200000,"divPayDate":null,"isLock":null,"updated":null},{"symbol":"JHY","date":1550073600000,"type":1,"subtype":5,"value":0.039,"recordDate":1550160000000,"divPayDate":null,"isLock":null,"updated":null},{"symbol":"JHY","date":1547395200000,"type":1,"subtype":5,"value":0.039,"recordDate":1547481600000,"divPayDate":null,"isLock":null,"updated":null},{"symbol":"JHY","date":1544630400000,"type":1,"subtype":5,"value":0.039,"recordDate":1544716800000,"divPayDate":null,"isLock":null,"updated":null},{"symbol":"JHY","date":1542124800000,"type":1,"subtype":5,"value":0.039,"recordDate":1542211200000,"divPayDate":null,"isLock":null,"updated":null},{"symbol":"JHY","date":1539273600000,"type":1,"subtype":5,"value":0.039,"recordDate":1539532800000,"divPayDate":null,"isLock":null,"updated":null},{"symbol":"JHY","date":1536768000000,"type":1,"subtype":5,"value":0.039,"recordDate":1536854400000,"divPayDate":null,"isLock":null,"updated":null},{"symbol":"JHY","date":1534176000000,"type":1,"subtype":5,"value":0.042,"recordDate":1534262400000,"divPayDate":null,"isLock":null,"updated":null},{"symbol":"JHY","date":1531324800000,"type":1,"subtype":5,"value":0.042,"recordDate":null,"divPayDate":null,"isLock":null,"updated":null},{"symbol":"JHY","date":1528905600000,"type":1,"subtype":5,"value":0.042,"recordDate":1528992000000,"divPayDate":null,"isLock":null,"updated":null},{"symbol":"JHY","date":1526227200000,"type":1,"subtype":5,"value":0.044,"recordDate":1526313600000,"divPayDate":null,"isLock":null,"updated":null},{"symbol":"JHY","date":1523462400000,"type":1,"subtype":5,"value":0.044,"recordDate":1523548800000,"divPayDate":null,"isLock":null,"updated":null},{"symbol":"JHY","date":1520956800000,"type":1,"subtype":5,"value":0.044,"recordDate":1521043200000,"divPayDate":null,"isLock":null,"updated":null},{"symbol":"JHY","date":1518537600000,"type":1,"subtype":5,"value":0.047,"recordDate":1518624000000,"divPayDate":null,"isLock":null,"updated":null},{"symbol":"JHY","date":1515600000000,"type":1,"subtype":5,"value":0.047,"recordDate":1515686400000,"divPayDate":null,"isLock":null,"updated":null},{"symbol":"JHY","date":1513180800000,"type":1,"subtype":5,"value":0.047,"recordDate":1513267200000,"divPayDate":null,"isLock":null,"updated":null},{"symbol":"JHY","date":1510588800000,"type":1,"subtype":5,"value":0.049,"recordDate":1510675200000,"divPayDate":null,"isLock":null,"updated":null},{"symbol":"JHY","date":1507737600000,"type":1,"subtype":5,"value":0.049,"recordDate":1507824000000,"divPayDate":null,"isLock":null,"updated":null},{"symbol":"JHY","date":1505318400000,"type":1,"subtype":5,"value":0.049,"recordDate":1505404800000,"divPayDate":null,"isLock":null,"updated":null},{"symbol":"JHY","date":1502380800000,"type":1,"subtype":5,"value":0.049,"recordDate":1502726400000,"divPayDate":null,"isLock":null,"updated":null},{"symbol":"JHY","date":1499788800000,"type":1,"subtype":5,"value":0.049,"recordDate":1499961600000,"divPayDate":null,"isLock":null,"updated":null},{"symbol":"JHY","date":1497283200000,"type":1,"subtype":5,"value":0.049,"recordDate":1497456000000,"divPayDate":null,"isLock":null,"updated":null},{"symbol":"JHY","date":1494432000000,"type":1,"subtype":5,"value":0.0555,"recordDate":1494777600000,"divPayDate":null,"isLock":null,"updated":null},{"symbol":"JHY","date":1491840000000,"type":1,"subtype":5,"value":0.0555,"recordDate":1492012800000,"divPayDate":null,"isLock":null,"updated":null},{"symbol":"JHY","date":1489334400000,"type":1,"subtype":5,"value":0.0555,"recordDate":1489507200000,"divPayDate":null,"isLock":null,"updated":null},{"symbol":"JHY","date":1486915200000,"type":1,"subtype":5,"value":0.0555,"recordDate":1487088000000,"divPayDate":null,"isLock":null,"updated":null},{"symbol":"JHY","date":1484064000000,"type":1,"subtype":5,"value":0.0555,"recordDate":1484236800000,"divPayDate":null,"isLock":null,"updated":null},{"symbol":"JHY","date":1481558400000,"type":1,"subtype":5,"value":0.0555,"recordDate":1481731200000,"divPayDate":null,"isLock":null,"updated":null},{"symbol":"JHY","date":1478707200000,"type":1,"subtype":5,"value":0.0555,"recordDate":1479139200000,"divPayDate":null,"isLock":null,"updated":null},{"symbol":"JHY","date":1476201600000,"type":1,"subtype":5,"value":0.0555,"recordDate":1476374400000,"divPayDate":null,"isLock":null,"updated":null},{"symbol":"JHY","date":1473696000000,"type":1,"subtype":5,"value":0.0555,"recordDate":1473868800000,"divPayDate":null,"isLock":null,"updated":null},{"symbol":"JHY","date":1470844800000,"type":1,"subtype":5,"value":0.057,"recordDate":1471190400000,"divPayDate":null,"isLock":null,"updated":null},{"symbol":"JHY","date":1468339200000,"type":1,"subtype":5,"value":0.057,"recordDate":1468512000000,"divPayDate":null,"isLock":null,"updated":null},{"symbol":"JHY","date":1465747200000,"type":1,"subtype":5,"value":0.057,"recordDate":1465920000000,"divPayDate":null,"isLock":null,"updated":null},{"symbol":"JHY","date":1462896000000,"type":1,"subtype":5,"value":0.057,"recordDate":1463068800000,"divPayDate":null,"isLock":null,"updated":null},{"symbol":"JHY","date":1460476800000,"type":1,"subtype":5,"value":0.057,"recordDate":1460649600000,"divPayDate":null,"isLock":null,"updated":null},{"symbol":"JHY","date":1457625600000,"type":1,"subtype":5,"value":0.057,"recordDate":1457971200000,"divPayDate":null,"isLock":null,"updated":null},{"symbol":"JHY","date":1455033600000,"type":1,"subtype":5,"value":0.057,"recordDate":1455206400000,"divPayDate":null,"isLock":null,"updated":null},{"symbol":"JHY","date":1452614400000,"type":1,"subtype":5,"value":0.057,"recordDate":1452787200000,"divPayDate":null,"isLock":null,"updated":null},{"symbol":"JHY","date":1449763200000,"type":1,"subtype":5,"value":0.057,"recordDate":1450108800000,"divPayDate":null,"isLock":null,"updated":null},{"symbol":"JHY","date":1447084800000,"type":1,"subtype":5,"value":0.057,"recordDate":1447344000000,"divPayDate":null,"isLock":null,"updated":null},{"symbol":"JHY","date":1444665600000,"type":1,"subtype":5,"value":0.057,"recordDate":1444838400000,"divPayDate":null,"isLock":null,"updated":null},{"symbol":"JHY","date":1441900800000,"type":1,"subtype":5,"value":0.057,"recordDate":1442246400000,"divPayDate":null,"isLock":null,"updated":null},{"symbol":"JHY","date":1440345600000,"type":1,"subtype":5,"value":0.057,"recordDate":1440518400000,"divPayDate":null,"isLock":null,"updated":null}]}