{"list":[{"symbol":"JKHY","date":1558454400000,"type":1,"subtype":5,"value":0.4,"recordDate":1558540800000,"divPayDate":null,"isLock":null,"updated":null},{"symbol":"JKHY","date":1551283200000,"type":1,"subtype":5,"value":0.4,"recordDate":1551369600000,"divPayDate":null,"isLock":null,"updated":null},{"symbol":"JKHY","date":1543507200000,"type":1,"subtype":5,"value":0.37,"recordDate":1543766400000,"divPayDate":null,"isLock":null,"updated":null},{"symbol":"JKHY","date":1536508800000,"type":1,"subtype":5,"value":0.37,"recordDate":1536595200000,"divPayDate":null,"isLock":null,"updated":null},{"symbol":"JKHY","date":1526918400000,"type":1,"subtype":5,"value":0.37,"recordDate":1527004800000,"divPayDate":null,"isLock":null,"updated":null},{"symbol":"JKHY","date":1519747200000,"type":1,"subtype":5,"value":0.37,"recordDate":1519833600000,"divPayDate":null,"isLock":null,"updated":null},{"symbol":"JKHY","date":1511884800000,"type":1,"subtype":5,"value":0.31,"recordDate":1511971200000,"divPayDate":null,"isLock":null,"updated":null},{"symbol":"JKHY","date":1504713600000,"type":1,"subtype":5,"value":0.31,"recordDate":1504800000000,"divPayDate":null,"isLock":null,"updated":null},{"symbol":"JKHY","date":1495382400000,"type":1,"subtype":5,"value":0.31,"recordDate":1495555200000,"divPayDate":null,"isLock":null,"updated":null},{"symbol":"JKHY","date":1488211200000,"type":1,"subtype":5,"value":0.31,"recordDate":1488384000000,"divPayDate":null,"isLock":null,"updated":null},{"symbol":"JKHY","date":1480348800000,"type":1,"subtype":5,"value":0.28,"recordDate":1480521600000,"divPayDate":null,"isLock":null,"updated":null},{"symbol":"JKHY","date":1472745600000,"type":1,"subtype":5,"value":0.28,"recordDate":1473177600000,"divPayDate":null,"isLock":null,"updated":null},{"symbol":"JKHY","date":1463932800000,"type":1,"subtype":5,"value":0.28,"recordDate":1464105600000,"divPayDate":null,"isLock":null,"updated":null},{"symbol":"JKHY","date":1456675200000,"type":1,"subtype":5,"value":0.28,"recordDate":1456848000000,"divPayDate":null,"isLock":null,"updated":null},{"symbol":"JKHY","date":1448553600000,"type":1,"subtype":5,"value":0.25,"recordDate":1448899200000,"divPayDate":null,"isLock":null,"updated":null},{"symbol":"JKHY","date":1441123200000,"type":1,"subtype":5,"value":0.25,"recordDate":1441296000000,"divPayDate":null,"isLock":null,"updated":null},{"symbol":"JKHY","date":1432137600000,"type":1,"subtype":5,"value":0.25,"recordDate":1432569600000,"divPayDate":null,"isLock":null,"updated":null},{"symbol":"JKHY","date":1424966400000,"type":1,"subtype":5,"value":0.25,"recordDate":1425312000000,"divPayDate":null,"isLock":null,"updated":null},{"symbol":"JKHY","date":1417104000000,"type":1,"subtype":5,"value":0.22,"recordDate":1417449600000,"divPayDate":null,"isLock":null,"updated":null},{"symbol":"JKHY","date":1409673600000,"type":1,"subtype":5,"value":0.22,"recordDate":1409846400000,"divPayDate":null,"isLock":null,"updated":null},{"symbol":"JKHY","date":1400083200000,"type":1,"subtype":5,"value":0.22,"recordDate":null,"divPayDate":null,"isLock":null,"updated":null},{"symbol":"JKHY","date":1393171200000,"type":1,"subtype":5,"value":0.22,"recordDate":null,"divPayDate":null,"isLock":null,"updated":null},{"symbol":"JKHY","date":1385481600000,"type":1,"subtype":5,"value":0.2,"recordDate":null,"divPayDate":null,"isLock":null,"updated":null},{"symbol":"JKHY","date":1378224000000,"type":1,"subtype":5,"value":0.2,"recordDate":null,"divPayDate":null,"isLock":null,"updated":null},{"symbol":"JKHY","date":1368547200000,"type":1,"subtype":5,"value":0.2,"recordDate":null,"divPayDate":null,"isLock":null,"updated":null},{"symbol":"JKHY","date":1361462400000,"type":1,"subtype":5,"value":0.13,"recordDate":null,"divPayDate":null,"isLock":null,"updated":null},{"symbol":"JKHY","date":1354118400000,"type":1,"subtype":5,"value":0.115,"recordDate":null,"divPayDate":null,"isLock":null,"updated":null},{"symbol":"JKHY","date":1346774400000,"type":1,"subtype":5,"value":0.115,"recordDate":null,"divPayDate":null,"isLock":null,"updated":null},{"symbol":"JKHY","date":1337184000000,"type":1,"subtype":5,"value":0.115,"recordDate":null,"divPayDate":null,"isLock":null,"updated":null},{"symbol":"JKHY","date":983721600000,"type":2,"subtype":8,"value":2.0,"recordDate":1432569600000,"divPayDate":null,"isLock":null,"updated":null},{"symbol":"JKHY","date":952012800000,"type":2,"subtype":8,"value":2.0,"recordDate":null,"divPayDate":null,"isLock":null,"updated":null},{"symbol":"JKHY","date":858268800000,"type":2,"subtype":8,"value":1.5,"recordDate":null,"divPayDate":null,"isLock":null,"updated":null}]}