{"list":[{"symbol":"JPS","date":1560355200000,"type":1,"subtype":5,"value":0.056,"recordDate":1560441600000,"divPayDate":null,"isLock":null,"updated":null},{"symbol":"JPS","date":1557763200000,"type":1,"subtype":5,"value":0.056,"recordDate":1557849600000,"divPayDate":null,"isLock":null,"updated":null},{"symbol":"JPS","date":1554998400000,"type":1,"subtype":5,"value":0.056,"recordDate":1555257600000,"divPayDate":null,"isLock":null,"updated":null},{"symbol":"JPS","date":1552492800000,"type":1,"subtype":5,"value":0.056,"recordDate":1552579200000,"divPayDate":null,"isLock":null,"updated":null},{"symbol":"JPS","date":1550073600000,"type":1,"subtype":5,"value":0.056,"recordDate":1550160000000,"divPayDate":null,"isLock":null,"updated":null},{"symbol":"JPS","date":1547395200000,"type":1,"subtype":5,"value":0.056,"recordDate":1547481600000,"divPayDate":null,"isLock":null,"updated":null},{"symbol":"JPS","date":1544630400000,"type":1,"subtype":5,"value":0.056,"recordDate":1544716800000,"divPayDate":null,"isLock":null,"updated":null},{"symbol":"JPS","date":1542124800000,"type":1,"subtype":5,"value":0.056,"recordDate":1542211200000,"divPayDate":null,"isLock":null,"updated":null},{"symbol":"JPS","date":1539273600000,"type":1,"subtype":5,"value":0.056,"recordDate":1539532800000,"divPayDate":null,"isLock":null,"updated":null},{"symbol":"JPS","date":1536768000000,"type":1,"subtype":5,"value":0.056,"recordDate":1536854400000,"divPayDate":null,"isLock":null,"updated":null},{"symbol":"JPS","date":1534176000000,"type":1,"subtype":5,"value":0.056,"recordDate":1534262400000,"divPayDate":null,"isLock":null,"updated":null},{"symbol":"JPS","date":1531324800000,"type":1,"subtype":5,"value":0.056,"recordDate":null,"divPayDate":null,"isLock":null,"updated":null},{"symbol":"JPS","date":1528905600000,"type":1,"subtype":5,"value":0.056,"recordDate":1528992000000,"divPayDate":null,"isLock":null,"updated":null},{"symbol":"JPS","date":1526227200000,"type":1,"subtype":5,"value":0.062,"recordDate":1526313600000,"divPayDate":null,"isLock":null,"updated":null},{"symbol":"JPS","date":1523462400000,"type":1,"subtype":5,"value":0.062,"recordDate":1523548800000,"divPayDate":null,"isLock":null,"updated":null},{"symbol":"JPS","date":1520956800000,"type":1,"subtype":5,"value":0.062,"recordDate":1521043200000,"divPayDate":null,"isLock":null,"updated":null},{"symbol":"JPS","date":1518537600000,"type":1,"subtype":5,"value":0.062,"recordDate":1518624000000,"divPayDate":null,"isLock":null,"updated":null},{"symbol":"JPS","date":1515600000000,"type":1,"subtype":5,"value":0.062,"recordDate":1515686400000,"divPayDate":null,"isLock":null,"updated":null},{"symbol":"JPS","date":1513180800000,"type":1,"subtype":5,"value":0.062,"recordDate":1513267200000,"divPayDate":null,"isLock":null,"updated":null},{"symbol":"JPS","date":1510588800000,"type":1,"subtype":5,"value":0.062,"recordDate":1510675200000,"divPayDate":null,"isLock":null,"updated":null},{"symbol":"JPS","date":1507737600000,"type":1,"subtype":5,"value":0.062,"recordDate":1507824000000,"divPayDate":null,"isLock":null,"updated":null},{"symbol":"JPS","date":1505318400000,"type":1,"subtype":5,"value":0.062,"recordDate":1505404800000,"divPayDate":null,"isLock":null,"updated":null},{"symbol":"JPS","date":1502380800000,"type":1,"subtype":5,"value":0.062,"recordDate":1502726400000,"divPayDate":null,"isLock":null,"updated":null},{"symbol":"JPS","date":1499788800000,"type":1,"subtype":5,"value":0.062,"recordDate":1499961600000,"divPayDate":null,"isLock":null,"updated":null},{"symbol":"JPS","date":1497283200000,"type":1,"subtype":5,"value":0.062,"recordDate":1497456000000,"divPayDate":null,"isLock":null,"updated":null},{"symbol":"JPS","date":1494432000000,"type":1,"subtype":5,"value":0.062,"recordDate":1494777600000,"divPayDate":null,"isLock":null,"updated":null},{"symbol":"JPS","date":1491840000000,"type":1,"subtype":5,"value":0.062,"recordDate":1492012800000,"divPayDate":null,"isLock":null,"updated":null},{"symbol":"JPS","date":1489334400000,"type":1,"subtype":5,"value":0.062,"recordDate":1489507200000,"divPayDate":null,"isLock":null,"updated":null},{"symbol":"JPS","date":1486915200000,"type":1,"subtype":5,"value":0.062,"recordDate":1487088000000,"divPayDate":null,"isLock":null,"updated":null},{"symbol":"JPS","date":1484064000000,"type":1,"subtype":5,"value":0.062,"recordDate":1484236800000,"divPayDate":null,"isLock":null,"updated":null},{"symbol":"JPS","date":1481558400000,"type":1,"subtype":5,"value":0.062,"recordDate":1481731200000,"divPayDate":null,"isLock":null,"updated":null},{"symbol":"JPS","date":1478707200000,"type":1,"subtype":5,"value":0.062,"recordDate":1479139200000,"divPayDate":null,"isLock":null,"updated":null},{"symbol":"JPS","date":1476201600000,"type":1,"subtype":5,"value":0.062,"recordDate":1476374400000,"divPayDate":null,"isLock":null,"updated":null},{"symbol":"JPS","date":1473696000000,"type":1,"subtype":5,"value":0.062,"recordDate":1473868800000,"divPayDate":null,"isLock":null,"updated":null},{"symbol":"JPS","date":1470844800000,"type":1,"subtype":5,"value":0.062,"recordDate":1471190400000,"divPayDate":null,"isLock":null,"updated":null},{"symbol":"JPS","date":1468339200000,"type":1,"subtype":5,"value":0.062,"recordDate":1468512000000,"divPayDate":null,"isLock":null,"updated":null},{"symbol":"JPS","date":1465747200000,"type":1,"subtype":5,"value":0.059,"recordDate":1465920000000,"divPayDate":null,"isLock":null,"updated":null},{"symbol":"JPS","date":1463414400000,"type":1,"subtype":5,"value":0.0457,"recordDate":1463587200000,"divPayDate":null,"isLock":null,"updated":null},{"symbol":"JPS","date":1462291200000,"type":1,"subtype":5,"value":0.0123,"recordDate":1462464000000,"divPayDate":null,"isLock":null,"updated":null},{"symbol":"JPS","date":1460476800000,"type":1,"subtype":5,"value":0.058,"recordDate":1460649600000,"divPayDate":null,"isLock":null,"updated":null},{"symbol":"JPS","date":1457625600000,"type":1,"subtype":5,"value":0.058,"recordDate":1457971200000,"divPayDate":null,"isLock":null,"updated":null},{"symbol":"JPS","date":1455033600000,"type":1,"subtype":5,"value":0.058,"recordDate":1455206400000,"divPayDate":null,"isLock":null,"updated":null},{"symbol":"JPS","date":1452614400000,"type":1,"subtype":5,"value":0.058,"recordDate":1452787200000,"divPayDate":null,"isLock":null,"updated":null},{"symbol":"JPS","date":1449763200000,"type":1,"subtype":5,"value":0.058,"recordDate":1450108800000,"divPayDate":null,"isLock":null,"updated":null},{"symbol":"JPS","date":1447084800000,"type":1,"subtype":5,"value":0.058,"recordDate":1447344000000,"divPayDate":null,"isLock":null,"updated":null},{"symbol":"JPS","date":1444665600000,"type":1,"subtype":5,"value":0.058,"recordDate":1444838400000,"divPayDate":null,"isLock":null,"updated":null},{"symbol":"JPS","date":1441900800000,"type":1,"subtype":5,"value":0.058,"recordDate":1442246400000,"divPayDate":null,"isLock":null,"updated":null},{"symbol":"JPS","date":1439308800000,"type":1,"subtype":5,"value":0.058,"recordDate":1439481600000,"divPayDate":null,"isLock":null,"updated":null},{"symbol":"JPS","date":1436716800000,"type":1,"subtype":5,"value":0.058,"recordDate":1436889600000,"divPayDate":null,"isLock":null,"updated":null},{"symbol":"JPS","date":1433952000000,"type":1,"subtype":5,"value":0.058,"recordDate":1434297600000,"divPayDate":null,"isLock":null,"updated":null},{"symbol":"JPS","date":1431446400000,"type":1,"subtype":5,"value":0.058,"recordDate":1431619200000,"divPayDate":null,"isLock":null,"updated":null},{"symbol":"JPS","date":1428854400000,"type":1,"subtype":5,"value":0.058,"recordDate":1429027200000,"divPayDate":null,"isLock":null,"updated":null},{"symbol":"JPS","date":1426003200000,"type":1,"subtype":5,"value":0.058,"recordDate":1426176000000,"divPayDate":null,"isLock":null,"updated":null},{"symbol":"JPS","date":1423584000000,"type":1,"subtype":5,"value":0.058,"recordDate":1423756800000,"divPayDate":null,"isLock":null,"updated":null},{"symbol":"JPS","date":1421078400000,"type":1,"subtype":5,"value":0.058,"recordDate":1421251200000,"divPayDate":null,"isLock":null,"updated":null},{"symbol":"JPS","date":1419264000000,"type":1,"subtype":5,"value":0.0488,"recordDate":1419523200000,"divPayDate":null,"isLock":null,"updated":null},{"symbol":"JPS","date":1418227200000,"type":1,"subtype":5,"value":0.056,"recordDate":1418572800000,"divPayDate":null,"isLock":null,"updated":null},{"symbol":"JPS","date":1415721600000,"type":1,"subtype":5,"value":0.055,"recordDate":1415894400000,"divPayDate":null,"isLock":null,"updated":null},{"symbol":"JPS","date":1412870400000,"type":1,"subtype":5,"value":0.055,"recordDate":1413302400000,"divPayDate":null,"isLock":null,"updated":null},{"symbol":"JPS","date":1410364800000,"type":1,"subtype":5,"value":0.055,"recordDate":1410710400000,"divPayDate":null,"isLock":null,"updated":null},{"symbol":"JPS","date":1407859200000,"type":1,"subtype":5,"value":0.055,"recordDate":1408032000000,"divPayDate":null,"isLock":null,"updated":null},{"symbol":"JPS","date":1405008000000,"type":1,"subtype":5,"value":0.055,"recordDate":1405353600000,"divPayDate":null,"isLock":null,"updated":null},{"symbol":"JPS","date":1402416000000,"type":1,"subtype":5,"value":0.055,"recordDate":null,"divPayDate":null,"isLock":null,"updated":null},{"symbol":"JPS","date":1399910400000,"type":1,"subtype":5,"value":0.055,"recordDate":null,"divPayDate":null,"isLock":null,"updated":null},{"symbol":"JPS","date":1397145600000,"type":1,"subtype":5,"value":0.055,"recordDate":null,"divPayDate":null,"isLock":null,"updated":null},{"symbol":"JPS","date":1394553600000,"type":1,"subtype":5,"value":0.055,"recordDate":null,"divPayDate":null,"isLock":null,"updated":null},{"symbol":"JPS","date":1392134400000,"type":1,"subtype":5,"value":0.055,"recordDate":null,"divPayDate":null,"isLock":null,"updated":null},{"symbol":"JPS","date":1389542400000,"type":1,"subtype":5,"value":0.055,"recordDate":null,"divPayDate":null,"isLock":null,"updated":null},{"symbol":"JPS","date":1386691200000,"type":1,"subtype":5,"value":0.055,"recordDate":null,"divPayDate":null,"isLock":null,"updated":null},{"symbol":"JPS","date":1384272000000,"type":1,"subtype":5,"value":0.055,"recordDate":null,"divPayDate":null,"isLock":null,"updated":null},{"symbol":"JPS","date":1381334400000,"type":1,"subtype":5,"value":0.055,"recordDate":null,"divPayDate":null,"isLock":null,"updated":null},{"symbol":"JPS","date":1378828800000,"type":1,"subtype":5,"value":0.055,"recordDate":null,"divPayDate":null,"isLock":null,"updated":null},{"symbol":"JPS","date":1376323200000,"type":1,"subtype":5,"value":0.055,"recordDate":null,"divPayDate":null,"isLock":null,"updated":null},{"symbol":"JPS","date":1373472000000,"type":1,"subtype":5,"value":0.055,"recordDate":null,"divPayDate":null,"isLock":null,"updated":null},{"symbol":"JPS","date":1370966400000,"type":1,"subtype":5,"value":0.055,"recordDate":null,"divPayDate":null,"isLock":null,"updated":null},{"symbol":"JPS","date":1368374400000,"type":1,"subtype":5,"value":0.055,"recordDate":null,"divPayDate":null,"isLock":null,"updated":null},{"symbol":"JPS","date":1365609600000,"type":1,"subtype":5,"value":0.055,"recordDate":null,"divPayDate":null,"isLock":null,"updated":null},{"symbol":"JPS","date":1363104000000,"type":1,"subtype":5,"value":0.055,"recordDate":null,"divPayDate":null,"isLock":null,"updated":null},{"symbol":"JPS","date":1360684800000,"type":1,"subtype":5,"value":0.055,"recordDate":null,"divPayDate":null,"isLock":null,"updated":null},{"symbol":"JPS","date":1357833600000,"type":1,"subtype":5,"value":0.055,"recordDate":null,"divPayDate":null,"isLock":null,"updated":null},{"symbol":"JPS","date":1355241600000,"type":1,"subtype":5,"value":0.055,"recordDate":null,"divPayDate":null,"isLock":null,"updated":null},{"symbol":"JPS","date":1352736000000,"type":1,"subtype":5,"value":0.055,"recordDate":null,"divPayDate":null,"isLock":null,"updated":null},{"symbol":"JPS","date":1349884800000,"type":1,"subtype":5,"value":0.055,"recordDate":null,"divPayDate":null,"isLock":null,"updated":null},{"symbol":"JPS","date":1347379200000,"type":1,"subtype":5,"value":0.055,"recordDate":null,"divPayDate":null,"isLock":null,"updated":null},{"symbol":"JPS","date":1344787200000,"type":1,"subtype":5,"value":0.055,"recordDate":null,"divPayDate":null,"isLock":null,"updated":null}]}