{"list":[{"symbol":"KEM","date":1559059200000,"type":1,"subtype":5,"value":0.05,"recordDate":1559145600000,"divPayDate":null,"isLock":null,"updated":null},{"symbol":"KEM","date":1549987200000,"type":1,"subtype":5,"value":0.05,"recordDate":1550073600000,"divPayDate":null,"isLock":null,"updated":null},{"symbol":"KEM","date":1542211200000,"type":1,"subtype":5,"value":0.05,"recordDate":1542297600000,"divPayDate":null,"isLock":null,"updated":null},{"symbol":"KEM","date":1539532800000,"type":1,"subtype":5,"value":0.05,"recordDate":null,"divPayDate":null,"isLock":null,"updated":null},{"symbol":"KEM","date":1289145600000,"type":2,"subtype":7,"value":0.33333,"recordDate":1397491200000,"divPayDate":null,"isLock":null,"updated":null}]}