{"list":[{"symbol":"KEQU","date":1559750400000,"type":1,"subtype":5,"value":0.19,"recordDate":1559836800000,"divPayDate":null,"isLock":null,"updated":null},{"symbol":"KEQU","date":1551974400000,"type":1,"subtype":5,"value":0.19,"recordDate":1552233600000,"divPayDate":null,"isLock":null,"updated":null},{"symbol":"KEQU","date":1543766400000,"type":1,"subtype":5,"value":0.19,"recordDate":1543852800000,"divPayDate":null,"isLock":null,"updated":null},{"symbol":"KEQU","date":1536508800000,"type":1,"subtype":5,"value":0.19,"recordDate":1536595200000,"divPayDate":null,"isLock":null,"updated":null},{"symbol":"KEQU","date":1528300800000,"type":1,"subtype":5,"value":0.17,"recordDate":1528387200000,"divPayDate":null,"isLock":null,"updated":null},{"symbol":"KEQU","date":1520438400000,"type":1,"subtype":5,"value":0.17,"recordDate":1520524800000,"divPayDate":null,"isLock":null,"updated":null},{"symbol":"KEQU","date":1512057600000,"type":1,"subtype":5,"value":0.17,"recordDate":1512316800000,"divPayDate":null,"isLock":null,"updated":null},{"symbol":"KEQU","date":1504800000000,"type":1,"subtype":5,"value":0.17,"recordDate":1505059200000,"divPayDate":null,"isLock":null,"updated":null},{"symbol":"KEQU","date":1496851200000,"type":1,"subtype":5,"value":0.15,"recordDate":1497196800000,"divPayDate":null,"isLock":null,"updated":null},{"symbol":"KEQU","date":1488902400000,"type":1,"subtype":5,"value":0.15,"recordDate":1489075200000,"divPayDate":null,"isLock":null,"updated":null},{"symbol":"KEQU","date":1480521600000,"type":1,"subtype":5,"value":0.15,"recordDate":1480867200000,"divPayDate":null,"isLock":null,"updated":null},{"symbol":"KEQU","date":1473264000000,"type":1,"subtype":5,"value":0.15,"recordDate":1473609600000,"divPayDate":null,"isLock":null,"updated":null},{"symbol":"KEQU","date":1465401600000,"type":1,"subtype":5,"value":0.13,"recordDate":1465747200000,"divPayDate":null,"isLock":null,"updated":null},{"symbol":"KEQU","date":1457539200000,"type":1,"subtype":5,"value":0.13,"recordDate":1457884800000,"divPayDate":null,"isLock":null,"updated":null},{"symbol":"KEQU","date":1449072000000,"type":1,"subtype":5,"value":0.13,"recordDate":1449417600000,"divPayDate":null,"isLock":null,"updated":null},{"symbol":"KEQU","date":1441209600000,"type":1,"subtype":5,"value":0.13,"recordDate":1441641600000,"divPayDate":null,"isLock":null,"updated":null},{"symbol":"KEQU","date":1433865600000,"type":1,"subtype":5,"value":0.12,"recordDate":1434038400000,"divPayDate":null,"isLock":null,"updated":null},{"symbol":"KEQU","date":1426003200000,"type":1,"subtype":5,"value":0.12,"recordDate":1426176000000,"divPayDate":null,"isLock":null,"updated":null},{"symbol":"KEQU","date":1417536000000,"type":1,"subtype":5,"value":0.12,"recordDate":1417708800000,"divPayDate":null,"isLock":null,"updated":null},{"symbol":"KEQU","date":1409760000000,"type":1,"subtype":5,"value":0.12,"recordDate":1410105600000,"divPayDate":null,"isLock":null,"updated":null},{"symbol":"KEQU","date":1401811200000,"type":1,"subtype":5,"value":0.11,"recordDate":null,"divPayDate":null,"isLock":null,"updated":null},{"symbol":"KEQU","date":1394553600000,"type":1,"subtype":5,"value":0.11,"recordDate":null,"divPayDate":null,"isLock":null,"updated":null},{"symbol":"KEQU","date":1386086400000,"type":1,"subtype":5,"value":0.11,"recordDate":null,"divPayDate":null,"isLock":null,"updated":null},{"symbol":"KEQU","date":1378396800000,"type":1,"subtype":5,"value":0.11,"recordDate":null,"divPayDate":null,"isLock":null,"updated":null},{"symbol":"KEQU","date":1370448000000,"type":1,"subtype":5,"value":0.1,"recordDate":null,"divPayDate":null,"isLock":null,"updated":null},{"symbol":"KEQU","date":1362499200000,"type":1,"subtype":5,"value":0.1,"recordDate":null,"divPayDate":null,"isLock":null,"updated":null},{"symbol":"KEQU","date":1354636800000,"type":1,"subtype":5,"value":0.1,"recordDate":null,"divPayDate":null,"isLock":null,"updated":null},{"symbol":"KEQU","date":1346169600000,"type":1,"subtype":5,"value":0.1,"recordDate":null,"divPayDate":null,"isLock":null,"updated":null},{"symbol":"KEQU","date":473875200000,"type":2,"subtype":8,"value":1.5,"recordDate":1434038400000,"divPayDate":null,"isLock":null,"updated":null},{"symbol":"KEQU","date":442080000000,"type":2,"subtype":8,"value":1.5,"recordDate":null,"divPayDate":null,"isLock":null,"updated":null}]}