{"list":[{"symbol":"KF","date":1545321600000,"type":1,"subtype":5,"value":5.22608,"recordDate":null,"divPayDate":null,"isLock":null,"updated":null},{"symbol":"KF","date":1513872000000,"type":1,"subtype":5,"value":4.02471,"recordDate":1514217600000,"divPayDate":null,"isLock":null,"updated":null},{"symbol":"KF","date":1482336000000,"type":1,"subtype":5,"value":0.32752,"recordDate":1482768000000,"divPayDate":null,"isLock":null,"updated":null},{"symbol":"KF","date":1450800000000,"type":1,"subtype":5,"value":8.7,"recordDate":1451232000000,"divPayDate":null,"isLock":null,"updated":null},{"symbol":"KF","date":1325001600000,"type":1,"subtype":5,"value":5.45,"recordDate":null,"divPayDate":null,"isLock":null,"updated":null},{"symbol":"KF","date":1229875200000,"type":2,"subtype":7,"value":0.1,"recordDate":1325174400000,"divPayDate":null,"isLock":null,"updated":null},{"symbol":"KF","date":592588800000,"type":2,"subtype":8,"value":3.0,"recordDate":null,"divPayDate":null,"isLock":null,"updated":null}]}