{"list":[{"symbol":"KFRC","date":1559750400000,"type":1,"subtype":5,"value":0.18,"recordDate":1559836800000,"divPayDate":null,"isLock":null,"updated":null},{"symbol":"KFRC","date":1551888000000,"type":1,"subtype":5,"value":0.18,"recordDate":1551974400000,"divPayDate":null,"isLock":null,"updated":null},{"symbol":"KFRC","date":1544025600000,"type":1,"subtype":5,"value":0.18,"recordDate":1544112000000,"divPayDate":null,"isLock":null,"updated":null},{"symbol":"KFRC","date":1536163200000,"type":1,"subtype":5,"value":0.18,"recordDate":1536249600000,"divPayDate":null,"isLock":null,"updated":null},{"symbol":"KFRC","date":1528300800000,"type":1,"subtype":5,"value":0.12,"recordDate":1528387200000,"divPayDate":null,"isLock":null,"updated":null},{"symbol":"KFRC","date":1520438400000,"type":1,"subtype":5,"value":0.12,"recordDate":1520524800000,"divPayDate":null,"isLock":null,"updated":null},{"symbol":"KFRC","date":1512576000000,"type":1,"subtype":5,"value":0.12,"recordDate":1512662400000,"divPayDate":null,"isLock":null,"updated":null},{"symbol":"KFRC","date":1504713600000,"type":1,"subtype":5,"value":0.12,"recordDate":1504800000000,"divPayDate":null,"isLock":null,"updated":null},{"symbol":"KFRC","date":1496764800000,"type":1,"subtype":5,"value":0.12,"recordDate":1496937600000,"divPayDate":null,"isLock":null,"updated":null},{"symbol":"KFRC","date":1488902400000,"type":1,"subtype":5,"value":0.12,"recordDate":1489075200000,"divPayDate":null,"isLock":null,"updated":null},{"symbol":"KFRC","date":1481040000000,"type":1,"subtype":5,"value":0.12,"recordDate":1481212800000,"divPayDate":null,"isLock":null,"updated":null},{"symbol":"KFRC","date":1473177600000,"type":1,"subtype":5,"value":0.12,"recordDate":1473350400000,"divPayDate":null,"isLock":null,"updated":null},{"symbol":"KFRC","date":1465315200000,"type":1,"subtype":5,"value":0.12,"recordDate":1465488000000,"divPayDate":null,"isLock":null,"updated":null},{"symbol":"KFRC","date":1457452800000,"type":1,"subtype":5,"value":0.12,"recordDate":1457625600000,"divPayDate":null,"isLock":null,"updated":null},{"symbol":"KFRC","date":1449590400000,"type":1,"subtype":5,"value":0.12,"recordDate":1449763200000,"divPayDate":null,"isLock":null,"updated":null},{"symbol":"KFRC","date":1441728000000,"type":1,"subtype":5,"value":0.11,"recordDate":1441900800000,"divPayDate":null,"isLock":null,"updated":null},{"symbol":"KFRC","date":1433865600000,"type":1,"subtype":5,"value":0.11,"recordDate":1434038400000,"divPayDate":null,"isLock":null,"updated":null},{"symbol":"KFRC","date":1426003200000,"type":1,"subtype":5,"value":0.11,"recordDate":1426176000000,"divPayDate":null,"isLock":null,"updated":null},{"symbol":"KFRC","date":1418140800000,"type":1,"subtype":5,"value":0.11,"recordDate":1418313600000,"divPayDate":null,"isLock":null,"updated":null},{"symbol":"KFRC","date":1410278400000,"type":1,"subtype":5,"value":0.1,"recordDate":1410451200000,"divPayDate":null,"isLock":null,"updated":null},{"symbol":"KFRC","date":1402416000000,"type":1,"subtype":5,"value":0.1,"recordDate":null,"divPayDate":null,"isLock":null,"updated":null},{"symbol":"KFRC","date":1394553600000,"type":1,"subtype":5,"value":0.1,"recordDate":null,"divPayDate":null,"isLock":null,"updated":null},{"symbol":"KFRC","date":1386777600000,"type":1,"subtype":5,"value":0.1,"recordDate":null,"divPayDate":null,"isLock":null,"updated":null},{"symbol":"KFRC","date":1355328000000,"type":1,"subtype":5,"value":1.0,"recordDate":null,"divPayDate":null,"isLock":null,"updated":null},{"symbol":"KFRC","date":877276800000,"type":2,"subtype":8,"value":2.0,"recordDate":1441900800000,"divPayDate":null,"isLock":null,"updated":null},{"symbol":"KFRC","date":832780800000,"type":2,"subtype":8,"value":2.0,"recordDate":null,"divPayDate":null,"isLock":null,"updated":null}]}