{"list":[{"symbol":"KMPA","date":1557331200000,"type":1,"subtype":5,"value":0.46094,"recordDate":null,"divPayDate":null,"isLock":null,"updated":null},{"symbol":"KMPA","date":1549814400000,"type":1,"subtype":5,"value":0.46094,"recordDate":null,"divPayDate":null,"isLock":null,"updated":null},{"symbol":"KMPA","date":1541606400000,"type":1,"subtype":5,"value":0.46094,"recordDate":null,"divPayDate":null,"isLock":null,"updated":null},{"symbol":"KMPA","date":1533744000000,"type":1,"subtype":5,"value":0.46094,"recordDate":null,"divPayDate":null,"isLock":null,"updated":null},{"symbol":"KMPA","date":1525881600000,"type":1,"subtype":5,"value":0.46094,"recordDate":null,"divPayDate":null,"isLock":null,"updated":null},{"symbol":"KMPA","date":1518105600000,"type":1,"subtype":5,"value":0.46094,"recordDate":1518364800000,"divPayDate":null,"isLock":null,"updated":null},{"symbol":"KMPA","date":1510156800000,"type":1,"subtype":5,"value":0.46094,"recordDate":1510243200000,"divPayDate":null,"isLock":null,"updated":null},{"symbol":"KMPA","date":1502208000000,"type":1,"subtype":5,"value":0.46094,"recordDate":1502380800000,"divPayDate":null,"isLock":null,"updated":null},{"symbol":"KMPA","date":1494345600000,"type":1,"subtype":5,"value":0.46094,"recordDate":1494518400000,"divPayDate":null,"isLock":null,"updated":null},{"symbol":"KMPA","date":1486483200000,"type":1,"subtype":5,"value":0.46094,"recordDate":1486656000000,"divPayDate":null,"isLock":null,"updated":null},{"symbol":"KMPA","date":1478534400000,"type":1,"subtype":5,"value":0.46094,"recordDate":1478707200000,"divPayDate":null,"isLock":null,"updated":null},{"symbol":"KMPA","date":1470758400000,"type":1,"subtype":5,"value":0.46094,"recordDate":1470931200000,"divPayDate":null,"isLock":null,"updated":null},{"symbol":"KMPA","date":1462809600000,"type":1,"subtype":5,"value":0.46094,"recordDate":1462982400000,"divPayDate":null,"isLock":null,"updated":null},{"symbol":"KMPA","date":1455033600000,"type":1,"subtype":5,"value":0.46094,"recordDate":1455206400000,"divPayDate":null,"isLock":null,"updated":null},{"symbol":"KMPA","date":1446998400000,"type":1,"subtype":5,"value":0.46094,"recordDate":1447257600000,"divPayDate":null,"isLock":null,"updated":null},{"symbol":"KMPA","date":1439136000000,"type":1,"subtype":5,"value":0.46094,"recordDate":1439308800000,"divPayDate":null,"isLock":null,"updated":null},{"symbol":"KMPA","date":1431014400000,"type":1,"subtype":5,"value":0.46094,"recordDate":1431360000000,"divPayDate":null,"isLock":null,"updated":null},{"symbol":"KMPA","date":1423497600000,"type":1,"subtype":5,"value":0.46094,"recordDate":1423670400000,"divPayDate":null,"isLock":null,"updated":null},{"symbol":"KMPA","date":1415289600000,"type":1,"subtype":5,"value":0.46094,"recordDate":1415721600000,"divPayDate":null,"isLock":null,"updated":null},{"symbol":"KMPA","date":1407427200000,"type":1,"subtype":5,"value":0.46094,"recordDate":1407772800000,"divPayDate":null,"isLock":null,"updated":null},{"symbol":"KMPA","date":1399478400000,"type":1,"subtype":5,"value":0.46094,"recordDate":null,"divPayDate":null,"isLock":null,"updated":null}]}