{"list":[{"symbol":"KNOP","date":1556640000000,"type":1,"subtype":5,"value":0.52,"recordDate":1556726400000,"divPayDate":null,"isLock":null,"updated":null},{"symbol":"KNOP","date":1548864000000,"type":1,"subtype":5,"value":0.52,"recordDate":1548950400000,"divPayDate":null,"isLock":null,"updated":null},{"symbol":"KNOP","date":1540915200000,"type":1,"subtype":5,"value":0.52,"recordDate":1541001600000,"divPayDate":null,"isLock":null,"updated":null},{"symbol":"KNOP","date":1532966400000,"type":1,"subtype":5,"value":0.52,"recordDate":1533052800000,"divPayDate":null,"isLock":null,"updated":null},{"symbol":"KNOP","date":1525104000000,"type":1,"subtype":5,"value":0.52,"recordDate":1525190400000,"divPayDate":null,"isLock":null,"updated":null},{"symbol":"KNOP","date":1517414400000,"type":1,"subtype":5,"value":0.52,"recordDate":null,"divPayDate":null,"isLock":null,"updated":null},{"symbol":"KNOP","date":1509465600000,"type":1,"subtype":5,"value":0.52,"recordDate":null,"divPayDate":null,"isLock":null,"updated":null},{"symbol":"KNOP","date":1501430400000,"type":1,"subtype":5,"value":0.52,"recordDate":1501603200000,"divPayDate":null,"isLock":null,"updated":null},{"symbol":"KNOP","date":1493308800000,"type":1,"subtype":5,"value":0.52,"recordDate":1493654400000,"divPayDate":null,"isLock":null,"updated":null},{"symbol":"KNOP","date":1485792000000,"type":1,"subtype":5,"value":0.52,"recordDate":1485964800000,"divPayDate":null,"isLock":null,"updated":null},{"symbol":"KNOP","date":1477584000000,"type":1,"subtype":5,"value":0.52,"recordDate":1477929600000,"divPayDate":null,"isLock":null,"updated":null},{"symbol":"KNOP","date":1469980800000,"type":1,"subtype":5,"value":0.52,"recordDate":1470153600000,"divPayDate":null,"isLock":null,"updated":null},{"symbol":"KNOP","date":1462118400000,"type":1,"subtype":5,"value":0.52,"recordDate":1462291200000,"divPayDate":null,"isLock":null,"updated":null},{"symbol":"KNOP","date":1454256000000,"type":1,"subtype":5,"value":0.52,"recordDate":1454428800000,"divPayDate":null,"isLock":null,"updated":null},{"symbol":"KNOP","date":1446048000000,"type":1,"subtype":5,"value":0.52,"recordDate":1446393600000,"divPayDate":null,"isLock":null,"updated":null},{"symbol":"KNOP","date":1438185600000,"type":1,"subtype":5,"value":0.51,"recordDate":1438531200000,"divPayDate":null,"isLock":null,"updated":null},{"symbol":"KNOP","date":1430323200000,"type":1,"subtype":5,"value":0.51,"recordDate":1430668800000,"divPayDate":null,"isLock":null,"updated":null},{"symbol":"KNOP","date":1422547200000,"type":1,"subtype":5,"value":0.49,"recordDate":1422892800000,"divPayDate":null,"isLock":null,"updated":null},{"symbol":"KNOP","date":1414684800000,"type":1,"subtype":5,"value":0.49,"recordDate":1415030400000,"divPayDate":null,"isLock":null,"updated":null},{"symbol":"KNOP","date":1406736000000,"type":1,"subtype":5,"value":0.435,"recordDate":1407081600000,"divPayDate":null,"isLock":null,"updated":null},{"symbol":"KNOP","date":1398873600000,"type":1,"subtype":5,"value":0.435,"recordDate":null,"divPayDate":null,"isLock":null,"updated":null},{"symbol":"KNOP","date":1391097600000,"type":1,"subtype":5,"value":0.435,"recordDate":null,"divPayDate":null,"isLock":null,"updated":null},{"symbol":"KNOP","date":1383148800000,"type":1,"subtype":5,"value":0.435,"recordDate":null,"divPayDate":null,"isLock":null,"updated":null},{"symbol":"KNOP","date":1375286400000,"type":1,"subtype":5,"value":0.3173,"recordDate":null,"divPayDate":null,"isLock":null,"updated":null}]}