{"list":[{"symbol":"LM","date":1561910400000,"type":1,"subtype":5,"value":0.4,"recordDate":1561996800000,"divPayDate":null,"isLock":null,"updated":null},{"symbol":"LM","date":1553443200000,"type":1,"subtype":5,"value":0.34,"recordDate":1553529600000,"divPayDate":null,"isLock":null,"updated":null},{"symbol":"LM","date":1545062400000,"type":1,"subtype":5,"value":0.34,"recordDate":1545148800000,"divPayDate":null,"isLock":null,"updated":null},{"symbol":"LM","date":1538582400000,"type":1,"subtype":5,"value":0.34,"recordDate":1538668800000,"divPayDate":null,"isLock":null,"updated":null},{"symbol":"LM","date":1528646400000,"type":1,"subtype":5,"value":0.34,"recordDate":1528732800000,"divPayDate":null,"isLock":null,"updated":null},{"symbol":"LM","date":1520956800000,"type":1,"subtype":5,"value":0.28,"recordDate":1521043200000,"divPayDate":null,"isLock":null,"updated":null},{"symbol":"LM","date":1513612800000,"type":1,"subtype":5,"value":0.28,"recordDate":1513699200000,"divPayDate":null,"isLock":null,"updated":null},{"symbol":"LM","date":1507046400000,"type":1,"subtype":5,"value":0.28,"recordDate":1507132800000,"divPayDate":null,"isLock":null,"updated":null},{"symbol":"LM","date":1496937600000,"type":1,"subtype":5,"value":0.28,"recordDate":1497283200000,"divPayDate":null,"isLock":null,"updated":null},{"symbol":"LM","date":1489420800000,"type":1,"subtype":5,"value":0.22,"recordDate":1489593600000,"divPayDate":null,"isLock":null,"updated":null},{"symbol":"LM","date":1481472000000,"type":1,"subtype":5,"value":0.22,"recordDate":1481644800000,"divPayDate":null,"isLock":null,"updated":null},{"symbol":"LM","date":1475510400000,"type":1,"subtype":5,"value":0.22,"recordDate":1475683200000,"divPayDate":null,"isLock":null,"updated":null},{"symbol":"LM","date":1465401600000,"type":1,"subtype":5,"value":0.22,"recordDate":1465747200000,"divPayDate":null,"isLock":null,"updated":null},{"symbol":"LM","date":1457366400000,"type":1,"subtype":5,"value":0.4,"recordDate":1457539200000,"divPayDate":null,"isLock":null,"updated":null},{"symbol":"LM","date":1454860800000,"type":1,"subtype":5,"value":0.2,"recordDate":1455033600000,"divPayDate":null,"isLock":null,"updated":null},{"symbol":"LM","date":1450022400000,"type":1,"subtype":5,"value":0.2,"recordDate":1450195200000,"divPayDate":null,"isLock":null,"updated":null},{"symbol":"LM","date":1444060800000,"type":1,"subtype":5,"value":0.2,"recordDate":1444233600000,"divPayDate":null,"isLock":null,"updated":null},{"symbol":"LM","date":1434038400000,"type":1,"subtype":5,"value":0.2,"recordDate":1434384000000,"divPayDate":null,"isLock":null,"updated":null},{"symbol":"LM","date":1425916800000,"type":1,"subtype":5,"value":0.16,"recordDate":1426089600000,"divPayDate":null,"isLock":null,"updated":null},{"symbol":"LM","date":1418572800000,"type":1,"subtype":5,"value":0.16,"recordDate":1418745600000,"divPayDate":null,"isLock":null,"updated":null},{"symbol":"LM","date":1412611200000,"type":1,"subtype":5,"value":0.16,"recordDate":1412784000000,"divPayDate":null,"isLock":null,"updated":null},{"symbol":"LM","date":1402588800000,"type":1,"subtype":5,"value":0.16,"recordDate":null,"divPayDate":null,"isLock":null,"updated":null},{"symbol":"LM","date":1394467200000,"type":1,"subtype":5,"value":0.13,"recordDate":null,"divPayDate":null,"isLock":null,"updated":null},{"symbol":"LM","date":1386518400000,"type":1,"subtype":5,"value":0.13,"recordDate":null,"divPayDate":null,"isLock":null,"updated":null},{"symbol":"LM","date":1380556800000,"type":1,"subtype":5,"value":0.13,"recordDate":null,"divPayDate":null,"isLock":null,"updated":null},{"symbol":"LM","date":1370534400000,"type":1,"subtype":5,"value":0.13,"recordDate":null,"divPayDate":null,"isLock":null,"updated":null},{"symbol":"LM","date":1363017600000,"type":1,"subtype":5,"value":0.11,"recordDate":null,"divPayDate":null,"isLock":null,"updated":null},{"symbol":"LM","date":1355068800000,"type":1,"subtype":5,"value":0.11,"recordDate":null,"divPayDate":null,"isLock":null,"updated":null},{"symbol":"LM","date":1349107200000,"type":1,"subtype":5,"value":0.11,"recordDate":null,"divPayDate":null,"isLock":null,"updated":null},{"symbol":"LM","date":1096214400000,"type":2,"subtype":8,"value":1.5,"recordDate":1444233600000,"divPayDate":null,"isLock":null,"updated":null},{"symbol":"LM","date":906912000000,"type":2,"subtype":8,"value":2.0,"recordDate":null,"divPayDate":null,"isLock":null,"updated":null},{"symbol":"LM","date":875116800000,"type":2,"subtype":8,"value":1.33333,"recordDate":null,"divPayDate":null,"isLock":null,"updated":null}]}