{"list":[{"symbol":"LMRKP","date":1561651200000,"type":1,"subtype":5,"value":0.5,"recordDate":null,"divPayDate":null,"isLock":null,"updated":null},{"symbol":"LMRKP","date":1553788800000,"type":1,"subtype":5,"value":0.5,"recordDate":null,"divPayDate":null,"isLock":null,"updated":null},{"symbol":"LMRKP","date":1546185600000,"type":1,"subtype":5,"value":0.5,"recordDate":null,"divPayDate":null,"isLock":null,"updated":null},{"symbol":"LMRKP","date":1538064000000,"type":1,"subtype":5,"value":0.5,"recordDate":null,"divPayDate":null,"isLock":null,"updated":null},{"symbol":"LMRKP","date":1530201600000,"type":1,"subtype":5,"value":0.5,"recordDate":null,"divPayDate":null,"isLock":null,"updated":null},{"symbol":"LMRKP","date":1522252800000,"type":1,"subtype":5,"value":0.5,"recordDate":null,"divPayDate":null,"isLock":null,"updated":null},{"symbol":"LMRKP","date":1514476800000,"type":1,"subtype":5,"value":0.5,"recordDate":1514822400000,"divPayDate":null,"isLock":null,"updated":null},{"symbol":"LMRKP","date":1506614400000,"type":1,"subtype":5,"value":0.5,"recordDate":1506873600000,"divPayDate":null,"isLock":null,"updated":null},{"symbol":"LMRKP","date":1498665600000,"type":1,"subtype":5,"value":0.5,"recordDate":1499011200000,"divPayDate":null,"isLock":null,"updated":null},{"symbol":"LMRKP","date":1490803200000,"type":1,"subtype":5,"value":0.5,"recordDate":1491148800000,"divPayDate":null,"isLock":null,"updated":null},{"symbol":"LMRKP","date":1482940800000,"type":1,"subtype":5,"value":0.5,"recordDate":1483372800000,"divPayDate":null,"isLock":null,"updated":null},{"symbol":"LMRKP","date":1475078400000,"type":1,"subtype":5,"value":0.5,"recordDate":1475424000000,"divPayDate":null,"isLock":null,"updated":null},{"symbol":"LMRKP","date":1467129600000,"type":1,"subtype":5,"value":0.5611,"recordDate":1467302400000,"divPayDate":null,"isLock":null,"updated":null}]}