{"list":[{"symbol":"LMT","date":1559232000000,"type":1,"subtype":5,"value":2.2,"recordDate":1559491200000,"divPayDate":null,"isLock":null,"updated":null},{"symbol":"LMT","date":1551283200000,"type":1,"subtype":5,"value":2.2,"recordDate":1551369600000,"divPayDate":null,"isLock":null,"updated":null},{"symbol":"LMT","date":1543507200000,"type":1,"subtype":5,"value":2.2,"recordDate":1543766400000,"divPayDate":null,"isLock":null,"updated":null},{"symbol":"LMT","date":1535644800000,"type":1,"subtype":5,"value":2.0,"recordDate":1535990400000,"divPayDate":null,"isLock":null,"updated":null},{"symbol":"LMT","date":1527696000000,"type":1,"subtype":5,"value":2.0,"recordDate":1527782400000,"divPayDate":null,"isLock":null,"updated":null},{"symbol":"LMT","date":1519747200000,"type":1,"subtype":5,"value":2.0,"recordDate":1519833600000,"divPayDate":null,"isLock":null,"updated":null},{"symbol":"LMT","date":1511971200000,"type":1,"subtype":5,"value":2.0,"recordDate":1512057600000,"divPayDate":null,"isLock":null,"updated":null},{"symbol":"LMT","date":1506700800000,"type":1,"subtype":5,"value":2.0,"recordDate":1512057600000,"divPayDate":null,"isLock":null,"updated":null},{"symbol":"LMT","date":1504022400000,"type":1,"subtype":5,"value":1.82,"recordDate":1504195200000,"divPayDate":null,"isLock":null,"updated":null},{"symbol":"LMT","date":1496073600000,"type":1,"subtype":5,"value":1.82,"recordDate":1496246400000,"divPayDate":null,"isLock":null,"updated":null},{"symbol":"LMT","date":1488124800000,"type":1,"subtype":5,"value":1.82,"recordDate":1488297600000,"divPayDate":null,"isLock":null,"updated":null},{"symbol":"LMT","date":1480348800000,"type":1,"subtype":5,"value":1.82,"recordDate":1480521600000,"divPayDate":null,"isLock":null,"updated":null},{"symbol":"LMT","date":1472486400000,"type":1,"subtype":5,"value":1.65,"recordDate":1472659200000,"divPayDate":null,"isLock":null,"updated":null},{"symbol":"LMT","date":1464278400000,"type":1,"subtype":5,"value":1.65,"recordDate":1464710400000,"divPayDate":null,"isLock":null,"updated":null},{"symbol":"LMT","date":1456416000000,"type":1,"subtype":5,"value":1.65,"recordDate":1456761600000,"divPayDate":null,"isLock":null,"updated":null},{"symbol":"LMT","date":1448553600000,"type":1,"subtype":5,"value":1.65,"recordDate":1448899200000,"divPayDate":null,"isLock":null,"updated":null},{"symbol":"LMT","date":1440691200000,"type":1,"subtype":5,"value":1.5,"recordDate":1441036800000,"divPayDate":null,"isLock":null,"updated":null},{"symbol":"LMT","date":1432742400000,"type":1,"subtype":5,"value":1.5,"recordDate":1433088000000,"divPayDate":null,"isLock":null,"updated":null},{"symbol":"LMT","date":1424880000000,"type":1,"subtype":5,"value":1.5,"recordDate":1425225600000,"divPayDate":null,"isLock":null,"updated":null},{"symbol":"LMT","date":1416931200000,"type":1,"subtype":5,"value":1.5,"recordDate":1417363200000,"divPayDate":null,"isLock":null,"updated":null},{"symbol":"LMT","date":1409155200000,"type":1,"subtype":5,"value":1.33,"recordDate":1409587200000,"divPayDate":null,"isLock":null,"updated":null},{"symbol":"LMT","date":1401292800000,"type":1,"subtype":5,"value":1.33,"recordDate":null,"divPayDate":null,"isLock":null,"updated":null},{"symbol":"LMT","date":1393430400000,"type":1,"subtype":5,"value":1.33,"recordDate":null,"divPayDate":null,"isLock":null,"updated":null},{"symbol":"LMT","date":1385481600000,"type":1,"subtype":5,"value":1.33,"recordDate":null,"divPayDate":null,"isLock":null,"updated":null},{"symbol":"LMT","date":1377705600000,"type":1,"subtype":5,"value":1.15,"recordDate":null,"divPayDate":null,"isLock":null,"updated":null},{"symbol":"LMT","date":1369843200000,"type":1,"subtype":5,"value":1.15,"recordDate":null,"divPayDate":null,"isLock":null,"updated":null},{"symbol":"LMT","date":1361894400000,"type":1,"subtype":5,"value":1.15,"recordDate":null,"divPayDate":null,"isLock":null,"updated":null},{"symbol":"LMT","date":1354118400000,"type":1,"subtype":5,"value":1.15,"recordDate":null,"divPayDate":null,"isLock":null,"updated":null},{"symbol":"LMT","date":1346256000000,"type":1,"subtype":5,"value":1.0,"recordDate":null,"divPayDate":null,"isLock":null,"updated":null},{"symbol":"LMT","date":915379200000,"type":2,"subtype":8,"value":2.0,"recordDate":1441036800000,"divPayDate":null,"isLock":null,"updated":null}]}