{"list":[{"symbol":"LPLA","date":1558022400000,"type":1,"subtype":5,"value":0.25,"recordDate":1558281600000,"divPayDate":null,"isLock":null,"updated":null},{"symbol":"LPLA","date":1552492800000,"type":1,"subtype":5,"value":0.25,"recordDate":1552579200000,"divPayDate":null,"isLock":null,"updated":null},{"symbol":"LPLA","date":1541520000000,"type":1,"subtype":5,"value":0.25,"recordDate":1541606400000,"divPayDate":null,"isLock":null,"updated":null},{"symbol":"LPLA","date":1533657600000,"type":1,"subtype":5,"value":0.25,"recordDate":1533744000000,"divPayDate":null,"isLock":null,"updated":null},{"symbol":"LPLA","date":1526486400000,"type":1,"subtype":5,"value":0.25,"recordDate":1526572800000,"divPayDate":null,"isLock":null,"updated":null},{"symbol":"LPLA","date":1520438400000,"type":1,"subtype":5,"value":0.25,"recordDate":1520524800000,"divPayDate":null,"isLock":null,"updated":null},{"symbol":"LPLA","date":1510070400000,"type":1,"subtype":5,"value":0.25,"recordDate":1510156800000,"divPayDate":null,"isLock":null,"updated":null},{"symbol":"LPLA","date":1502121600000,"type":1,"subtype":5,"value":0.25,"recordDate":1502294400000,"divPayDate":null,"isLock":null,"updated":null},{"symbol":"LPLA","date":1494432000000,"type":1,"subtype":5,"value":0.25,"recordDate":1494777600000,"divPayDate":null,"isLock":null,"updated":null},{"symbol":"LPLA","date":1488902400000,"type":1,"subtype":5,"value":0.25,"recordDate":1489075200000,"divPayDate":null,"isLock":null,"updated":null},{"symbol":"LPLA","date":1479052800000,"type":1,"subtype":5,"value":0.25,"recordDate":1479225600000,"divPayDate":null,"isLock":null,"updated":null},{"symbol":"LPLA","date":1470672000000,"type":1,"subtype":5,"value":0.25,"recordDate":1470844800000,"divPayDate":null,"isLock":null,"updated":null},{"symbol":"LPLA","date":1463500800000,"type":1,"subtype":5,"value":0.25,"recordDate":1463673600000,"divPayDate":null,"isLock":null,"updated":null},{"symbol":"LPLA","date":1456848000000,"type":1,"subtype":5,"value":0.25,"recordDate":1457020800000,"divPayDate":null,"isLock":null,"updated":null},{"symbol":"LPLA","date":1446998400000,"type":1,"subtype":5,"value":0.25,"recordDate":1447257600000,"divPayDate":null,"isLock":null,"updated":null},{"symbol":"LPLA","date":1439395200000,"type":1,"subtype":5,"value":0.25,"recordDate":1439740800000,"divPayDate":null,"isLock":null,"updated":null},{"symbol":"LPLA","date":1430928000000,"type":1,"subtype":5,"value":0.25,"recordDate":1431273600000,"divPayDate":null,"isLock":null,"updated":null},{"symbol":"LPLA","date":1424880000000,"type":1,"subtype":5,"value":0.25,"recordDate":1425225600000,"divPayDate":null,"isLock":null,"updated":null},{"symbol":"LPLA","date":1415203200000,"type":1,"subtype":5,"value":0.24,"recordDate":1415635200000,"divPayDate":null,"isLock":null,"updated":null},{"symbol":"LPLA","date":1407772800000,"type":1,"subtype":5,"value":0.24,"recordDate":1407945600000,"divPayDate":null,"isLock":null,"updated":null},{"symbol":"LPLA","date":1398960000000,"type":1,"subtype":5,"value":0.24,"recordDate":null,"divPayDate":null,"isLock":null,"updated":null},{"symbol":"LPLA","date":1392825600000,"type":1,"subtype":5,"value":0.24,"recordDate":null,"divPayDate":null,"isLock":null,"updated":null},{"symbol":"LPLA","date":1383667200000,"type":1,"subtype":5,"value":0.19,"recordDate":null,"divPayDate":null,"isLock":null,"updated":null},{"symbol":"LPLA","date":1376323200000,"type":1,"subtype":5,"value":0.19,"recordDate":null,"divPayDate":null,"isLock":null,"updated":null},{"symbol":"LPLA","date":1367424000000,"type":1,"subtype":5,"value":0.135,"recordDate":null,"divPayDate":null,"isLock":null,"updated":null},{"symbol":"LPLA","date":1360684800000,"type":1,"subtype":5,"value":0.135,"recordDate":null,"divPayDate":null,"isLock":null,"updated":null},{"symbol":"LPLA","date":1352736000000,"type":1,"subtype":5,"value":0.12,"recordDate":null,"divPayDate":null,"isLock":null,"updated":null},{"symbol":"LPLA","date":1344787200000,"type":1,"subtype":5,"value":0.12,"recordDate":null,"divPayDate":null,"isLock":null,"updated":null}]}