{"list":[{"symbol":"LTM","date":1557331200000,"type":1,"subtype":5,"value":0.04002,"recordDate":null,"divPayDate":null,"isLock":null,"updated":null},{"symbol":"LTM","date":1525881600000,"type":1,"subtype":5,"value":0.03399,"recordDate":null,"divPayDate":null,"isLock":null,"updated":null},{"symbol":"LTM","date":1494345600000,"type":1,"subtype":5,"value":0.02229,"recordDate":1494518400000,"divPayDate":null,"isLock":null,"updated":null},{"symbol":"LTM","date":1187193600000,"type":2,"subtype":8,"value":5.0,"recordDate":1494518400000,"divPayDate":null,"isLock":null,"updated":null}]}