{"list":[{"symbol":"LZB","date":1559059200000,"type":1,"subtype":5,"value":0.13,"recordDate":1559145600000,"divPayDate":null,"isLock":null,"updated":null},{"symbol":"LZB","date":1551974400000,"type":1,"subtype":5,"value":0.13,"recordDate":1552233600000,"divPayDate":null,"isLock":null,"updated":null},{"symbol":"LZB","date":1544112000000,"type":1,"subtype":5,"value":0.13,"recordDate":1544371200000,"divPayDate":null,"isLock":null,"updated":null},{"symbol":"LZB","date":1536163200000,"type":1,"subtype":5,"value":0.12,"recordDate":1536249600000,"divPayDate":null,"isLock":null,"updated":null},{"symbol":"LZB","date":1527696000000,"type":1,"subtype":5,"value":0.12,"recordDate":1527782400000,"divPayDate":null,"isLock":null,"updated":null},{"symbol":"LZB","date":1520179200000,"type":1,"subtype":5,"value":0.12,"recordDate":1520265600000,"divPayDate":null,"isLock":null,"updated":null},{"symbol":"LZB","date":1512662400000,"type":1,"subtype":5,"value":0.12,"recordDate":1512921600000,"divPayDate":null,"isLock":null,"updated":null},{"symbol":"LZB","date":1504713600000,"type":1,"subtype":5,"value":0.11,"recordDate":1504800000000,"divPayDate":null,"isLock":null,"updated":null},{"symbol":"LZB","date":1496073600000,"type":1,"subtype":5,"value":0.11,"recordDate":1496246400000,"divPayDate":null,"isLock":null,"updated":null},{"symbol":"LZB","date":1488384000000,"type":1,"subtype":5,"value":0.11,"recordDate":1488729600000,"divPayDate":null,"isLock":null,"updated":null},{"symbol":"LZB","date":1481040000000,"type":1,"subtype":5,"value":0.11,"recordDate":1481212800000,"divPayDate":null,"isLock":null,"updated":null},{"symbol":"LZB","date":1472572800000,"type":1,"subtype":5,"value":0.1,"recordDate":1472745600000,"divPayDate":null,"isLock":null,"updated":null},{"symbol":"LZB","date":1463932800000,"type":1,"subtype":5,"value":0.1,"recordDate":1464105600000,"divPayDate":null,"isLock":null,"updated":null},{"symbol":"LZB","date":1456329600000,"type":1,"subtype":5,"value":0.1,"recordDate":1456675200000,"divPayDate":null,"isLock":null,"updated":null},{"symbol":"LZB","date":1448380800000,"type":1,"subtype":5,"value":0.1,"recordDate":1448812800000,"divPayDate":null,"isLock":null,"updated":null},{"symbol":"LZB","date":1440604800000,"type":1,"subtype":5,"value":0.08,"recordDate":1440950400000,"divPayDate":null,"isLock":null,"updated":null},{"symbol":"LZB","date":1432569600000,"type":1,"subtype":5,"value":0.08,"recordDate":1432742400000,"divPayDate":null,"isLock":null,"updated":null},{"symbol":"LZB","date":1424793600000,"type":1,"subtype":5,"value":0.08,"recordDate":1424966400000,"divPayDate":null,"isLock":null,"updated":null},{"symbol":"LZB","date":1416844800000,"type":1,"subtype":5,"value":0.08,"recordDate":1417104000000,"divPayDate":null,"isLock":null,"updated":null},{"symbol":"LZB","date":1409068800000,"type":1,"subtype":5,"value":0.06,"recordDate":1409241600000,"divPayDate":null,"isLock":null,"updated":null},{"symbol":"LZB","date":1401120000000,"type":1,"subtype":5,"value":0.06,"recordDate":null,"divPayDate":null,"isLock":null,"updated":null},{"symbol":"LZB","date":1393344000000,"type":1,"subtype":5,"value":0.06,"recordDate":null,"divPayDate":null,"isLock":null,"updated":null},{"symbol":"LZB","date":1385395200000,"type":1,"subtype":5,"value":0.06,"recordDate":null,"divPayDate":null,"isLock":null,"updated":null},{"symbol":"LZB","date":1377619200000,"type":1,"subtype":5,"value":0.04,"recordDate":null,"divPayDate":null,"isLock":null,"updated":null},{"symbol":"LZB","date":1369670400000,"type":1,"subtype":5,"value":0.04,"recordDate":null,"divPayDate":null,"isLock":null,"updated":null},{"symbol":"LZB","date":1361894400000,"type":1,"subtype":5,"value":0.04,"recordDate":null,"divPayDate":null,"isLock":null,"updated":null},{"symbol":"LZB","date":1354723200000,"type":1,"subtype":5,"value":0.04,"recordDate":null,"divPayDate":null,"isLock":null,"updated":null},{"symbol":"LZB","date":1227456000000,"type":1,"subtype":5,"value":0.02,"recordDate":null,"divPayDate":null,"isLock":null,"updated":null},{"symbol":"LZB","date":905788800000,"type":2,"subtype":8,"value":3.0,"recordDate":1432742400000,"divPayDate":null,"isLock":null,"updated":null},{"symbol":"LZB","date":558633600000,"type":2,"subtype":8,"value":4.0,"recordDate":null,"divPayDate":null,"isLock":null,"updated":null}]}