{"list":[{"symbol":"MCS","date":1558627200000,"type":1,"subtype":5,"value":0.16,"recordDate":1558972800000,"divPayDate":null,"isLock":null,"updated":null},{"symbol":"MCS","date":1551369600000,"type":1,"subtype":5,"value":0.16,"recordDate":1551628800000,"divPayDate":null,"isLock":null,"updated":null},{"symbol":"MCS","date":1542902400000,"type":1,"subtype":5,"value":0.15,"recordDate":1543161600000,"divPayDate":null,"isLock":null,"updated":null},{"symbol":"MCS","date":1535040000000,"type":1,"subtype":5,"value":0.15,"recordDate":1535299200000,"divPayDate":null,"isLock":null,"updated":null},{"symbol":"MCS","date":1527091200000,"type":1,"subtype":5,"value":0.15,"recordDate":1527177600000,"divPayDate":null,"isLock":null,"updated":null},{"symbol":"MCS","date":1519920000000,"type":1,"subtype":5,"value":0.15,"recordDate":1520179200000,"divPayDate":null,"isLock":null,"updated":null},{"symbol":"MCS","date":1511452800000,"type":1,"subtype":5,"value":0.125,"recordDate":1511712000000,"divPayDate":null,"isLock":null,"updated":null},{"symbol":"MCS","date":1503417600000,"type":1,"subtype":5,"value":0.125,"recordDate":1503590400000,"divPayDate":null,"isLock":null,"updated":null},{"symbol":"MCS","date":1495468800000,"type":1,"subtype":5,"value":0.125,"recordDate":1495641600000,"divPayDate":null,"isLock":null,"updated":null},{"symbol":"MCS","date":1488384000000,"type":1,"subtype":5,"value":0.125,"recordDate":1488729600000,"divPayDate":null,"isLock":null,"updated":null},{"symbol":"MCS","date":1479830400000,"type":1,"subtype":5,"value":0.1125,"recordDate":1480262400000,"divPayDate":null,"isLock":null,"updated":null},{"symbol":"MCS","date":1471881600000,"type":1,"subtype":5,"value":0.1125,"recordDate":1472054400000,"divPayDate":null,"isLock":null,"updated":null},{"symbol":"MCS","date":1463932800000,"type":1,"subtype":5,"value":0.1125,"recordDate":1464105600000,"divPayDate":null,"isLock":null,"updated":null},{"symbol":"MCS","date":1456243200000,"type":1,"subtype":5,"value":0.1125,"recordDate":1456416000000,"divPayDate":null,"isLock":null,"updated":null},{"symbol":"MCS","date":1445443200000,"type":1,"subtype":5,"value":0.105,"recordDate":1445788800000,"divPayDate":null,"isLock":null,"updated":null},{"symbol":"MCS","date":1438185600000,"type":1,"subtype":5,"value":0.105,"recordDate":1438531200000,"divPayDate":null,"isLock":null,"updated":null},{"symbol":"MCS","date":1429718400000,"type":1,"subtype":5,"value":0.105,"recordDate":1430064000000,"divPayDate":null,"isLock":null,"updated":null},{"symbol":"MCS","date":1421856000000,"type":1,"subtype":5,"value":0.095,"recordDate":1422201600000,"divPayDate":null,"isLock":null,"updated":null},{"symbol":"MCS","date":1413993600000,"type":1,"subtype":5,"value":0.095,"recordDate":1414339200000,"divPayDate":null,"isLock":null,"updated":null},{"symbol":"MCS","date":1406736000000,"type":1,"subtype":5,"value":0.095,"recordDate":1407081600000,"divPayDate":null,"isLock":null,"updated":null},{"symbol":"MCS","date":1398182400000,"type":1,"subtype":5,"value":0.095,"recordDate":null,"divPayDate":null,"isLock":null,"updated":null},{"symbol":"MCS","date":1390406400000,"type":1,"subtype":5,"value":0.085,"recordDate":null,"divPayDate":null,"isLock":null,"updated":null},{"symbol":"MCS","date":1382630400000,"type":1,"subtype":5,"value":0.085,"recordDate":null,"divPayDate":null,"isLock":null,"updated":null},{"symbol":"MCS","date":1374681600000,"type":1,"subtype":5,"value":0.085,"recordDate":null,"divPayDate":null,"isLock":null,"updated":null},{"symbol":"MCS","date":1355328000000,"type":1,"subtype":5,"value":1.17,"recordDate":null,"divPayDate":null,"isLock":null,"updated":null},{"symbol":"MCS","date":1351094400000,"type":1,"subtype":5,"value":0.085,"recordDate":null,"divPayDate":null,"isLock":null,"updated":null},{"symbol":"MCS","date":1343232000000,"type":1,"subtype":5,"value":0.085,"recordDate":null,"divPayDate":null,"isLock":null,"updated":null},{"symbol":"MCS","date":881510400000,"type":2,"subtype":8,"value":1.5,"recordDate":1438531200000,"divPayDate":null,"isLock":null,"updated":null},{"symbol":"MCS","date":816364800000,"type":2,"subtype":8,"value":1.5,"recordDate":null,"divPayDate":null,"isLock":null,"updated":null},{"symbol":"MCS","date":721238400000,"type":2,"subtype":8,"value":1.5,"recordDate":null,"divPayDate":null,"isLock":null,"updated":null}]}