{"list":[{"symbol":"MDLY","date":1554998400000,"type":1,"subtype":5,"value":0.03,"recordDate":1555257600000,"divPayDate":null,"isLock":null,"updated":null},{"symbol":"MDLY","date":1543248000000,"type":1,"subtype":5,"value":0.2,"recordDate":1543334400000,"divPayDate":null,"isLock":null,"updated":null},{"symbol":"MDLY","date":1534867200000,"type":1,"subtype":5,"value":0.2,"recordDate":1534953600000,"divPayDate":null,"isLock":null,"updated":null},{"symbol":"MDLY","date":1527004800000,"type":1,"subtype":5,"value":0.2,"recordDate":null,"divPayDate":null,"isLock":null,"updated":null},{"symbol":"MDLY","date":1519142400000,"type":1,"subtype":5,"value":0.2,"recordDate":1519228800000,"divPayDate":null,"isLock":null,"updated":null},{"symbol":"MDLY","date":1511280000000,"type":1,"subtype":5,"value":0.2,"recordDate":1511452800000,"divPayDate":null,"isLock":null,"updated":null},{"symbol":"MDLY","date":1503244800000,"type":1,"subtype":5,"value":0.2,"recordDate":1503417600000,"divPayDate":null,"isLock":null,"updated":null},{"symbol":"MDLY","date":1495036800000,"type":1,"subtype":5,"value":0.2,"recordDate":1495382400000,"divPayDate":null,"isLock":null,"updated":null},{"symbol":"MDLY","date":1487606400000,"type":1,"subtype":5,"value":0.2,"recordDate":1487779200000,"divPayDate":null,"isLock":null,"updated":null},{"symbol":"MDLY","date":1479398400000,"type":1,"subtype":5,"value":0.2,"recordDate":1479744000000,"divPayDate":null,"isLock":null,"updated":null},{"symbol":"MDLY","date":1471795200000,"type":1,"subtype":5,"value":0.2,"recordDate":1471968000000,"divPayDate":null,"isLock":null,"updated":null},{"symbol":"MDLY","date":1463673600000,"type":1,"subtype":5,"value":0.2,"recordDate":1464019200000,"divPayDate":null,"isLock":null,"updated":null},{"symbol":"MDLY","date":1456070400000,"type":1,"subtype":5,"value":0.2,"recordDate":1456243200000,"divPayDate":null,"isLock":null,"updated":null},{"symbol":"MDLY","date":1448294400000,"type":1,"subtype":5,"value":0.2,"recordDate":1448553600000,"divPayDate":null,"isLock":null,"updated":null},{"symbol":"MDLY","date":1440345600000,"type":1,"subtype":5,"value":0.2,"recordDate":1440518400000,"divPayDate":null,"isLock":null,"updated":null},{"symbol":"MDLY","date":1429545600000,"type":1,"subtype":5,"value":0.2,"recordDate":1429718400000,"divPayDate":null,"isLock":null,"updated":null},{"symbol":"MDLY","date":1418572800000,"type":1,"subtype":5,"value":0.2,"recordDate":1418745600000,"divPayDate":null,"isLock":null,"updated":null}]}