{"list":[{"symbol":"MERC","date":1561046400000,"type":1,"subtype":5,"value":0.1375,"recordDate":null,"divPayDate":null,"isLock":null,"updated":null},{"symbol":"MERC","date":1553529600000,"type":1,"subtype":5,"value":0.125,"recordDate":null,"divPayDate":null,"isLock":null,"updated":null},{"symbol":"MERC","date":1544544000000,"type":1,"subtype":5,"value":0.125,"recordDate":1544630400000,"divPayDate":null,"isLock":null,"updated":null},{"symbol":"MERC","date":1537804800000,"type":1,"subtype":5,"value":0.125,"recordDate":null,"divPayDate":null,"isLock":null,"updated":null},{"symbol":"MERC","date":1529942400000,"type":1,"subtype":5,"value":0.125,"recordDate":null,"divPayDate":null,"isLock":null,"updated":null},{"symbol":"MERC","date":1522080000000,"type":1,"subtype":5,"value":0.125,"recordDate":1522166400000,"divPayDate":null,"isLock":null,"updated":null},{"symbol":"MERC","date":1514217600000,"type":1,"subtype":5,"value":0.125,"recordDate":1514304000000,"divPayDate":null,"isLock":null,"updated":null},{"symbol":"MERC","date":1506355200000,"type":1,"subtype":5,"value":0.115,"recordDate":1506441600000,"divPayDate":null,"isLock":null,"updated":null},{"symbol":"MERC","date":1498147200000,"type":1,"subtype":5,"value":0.115,"recordDate":1498492800000,"divPayDate":null,"isLock":null,"updated":null},{"symbol":"MERC","date":1490284800000,"type":1,"subtype":5,"value":0.115,"recordDate":1490630400000,"divPayDate":null,"isLock":null,"updated":null},{"symbol":"MERC","date":1482163200000,"type":1,"subtype":5,"value":0.115,"recordDate":1482336000000,"divPayDate":null,"isLock":null,"updated":null},{"symbol":"MERC","date":1474473600000,"type":1,"subtype":5,"value":0.115,"recordDate":1474819200000,"divPayDate":null,"isLock":null,"updated":null},{"symbol":"MERC","date":1466611200000,"type":1,"subtype":5,"value":0.115,"recordDate":1466956800000,"divPayDate":null,"isLock":null,"updated":null},{"symbol":"MERC","date":1458662400000,"type":1,"subtype":5,"value":0.115,"recordDate":1459094400000,"divPayDate":null,"isLock":null,"updated":null},{"symbol":"MERC","date":1450800000000,"type":1,"subtype":5,"value":0.115,"recordDate":1451232000000,"divPayDate":null,"isLock":null,"updated":null},{"symbol":"MERC","date":1443024000000,"type":1,"subtype":5,"value":0.115,"recordDate":1443369600000,"divPayDate":null,"isLock":null,"updated":null},{"symbol":"MERC","date":641487600000,"type":2,"subtype":8,"value":1.025,"recordDate":1441900800000,"divPayDate":null,"isLock":null,"updated":null},{"symbol":"MERC","date":611161200000,"type":2,"subtype":8,"value":1.025,"recordDate":null,"divPayDate":null,"isLock":null,"updated":null}]}