{"list":[{"symbol":"MFA","date":1561651200000,"type":1,"subtype":5,"value":0.2,"recordDate":null,"divPayDate":null,"isLock":null,"updated":null},{"symbol":"MFA","date":1553702400000,"type":1,"subtype":5,"value":0.2,"recordDate":1553788800000,"divPayDate":null,"isLock":null,"updated":null},{"symbol":"MFA","date":1545840000000,"type":1,"subtype":5,"value":0.2,"recordDate":1545926400000,"divPayDate":null,"isLock":null,"updated":null},{"symbol":"MFA","date":1538064000000,"type":1,"subtype":5,"value":0.2,"recordDate":1538323200000,"divPayDate":null,"isLock":null,"updated":null},{"symbol":"MFA","date":1530115200000,"type":1,"subtype":5,"value":0.2,"recordDate":null,"divPayDate":null,"isLock":null,"updated":null},{"symbol":"MFA","date":1522166400000,"type":1,"subtype":5,"value":0.2,"recordDate":1522252800000,"divPayDate":null,"isLock":null,"updated":null},{"symbol":"MFA","date":1514304000000,"type":1,"subtype":5,"value":0.2,"recordDate":1514390400000,"divPayDate":null,"isLock":null,"updated":null},{"symbol":"MFA","date":1506441600000,"type":1,"subtype":5,"value":0.2,"recordDate":1506528000000,"divPayDate":null,"isLock":null,"updated":null},{"symbol":"MFA","date":1498492800000,"type":1,"subtype":5,"value":0.2,"recordDate":1498665600000,"divPayDate":null,"isLock":null,"updated":null},{"symbol":"MFA","date":1490544000000,"type":1,"subtype":5,"value":0.2,"recordDate":1490716800000,"divPayDate":null,"isLock":null,"updated":null},{"symbol":"MFA","date":1482422400000,"type":1,"subtype":5,"value":0.2,"recordDate":1482854400000,"divPayDate":null,"isLock":null,"updated":null},{"symbol":"MFA","date":1474819200000,"type":1,"subtype":5,"value":0.2,"recordDate":1474992000000,"divPayDate":null,"isLock":null,"updated":null},{"symbol":"MFA","date":1466697600000,"type":1,"subtype":5,"value":0.2,"recordDate":1467043200000,"divPayDate":null,"isLock":null,"updated":null},{"symbol":"MFA","date":1458662400000,"type":1,"subtype":5,"value":0.2,"recordDate":1459094400000,"divPayDate":null,"isLock":null,"updated":null},{"symbol":"MFA","date":1450800000000,"type":1,"subtype":5,"value":0.2,"recordDate":1451232000000,"divPayDate":null,"isLock":null,"updated":null},{"symbol":"MFA","date":1443110400000,"type":1,"subtype":5,"value":0.2,"recordDate":1443456000000,"divPayDate":null,"isLock":null,"updated":null},{"symbol":"MFA","date":1435161600000,"type":1,"subtype":5,"value":0.2,"recordDate":1435507200000,"divPayDate":null,"isLock":null,"updated":null},{"symbol":"MFA","date":1427212800000,"type":1,"subtype":5,"value":0.2,"recordDate":1427385600000,"divPayDate":null,"isLock":null,"updated":null},{"symbol":"MFA","date":1419264000000,"type":1,"subtype":5,"value":0.2,"recordDate":1419523200000,"divPayDate":null,"isLock":null,"updated":null},{"symbol":"MFA","date":1411574400000,"type":1,"subtype":5,"value":0.2,"recordDate":1411920000000,"divPayDate":null,"isLock":null,"updated":null},{"symbol":"MFA","date":1403625600000,"type":1,"subtype":5,"value":0.2,"recordDate":null,"divPayDate":null,"isLock":null,"updated":null},{"symbol":"MFA","date":1395763200000,"type":1,"subtype":5,"value":0.2,"recordDate":null,"divPayDate":null,"isLock":null,"updated":null},{"symbol":"MFA","date":1388073600000,"type":1,"subtype":5,"value":0.2,"recordDate":null,"divPayDate":null,"isLock":null,"updated":null},{"symbol":"MFA","date":1381248000000,"type":1,"subtype":5,"value":0.22,"recordDate":null,"divPayDate":null,"isLock":null,"updated":null},{"symbol":"MFA","date":1375891200000,"type":1,"subtype":5,"value":0.28,"recordDate":null,"divPayDate":null,"isLock":null,"updated":null},{"symbol":"MFA","date":1373385600000,"type":1,"subtype":5,"value":0.22,"recordDate":null,"divPayDate":null,"isLock":null,"updated":null},{"symbol":"MFA","date":1365523200000,"type":1,"subtype":5,"value":0.22,"recordDate":null,"divPayDate":null,"isLock":null,"updated":null},{"symbol":"MFA","date":1363190400000,"type":1,"subtype":5,"value":0.5,"recordDate":null,"divPayDate":null,"isLock":null,"updated":null},{"symbol":"MFA","date":1363104000000,"type":1,"subtype":5,"value":0.5,"recordDate":null,"divPayDate":null,"isLock":null,"updated":null},{"symbol":"MFA","date":1356451200000,"type":1,"subtype":5,"value":0.2,"recordDate":null,"divPayDate":null,"isLock":null,"updated":null},{"symbol":"MFA","date":1349798400000,"type":1,"subtype":5,"value":0.21,"recordDate":null,"divPayDate":null,"isLock":null,"updated":null},{"symbol":"MFA","date":1346256000000,"type":1,"subtype":5,"value":0.53125,"recordDate":null,"divPayDate":null,"isLock":null,"updated":null},{"symbol":"MFA","date":1341936000000,"type":1,"subtype":5,"value":0.23,"recordDate":null,"divPayDate":null,"isLock":null,"updated":null}]}