{"list":[{"symbol":"MFGP","date":1556553600000,"type":2,"subtype":7,"value":0.8296,"recordDate":null,"divPayDate":null,"isLock":null,"updated":null},{"symbol":"MFGP","date":1551283200000,"type":1,"subtype":5,"value":0.68692,"recordDate":null,"divPayDate":null,"isLock":null,"updated":null},{"symbol":"MFGP","date":1533139200000,"type":1,"subtype":5,"value":0.54405,"recordDate":null,"divPayDate":null,"isLock":null,"updated":null},{"symbol":"MFGP","date":1516204800000,"type":1,"subtype":5,"value":0.33637,"recordDate":1516291200000,"divPayDate":null,"isLock":null,"updated":null}]}