{"list":[{"symbol":"MFINL","date":1561651200000,"type":1,"subtype":5,"value":0.5625,"recordDate":null,"divPayDate":null,"isLock":null,"updated":null},{"symbol":"MFINL","date":1553788800000,"type":1,"subtype":5,"value":0.5625,"recordDate":null,"divPayDate":null,"isLock":null,"updated":null},{"symbol":"MFINL","date":1545926400000,"type":1,"subtype":5,"value":0.5625,"recordDate":null,"divPayDate":null,"isLock":null,"updated":null},{"symbol":"MFINL","date":1538064000000,"type":1,"subtype":5,"value":0.5625,"recordDate":null,"divPayDate":null,"isLock":null,"updated":null},{"symbol":"MFINL","date":1530115200000,"type":1,"subtype":5,"value":0.5625,"recordDate":null,"divPayDate":null,"isLock":null,"updated":null},{"symbol":"MFINL","date":1522166400000,"type":1,"subtype":5,"value":0.5625,"recordDate":1522512000000,"divPayDate":null,"isLock":null,"updated":null},{"symbol":"MFINL","date":1514390400000,"type":1,"subtype":5,"value":0.5625,"recordDate":1514736000000,"divPayDate":null,"isLock":null,"updated":null},{"symbol":"MFINL","date":1506528000000,"type":1,"subtype":5,"value":0.5625,"recordDate":1506787200000,"divPayDate":null,"isLock":null,"updated":null},{"symbol":"MFINL","date":1498579200000,"type":1,"subtype":5,"value":0.5625,"recordDate":1498838400000,"divPayDate":null,"isLock":null,"updated":null},{"symbol":"MFINL","date":1490716800000,"type":1,"subtype":5,"value":0.5625,"recordDate":1490976000000,"divPayDate":null,"isLock":null,"updated":null},{"symbol":"MFINL","date":1482854400000,"type":1,"subtype":5,"value":0.5625,"recordDate":1483200000000,"divPayDate":null,"isLock":null,"updated":null},{"symbol":"MFINL","date":1474992000000,"type":1,"subtype":5,"value":0.5625,"recordDate":1475251200000,"divPayDate":null,"isLock":null,"updated":null}]}