{"list":[{"symbol":"MGR","date":1569427200000,"type":1,"subtype":5,"value":0.36719,"recordDate":null,"divPayDate":null,"isLock":null,"updated":null},{"symbol":"MGR","date":1501171200000,"type":1,"subtype":5,"value":0.39844,"recordDate":1501516800000,"divPayDate":null,"isLock":null,"updated":null},{"symbol":"MGR","date":1493222400000,"type":1,"subtype":5,"value":0.39844,"recordDate":1493568000000,"divPayDate":null,"isLock":null,"updated":null},{"symbol":"MGR","date":1485705600000,"type":1,"subtype":5,"value":0.39844,"recordDate":1485878400000,"divPayDate":null,"isLock":null,"updated":null},{"symbol":"MGR","date":1477584000000,"type":1,"subtype":5,"value":0.39844,"recordDate":1477929600000,"divPayDate":null,"isLock":null,"updated":null},{"symbol":"MGR","date":1469635200000,"type":1,"subtype":5,"value":0.39844,"recordDate":1469980800000,"divPayDate":null,"isLock":null,"updated":null},{"symbol":"MGR","date":1461686400000,"type":1,"subtype":5,"value":0.39844,"recordDate":1462032000000,"divPayDate":null,"isLock":null,"updated":null},{"symbol":"MGR","date":1453910400000,"type":1,"subtype":5,"value":0.39844,"recordDate":1454256000000,"divPayDate":null,"isLock":null,"updated":null},{"symbol":"MGR","date":1445961600000,"type":1,"subtype":5,"value":0.39844,"recordDate":1446307200000,"divPayDate":null,"isLock":null,"updated":null},{"symbol":"MGR","date":1438099200000,"type":1,"subtype":5,"value":0.39844,"recordDate":1438358400000,"divPayDate":null,"isLock":null,"updated":null},{"symbol":"MGR","date":1430236800000,"type":1,"subtype":5,"value":0.39844,"recordDate":1430409600000,"divPayDate":null,"isLock":null,"updated":null},{"symbol":"MGR","date":1422374400000,"type":1,"subtype":5,"value":0.39844,"recordDate":1422720000000,"divPayDate":null,"isLock":null,"updated":null},{"symbol":"MGR","date":1414512000000,"type":1,"subtype":5,"value":0.39844,"recordDate":1414771200000,"divPayDate":null,"isLock":null,"updated":null},{"symbol":"MGR","date":1406649600000,"type":1,"subtype":5,"value":0.39844,"recordDate":null,"divPayDate":null,"isLock":null,"updated":null},{"symbol":"MGR","date":1398700800000,"type":1,"subtype":5,"value":0.39844,"recordDate":null,"divPayDate":null,"isLock":null,"updated":null},{"symbol":"MGR","date":1390924800000,"type":1,"subtype":5,"value":0.39844,"recordDate":null,"divPayDate":null,"isLock":null,"updated":null},{"symbol":"MGR","date":1383062400000,"type":1,"subtype":5,"value":0.39844,"recordDate":null,"divPayDate":null,"isLock":null,"updated":null},{"symbol":"MGR","date":1375113600000,"type":1,"subtype":5,"value":0.39844,"recordDate":null,"divPayDate":null,"isLock":null,"updated":null},{"symbol":"MGR","date":1367164800000,"type":1,"subtype":5,"value":0.39844,"recordDate":null,"divPayDate":null,"isLock":null,"updated":null},{"symbol":"MGR","date":1359475200000,"type":1,"subtype":5,"value":0.39844,"recordDate":null,"divPayDate":null,"isLock":null,"updated":null},{"symbol":"MGR","date":1351612800000,"type":1,"subtype":5,"value":0.42943,"recordDate":null,"divPayDate":null,"isLock":null,"updated":null},{"symbol":"MGR","date":1351526400000,"type":1,"subtype":5,"value":0.42943,"recordDate":null,"divPayDate":null,"isLock":null,"updated":null}]}