{"list":[{"symbol":"MIXT","date":1559145600000,"type":1,"subtype":5,"value":0.05173,"recordDate":null,"divPayDate":null,"isLock":null,"updated":null},{"symbol":"MIXT","date":1550678400000,"type":1,"subtype":5,"value":0.04065,"recordDate":null,"divPayDate":null,"isLock":null,"updated":null},{"symbol":"MIXT","date":1542729600000,"type":1,"subtype":5,"value":0.04062,"recordDate":null,"divPayDate":null,"isLock":null,"updated":null},{"symbol":"MIXT","date":1534953600000,"type":1,"subtype":5,"value":0.0398,"recordDate":null,"divPayDate":null,"isLock":null,"updated":null},{"symbol":"MIXT","date":1527696000000,"type":1,"subtype":5,"value":0.04413,"recordDate":null,"divPayDate":null,"isLock":null,"updated":null},{"symbol":"MIXT","date":1519228800000,"type":1,"subtype":5,"value":0.04044,"recordDate":1519315200000,"divPayDate":null,"isLock":null,"updated":null},{"symbol":"MIXT","date":1511280000000,"type":1,"subtype":5,"value":0.0341,"recordDate":1511452800000,"divPayDate":null,"isLock":null,"updated":null},{"symbol":"MIXT","date":1503417600000,"type":1,"subtype":5,"value":0.03595,"recordDate":1503590400000,"divPayDate":null,"isLock":null,"updated":null},{"symbol":"MIXT","date":1497283200000,"type":1,"subtype":5,"value":0.0289,"recordDate":1497456000000,"divPayDate":null,"isLock":null,"updated":null},{"symbol":"MIXT","date":1487692800000,"type":1,"subtype":5,"value":0.02862,"recordDate":1487865600000,"divPayDate":null,"isLock":null,"updated":null},{"symbol":"MIXT","date":1479744000000,"type":1,"subtype":5,"value":0.02705,"recordDate":1480003200000,"divPayDate":null,"isLock":null,"updated":null},{"symbol":"MIXT","date":1471968000000,"type":1,"subtype":5,"value":0.0258,"recordDate":1472140800000,"divPayDate":null,"isLock":null,"updated":null},{"symbol":"MIXT","date":1466611200000,"type":1,"subtype":5,"value":0.02737,"recordDate":1466956800000,"divPayDate":null,"isLock":null,"updated":null},{"symbol":"MIXT","date":1456243200000,"type":1,"subtype":5,"value":0.02344,"recordDate":1456416000000,"divPayDate":null,"isLock":null,"updated":null},{"symbol":"MIXT","date":1448294400000,"type":1,"subtype":5,"value":0.02585,"recordDate":1448553600000,"divPayDate":null,"isLock":null,"updated":null},{"symbol":"MIXT","date":1442332800000,"type":1,"subtype":5,"value":0.13867,"recordDate":1442505600000,"divPayDate":null,"isLock":null,"updated":null}]}