{"list":[{"symbol":"MR","date":1551369600000,"type":2,"subtype":7,"value":0.06667,"recordDate":null,"divPayDate":null,"isLock":null,"updated":null},{"symbol":"MR","date":1426521600000,"type":1,"subtype":5,"value":0.36,"recordDate":1426694400000,"divPayDate":null,"isLock":null,"updated":null},{"symbol":"MR","date":1394553600000,"type":1,"subtype":5,"value":0.46,"recordDate":null,"divPayDate":null,"isLock":null,"updated":null},{"symbol":"MR","date":1362499200000,"type":1,"subtype":5,"value":0.46,"recordDate":null,"divPayDate":null,"isLock":null,"updated":null},{"symbol":"MR","date":1331049600000,"type":1,"subtype":5,"value":0.36,"recordDate":null,"divPayDate":null,"isLock":null,"updated":null}]}