{"list":[{"symbol":"MRNA","date":1501689600000,"type":2,"subtype":7,"value":0.1,"recordDate":null,"divPayDate":null,"isLock":null,"updated":null},{"symbol":"MRNA","date":1324569600000,"type":2,"subtype":7,"value":0.1,"recordDate":null,"divPayDate":null,"isLock":null,"updated":null},{"symbol":"MRNA","date":1279728000000,"type":2,"subtype":7,"value":0.25,"recordDate":null,"divPayDate":null,"isLock":null,"updated":null},{"symbol":"MRNA","date":752774400000,"type":2,"subtype":7,"value":0.33333,"recordDate":null,"divPayDate":null,"isLock":null,"updated":null}]}