{"list":[{"symbol":"MSBF","date":1542729600000,"type":1,"subtype":5,"value":0.46,"recordDate":null,"divPayDate":null,"isLock":null,"updated":null},{"symbol":"MSBF","date":1527609600000,"type":1,"subtype":5,"value":0.445,"recordDate":null,"divPayDate":null,"isLock":null,"updated":null},{"symbol":"MSBF","date":1504627200000,"type":1,"subtype":5,"value":0.425,"recordDate":1504713600000,"divPayDate":null,"isLock":null,"updated":null},{"symbol":"MSBF","date":1340726400000,"type":1,"subtype":5,"value":0.03,"recordDate":null,"divPayDate":null,"isLock":null,"updated":null}]}