{"list":[{"symbol":"MSEX","date":1557763200000,"type":1,"subtype":5,"value":0.24,"recordDate":1557849600000,"divPayDate":null,"isLock":null,"updated":null},{"symbol":"MSEX","date":1550073600000,"type":1,"subtype":5,"value":0.24,"recordDate":1550160000000,"divPayDate":null,"isLock":null,"updated":null},{"symbol":"MSEX","date":1542124800000,"type":1,"subtype":5,"value":0.24,"recordDate":1542211200000,"divPayDate":null,"isLock":null,"updated":null},{"symbol":"MSEX","date":1534176000000,"type":1,"subtype":5,"value":0.22375,"recordDate":null,"divPayDate":null,"isLock":null,"updated":null},{"symbol":"MSEX","date":1526227200000,"type":1,"subtype":5,"value":0.22375,"recordDate":null,"divPayDate":null,"isLock":null,"updated":null},{"symbol":"MSEX","date":1518537600000,"type":1,"subtype":5,"value":0.22375,"recordDate":1518624000000,"divPayDate":null,"isLock":null,"updated":null},{"symbol":"MSEX","date":1510070400000,"type":1,"subtype":5,"value":0.22375,"recordDate":1510156800000,"divPayDate":null,"isLock":null,"updated":null},{"symbol":"MSEX","date":1502208000000,"type":1,"subtype":5,"value":0.21125,"recordDate":1502380800000,"divPayDate":null,"isLock":null,"updated":null},{"symbol":"MSEX","date":1494345600000,"type":1,"subtype":5,"value":0.21125,"recordDate":1494518400000,"divPayDate":null,"isLock":null,"updated":null},{"symbol":"MSEX","date":1486569600000,"type":1,"subtype":5,"value":0.21125,"recordDate":1486915200000,"divPayDate":null,"isLock":null,"updated":null},{"symbol":"MSEX","date":1478534400000,"type":1,"subtype":5,"value":0.21125,"recordDate":1478707200000,"divPayDate":null,"isLock":null,"updated":null},{"symbol":"MSEX","date":1470758400000,"type":1,"subtype":5,"value":0.19875,"recordDate":1470931200000,"divPayDate":null,"isLock":null,"updated":null},{"symbol":"MSEX","date":1462896000000,"type":1,"subtype":5,"value":0.19875,"recordDate":1463068800000,"divPayDate":null,"isLock":null,"updated":null},{"symbol":"MSEX","date":1455033600000,"type":1,"subtype":5,"value":0.19875,"recordDate":1455206400000,"divPayDate":null,"isLock":null,"updated":null},{"symbol":"MSEX","date":1446998400000,"type":1,"subtype":5,"value":0.19875,"recordDate":1447257600000,"divPayDate":null,"isLock":null,"updated":null},{"symbol":"MSEX","date":1439308800000,"type":1,"subtype":5,"value":0.1925,"recordDate":1439481600000,"divPayDate":null,"isLock":null,"updated":null},{"symbol":"MSEX","date":1431446400000,"type":1,"subtype":5,"value":0.1925,"recordDate":1431619200000,"divPayDate":null,"isLock":null,"updated":null},{"symbol":"MSEX","date":1423584000000,"type":1,"subtype":5,"value":0.1925,"recordDate":1423756800000,"divPayDate":null,"isLock":null,"updated":null},{"symbol":"MSEX","date":1415721600000,"type":1,"subtype":5,"value":0.1925,"recordDate":1415894400000,"divPayDate":null,"isLock":null,"updated":null},{"symbol":"MSEX","date":1407859200000,"type":1,"subtype":5,"value":0.19,"recordDate":1408032000000,"divPayDate":null,"isLock":null,"updated":null},{"symbol":"MSEX","date":1399910400000,"type":1,"subtype":5,"value":0.19,"recordDate":null,"divPayDate":null,"isLock":null,"updated":null},{"symbol":"MSEX","date":1392134400000,"type":1,"subtype":5,"value":0.19,"recordDate":null,"divPayDate":null,"isLock":null,"updated":null},{"symbol":"MSEX","date":1384272000000,"type":1,"subtype":5,"value":0.19,"recordDate":null,"divPayDate":null,"isLock":null,"updated":null},{"symbol":"MSEX","date":1376323200000,"type":1,"subtype":5,"value":0.1875,"recordDate":null,"divPayDate":null,"isLock":null,"updated":null},{"symbol":"MSEX","date":1368374400000,"type":1,"subtype":5,"value":0.1875,"recordDate":null,"divPayDate":null,"isLock":null,"updated":null},{"symbol":"MSEX","date":1360684800000,"type":1,"subtype":5,"value":0.1875,"recordDate":null,"divPayDate":null,"isLock":null,"updated":null},{"symbol":"MSEX","date":1352736000000,"type":1,"subtype":5,"value":0.1875,"recordDate":null,"divPayDate":null,"isLock":null,"updated":null},{"symbol":"MSEX","date":1344787200000,"type":1,"subtype":5,"value":0.185,"recordDate":null,"divPayDate":null,"isLock":null,"updated":null},{"symbol":"MSEX","date":1068998400000,"type":2,"subtype":8,"value":1.33333,"recordDate":1439481600000,"divPayDate":null,"isLock":null,"updated":null},{"symbol":"MSEX","date":1009987200000,"type":2,"subtype":8,"value":1.5,"recordDate":null,"divPayDate":null,"isLock":null,"updated":null},{"symbol":"MSEX","date":717955200000,"type":2,"subtype":8,"value":2.0,"recordDate":null,"divPayDate":null,"isLock":null,"updated":null}]}