{"list":[{"symbol":"MXF","date":1563724800000,"type":1,"subtype":5,"value":0.25,"recordDate":null,"divPayDate":null,"isLock":null,"updated":null},{"symbol":"MXF","date":1555862400000,"type":1,"subtype":5,"value":0.25,"recordDate":null,"divPayDate":null,"isLock":null,"updated":null},{"symbol":"MXF","date":1548086400000,"type":1,"subtype":5,"value":0.25,"recordDate":null,"divPayDate":null,"isLock":null,"updated":null},{"symbol":"MXF","date":1539619200000,"type":1,"subtype":5,"value":0.25,"recordDate":null,"divPayDate":null,"isLock":null,"updated":null},{"symbol":"MXF","date":1531756800000,"type":1,"subtype":5,"value":0.15,"recordDate":null,"divPayDate":null,"isLock":null,"updated":null},{"symbol":"MXF","date":1523980800000,"type":1,"subtype":5,"value":0.15,"recordDate":1524067200000,"divPayDate":null,"isLock":null,"updated":null},{"symbol":"MXF","date":1516118400000,"type":1,"subtype":5,"value":0.13,"recordDate":1516204800000,"divPayDate":null,"isLock":null,"updated":null},{"symbol":"MXF","date":1508083200000,"type":1,"subtype":5,"value":0.13,"recordDate":1508169600000,"divPayDate":null,"isLock":null,"updated":null},{"symbol":"MXF","date":1499961600000,"type":1,"subtype":5,"value":0.13,"recordDate":1500307200000,"divPayDate":null,"isLock":null,"updated":null},{"symbol":"MXF","date":1492444800000,"type":1,"subtype":5,"value":0.13,"recordDate":1492617600000,"divPayDate":null,"isLock":null,"updated":null},{"symbol":"MXF","date":1483459200000,"type":1,"subtype":5,"value":0.1415,"recordDate":1483632000000,"divPayDate":null,"isLock":null,"updated":null},{"symbol":"MXF","date":1476374400000,"type":1,"subtype":5,"value":0.1415,"recordDate":1476720000000,"divPayDate":null,"isLock":null,"updated":null},{"symbol":"MXF","date":1468252800000,"type":1,"subtype":5,"value":0.2831,"recordDate":1468425600000,"divPayDate":null,"isLock":null,"updated":null},{"symbol":"MXF","date":1460390400000,"type":1,"subtype":5,"value":0.2831,"recordDate":1460563200000,"divPayDate":null,"isLock":null,"updated":null},{"symbol":"MXF","date":1450627200000,"type":1,"subtype":5,"value":0.3396,"recordDate":1450800000000,"divPayDate":null,"isLock":null,"updated":null},{"symbol":"MXF","date":1444233600000,"type":1,"subtype":5,"value":0.3396,"recordDate":1444665600000,"divPayDate":null,"isLock":null,"updated":null},{"symbol":"MXF","date":1436457600000,"type":1,"subtype":5,"value":0.566,"recordDate":1436803200000,"divPayDate":null,"isLock":null,"updated":null},{"symbol":"MXF","date":1428336000000,"type":1,"subtype":5,"value":0.566,"recordDate":1428508800000,"divPayDate":null,"isLock":null,"updated":null},{"symbol":"MXF","date":1419264000000,"type":1,"subtype":5,"value":0.7326,"recordDate":1419523200000,"divPayDate":null,"isLock":null,"updated":null},{"symbol":"MXF","date":1412870400000,"type":1,"subtype":5,"value":0.715,"recordDate":1413302400000,"divPayDate":null,"isLock":null,"updated":null},{"symbol":"MXF","date":1405008000000,"type":1,"subtype":5,"value":0.715,"recordDate":null,"divPayDate":null,"isLock":null,"updated":null},{"symbol":"MXF","date":1396800000000,"type":1,"subtype":5,"value":0.715,"recordDate":null,"divPayDate":null,"isLock":null,"updated":null},{"symbol":"MXF","date":1387728000000,"type":1,"subtype":5,"value":0.8648,"recordDate":null,"divPayDate":null,"isLock":null,"updated":null},{"symbol":"MXF","date":1381075200000,"type":1,"subtype":5,"value":0.7703,"recordDate":null,"divPayDate":null,"isLock":null,"updated":null},{"symbol":"MXF","date":1373817600000,"type":1,"subtype":5,"value":0.7703,"recordDate":null,"divPayDate":null,"isLock":null,"updated":null},{"symbol":"MXF","date":1365350400000,"type":1,"subtype":5,"value":0.7703,"recordDate":null,"divPayDate":null,"isLock":null,"updated":null},{"symbol":"MXF","date":1356019200000,"type":1,"subtype":5,"value":0.6262,"recordDate":null,"divPayDate":null,"isLock":null,"updated":null},{"symbol":"MXF","date":1349884800000,"type":1,"subtype":5,"value":0.596,"recordDate":null,"divPayDate":null,"isLock":null,"updated":null},{"symbol":"MXF","date":1342454400000,"type":1,"subtype":5,"value":0.596,"recordDate":null,"divPayDate":null,"isLock":null,"updated":null},{"symbol":"MXF","date":548953200000,"type":2,"subtype":8,"value":1.1,"recordDate":1436803200000,"divPayDate":null,"isLock":null,"updated":null}]}