{"list":[{"symbol":"NEWTZ","date":1560355200000,"type":1,"subtype":5,"value":0.46875,"recordDate":null,"divPayDate":null,"isLock":null,"updated":null},{"symbol":"NEWTZ","date":1552492800000,"type":1,"subtype":5,"value":0.46875,"recordDate":null,"divPayDate":null,"isLock":null,"updated":null},{"symbol":"NEWTZ","date":1544630400000,"type":1,"subtype":5,"value":0.46875,"recordDate":null,"divPayDate":null,"isLock":null,"updated":null},{"symbol":"NEWTZ","date":1536768000000,"type":1,"subtype":5,"value":0.46875,"recordDate":null,"divPayDate":null,"isLock":null,"updated":null},{"symbol":"NEWTZ","date":1528905600000,"type":1,"subtype":5,"value":0.46875,"recordDate":null,"divPayDate":null,"isLock":null,"updated":null},{"symbol":"NEWTZ","date":1520956800000,"type":1,"subtype":5,"value":0.46875,"recordDate":1521043200000,"divPayDate":null,"isLock":null,"updated":null},{"symbol":"NEWTZ","date":1513180800000,"type":1,"subtype":5,"value":0.46875,"recordDate":1513267200000,"divPayDate":null,"isLock":null,"updated":null},{"symbol":"NEWTZ","date":1505318400000,"type":1,"subtype":5,"value":0.46875,"recordDate":1505404800000,"divPayDate":null,"isLock":null,"updated":null},{"symbol":"NEWTZ","date":1497283200000,"type":1,"subtype":5,"value":0.46875,"recordDate":1497456000000,"divPayDate":null,"isLock":null,"updated":null},{"symbol":"NEWTZ","date":1489334400000,"type":1,"subtype":5,"value":0.46875,"recordDate":1489507200000,"divPayDate":null,"isLock":null,"updated":null},{"symbol":"NEWTZ","date":1481558400000,"type":1,"subtype":5,"value":0.46875,"recordDate":1481731200000,"divPayDate":null,"isLock":null,"updated":null},{"symbol":"NEWTZ","date":1473696000000,"type":1,"subtype":5,"value":0.46875,"recordDate":1473868800000,"divPayDate":null,"isLock":null,"updated":null},{"symbol":"NEWTZ","date":1465747200000,"type":1,"subtype":5,"value":0.46875,"recordDate":1465920000000,"divPayDate":null,"isLock":null,"updated":null},{"symbol":"NEWTZ","date":1457625600000,"type":1,"subtype":5,"value":0.46875,"recordDate":1457971200000,"divPayDate":null,"isLock":null,"updated":null},{"symbol":"NEWTZ","date":1449763200000,"type":1,"subtype":5,"value":0.50871,"recordDate":1450108800000,"divPayDate":null,"isLock":null,"updated":null}]}