{"list":[{"symbol":"NGHCP","date":1561651200000,"type":1,"subtype":5,"value":0.46875,"recordDate":null,"divPayDate":null,"isLock":null,"updated":null},{"symbol":"NGHCP","date":1553788800000,"type":1,"subtype":5,"value":0.46875,"recordDate":null,"divPayDate":null,"isLock":null,"updated":null},{"symbol":"NGHCP","date":1545926400000,"type":1,"subtype":5,"value":0.46875,"recordDate":null,"divPayDate":null,"isLock":null,"updated":null},{"symbol":"NGHCP","date":1538064000000,"type":1,"subtype":5,"value":0.46875,"recordDate":null,"divPayDate":null,"isLock":null,"updated":null},{"symbol":"NGHCP","date":1530115200000,"type":1,"subtype":5,"value":0.46875,"recordDate":null,"divPayDate":null,"isLock":null,"updated":null},{"symbol":"NGHCP","date":1522166400000,"type":1,"subtype":5,"value":0.46875,"recordDate":1522512000000,"divPayDate":null,"isLock":null,"updated":null},{"symbol":"NGHCP","date":1514390400000,"type":1,"subtype":5,"value":0.46875,"recordDate":1514736000000,"divPayDate":null,"isLock":null,"updated":null},{"symbol":"NGHCP","date":1506528000000,"type":1,"subtype":5,"value":0.46875,"recordDate":1506787200000,"divPayDate":null,"isLock":null,"updated":null},{"symbol":"NGHCP","date":1498579200000,"type":1,"subtype":5,"value":0.46875,"recordDate":1498838400000,"divPayDate":null,"isLock":null,"updated":null},{"symbol":"NGHCP","date":1490716800000,"type":1,"subtype":5,"value":0.46875,"recordDate":1490976000000,"divPayDate":null,"isLock":null,"updated":null},{"symbol":"NGHCP","date":1482854400000,"type":1,"subtype":5,"value":0.46875,"recordDate":1483200000000,"divPayDate":null,"isLock":null,"updated":null},{"symbol":"NGHCP","date":1474992000000,"type":1,"subtype":5,"value":0.46875,"recordDate":1475251200000,"divPayDate":null,"isLock":null,"updated":null},{"symbol":"NGHCP","date":1467129600000,"type":1,"subtype":5,"value":0.46875,"recordDate":1467302400000,"divPayDate":null,"isLock":null,"updated":null},{"symbol":"NGHCP","date":1459267200000,"type":1,"subtype":5,"value":0.46875,"recordDate":1459440000000,"divPayDate":null,"isLock":null,"updated":null},{"symbol":"NGHCP","date":1451404800000,"type":1,"subtype":5,"value":0.46875,"recordDate":1451836800000,"divPayDate":null,"isLock":null,"updated":null},{"symbol":"NGHCP","date":1443456000000,"type":1,"subtype":5,"value":0.46875,"recordDate":1443628800000,"divPayDate":null,"isLock":null,"updated":null},{"symbol":"NGHCP","date":1435507200000,"type":1,"subtype":5,"value":0.46875,"recordDate":1435680000000,"divPayDate":null,"isLock":null,"updated":null},{"symbol":"NGHCP","date":1427644800000,"type":1,"subtype":5,"value":0.46875,"recordDate":1427817600000,"divPayDate":null,"isLock":null,"updated":null},{"symbol":"NGHCP","date":1419782400000,"type":1,"subtype":5,"value":0.46875,"recordDate":1420041600000,"divPayDate":null,"isLock":null,"updated":null},{"symbol":"NGHCP","date":1411920000000,"type":1,"subtype":5,"value":0.57292,"recordDate":1412092800000,"divPayDate":null,"isLock":null,"updated":null}]}