{"list":[{"symbol":"NJR","date":1560441600000,"type":1,"subtype":5,"value":0.2925,"recordDate":null,"divPayDate":null,"isLock":null,"updated":null},{"symbol":"NJR","date":1552492800000,"type":1,"subtype":5,"value":0.2925,"recordDate":null,"divPayDate":null,"isLock":null,"updated":null},{"symbol":"NJR","date":1544630400000,"type":1,"subtype":5,"value":0.2925,"recordDate":null,"divPayDate":null,"isLock":null,"updated":null},{"symbol":"NJR","date":1537372800000,"type":1,"subtype":5,"value":0.2925,"recordDate":null,"divPayDate":null,"isLock":null,"updated":null},{"symbol":"NJR","date":1528905600000,"type":1,"subtype":5,"value":0.2725,"recordDate":null,"divPayDate":null,"isLock":null,"updated":null},{"symbol":"NJR","date":1520956800000,"type":1,"subtype":5,"value":0.2725,"recordDate":null,"divPayDate":null,"isLock":null,"updated":null},{"symbol":"NJR","date":1513180800000,"type":1,"subtype":5,"value":0.2725,"recordDate":1513267200000,"divPayDate":null,"isLock":null,"updated":null},{"symbol":"NJR","date":1505923200000,"type":1,"subtype":5,"value":0.2725,"recordDate":1506009600000,"divPayDate":null,"isLock":null,"updated":null},{"symbol":"NJR","date":1497283200000,"type":1,"subtype":5,"value":0.255,"recordDate":1497456000000,"divPayDate":null,"isLock":null,"updated":null},{"symbol":"NJR","date":1489334400000,"type":1,"subtype":5,"value":0.255,"recordDate":1489507200000,"divPayDate":null,"isLock":null,"updated":null},{"symbol":"NJR","date":1481558400000,"type":1,"subtype":5,"value":0.255,"recordDate":1481731200000,"divPayDate":null,"isLock":null,"updated":null},{"symbol":"NJR","date":1474387200000,"type":1,"subtype":5,"value":0.255,"recordDate":1474560000000,"divPayDate":null,"isLock":null,"updated":null},{"symbol":"NJR","date":1465747200000,"type":1,"subtype":5,"value":0.24,"recordDate":1465920000000,"divPayDate":null,"isLock":null,"updated":null},{"symbol":"NJR","date":1457625600000,"type":1,"subtype":5,"value":0.24,"recordDate":1457971200000,"divPayDate":null,"isLock":null,"updated":null},{"symbol":"NJR","date":1449763200000,"type":1,"subtype":5,"value":0.24,"recordDate":1450108800000,"divPayDate":null,"isLock":null,"updated":null},{"symbol":"NJR","date":1441900800000,"type":1,"subtype":5,"value":0.24,"recordDate":1442246400000,"divPayDate":null,"isLock":null,"updated":null},{"symbol":"NJR","date":1433952000000,"type":1,"subtype":5,"value":0.225,"recordDate":1434297600000,"divPayDate":null,"isLock":null,"updated":null},{"symbol":"NJR","date":1426003200000,"type":1,"subtype":5,"value":0.225,"recordDate":1426176000000,"divPayDate":null,"isLock":null,"updated":null},{"symbol":"NJR","date":1425398400000,"type":2,"subtype":8,"value":2.0,"recordDate":1442246400000,"divPayDate":null,"isLock":null,"updated":null},{"symbol":"NJR","date":1418227200000,"type":1,"subtype":5,"value":0.45,"recordDate":1418572800000,"divPayDate":null,"isLock":null,"updated":null},{"symbol":"NJR","date":1410969600000,"type":1,"subtype":5,"value":0.45,"recordDate":1411315200000,"divPayDate":null,"isLock":null,"updated":null},{"symbol":"NJR","date":1410364800000,"type":1,"subtype":5,"value":0.42,"recordDate":1410710400000,"divPayDate":null,"isLock":null,"updated":null},{"symbol":"NJR","date":1402416000000,"type":1,"subtype":5,"value":0.42,"recordDate":null,"divPayDate":null,"isLock":null,"updated":null},{"symbol":"NJR","date":1394553600000,"type":1,"subtype":5,"value":0.42,"recordDate":null,"divPayDate":null,"isLock":null,"updated":null},{"symbol":"NJR","date":1386691200000,"type":1,"subtype":5,"value":0.42,"recordDate":null,"divPayDate":null,"isLock":null,"updated":null},{"symbol":"NJR","date":1379520000000,"type":1,"subtype":5,"value":0.42,"recordDate":null,"divPayDate":null,"isLock":null,"updated":null},{"symbol":"NJR","date":1378915200000,"type":1,"subtype":5,"value":0.4,"recordDate":null,"divPayDate":null,"isLock":null,"updated":null},{"symbol":"NJR","date":1370966400000,"type":1,"subtype":5,"value":0.4,"recordDate":null,"divPayDate":null,"isLock":null,"updated":null},{"symbol":"NJR","date":1363104000000,"type":1,"subtype":5,"value":0.4,"recordDate":null,"divPayDate":null,"isLock":null,"updated":null},{"symbol":"NJR","date":1355241600000,"type":1,"subtype":5,"value":0.4,"recordDate":null,"divPayDate":null,"isLock":null,"updated":null},{"symbol":"NJR","date":1348070400000,"type":1,"subtype":5,"value":0.4,"recordDate":null,"divPayDate":null,"isLock":null,"updated":null},{"symbol":"NJR","date":1347379200000,"type":1,"subtype":5,"value":0.38,"recordDate":null,"divPayDate":null,"isLock":null,"updated":null},{"symbol":"NJR","date":1204560000000,"type":2,"subtype":8,"value":1.5,"recordDate":1426176000000,"divPayDate":null,"isLock":null,"updated":null},{"symbol":"NJR","date":1015171200000,"type":2,"subtype":8,"value":1.5,"recordDate":null,"divPayDate":null,"isLock":null,"updated":null},{"symbol":"NJR","date":541699200000,"type":2,"subtype":8,"value":2.0,"recordDate":null,"divPayDate":null,"isLock":null,"updated":null}]}