{"list":[{"symbol":"NUS","date":1559145600000,"type":1,"subtype":5,"value":0.37,"recordDate":1559232000000,"divPayDate":null,"isLock":null,"updated":null},{"symbol":"NUS","date":1550764800000,"type":1,"subtype":5,"value":0.37,"recordDate":1551024000000,"divPayDate":null,"isLock":null,"updated":null},{"symbol":"NUS","date":1543420800000,"type":1,"subtype":5,"value":0.365,"recordDate":1543507200000,"divPayDate":null,"isLock":null,"updated":null},{"symbol":"NUS","date":1535558400000,"type":1,"subtype":5,"value":0.365,"recordDate":1535644800000,"divPayDate":null,"isLock":null,"updated":null},{"symbol":"NUS","date":1527091200000,"type":1,"subtype":5,"value":0.365,"recordDate":1527177600000,"divPayDate":null,"isLock":null,"updated":null},{"symbol":"NUS","date":1519315200000,"type":1,"subtype":5,"value":0.365,"recordDate":1519574400000,"divPayDate":null,"isLock":null,"updated":null},{"symbol":"NUS","date":1510761600000,"type":1,"subtype":5,"value":0.36,"recordDate":1510848000000,"divPayDate":null,"isLock":null,"updated":null},{"symbol":"NUS","date":1503417600000,"type":1,"subtype":5,"value":0.36,"recordDate":1503590400000,"divPayDate":null,"isLock":null,"updated":null},{"symbol":"NUS","date":1495555200000,"type":1,"subtype":5,"value":0.36,"recordDate":1495728000000,"divPayDate":null,"isLock":null,"updated":null},{"symbol":"NUS","date":1487779200000,"type":1,"subtype":5,"value":0.36,"recordDate":1488124800000,"divPayDate":null,"isLock":null,"updated":null},{"symbol":"NUS","date":1479225600000,"type":1,"subtype":5,"value":0.355,"recordDate":1479398400000,"divPayDate":null,"isLock":null,"updated":null},{"symbol":"NUS","date":1471968000000,"type":1,"subtype":5,"value":0.355,"recordDate":1472140800000,"divPayDate":null,"isLock":null,"updated":null},{"symbol":"NUS","date":1464105600000,"type":1,"subtype":5,"value":0.355,"recordDate":1464278400000,"divPayDate":null,"isLock":null,"updated":null},{"symbol":"NUS","date":1456243200000,"type":1,"subtype":5,"value":0.355,"recordDate":1456416000000,"divPayDate":null,"isLock":null,"updated":null},{"symbol":"NUS","date":1447776000000,"type":1,"subtype":5,"value":0.35,"recordDate":1447948800000,"divPayDate":null,"isLock":null,"updated":null},{"symbol":"NUS","date":1440518400000,"type":1,"subtype":5,"value":0.35,"recordDate":1440691200000,"divPayDate":null,"isLock":null,"updated":null},{"symbol":"NUS","date":1432051200000,"type":1,"subtype":5,"value":0.35,"recordDate":1432224000000,"divPayDate":null,"isLock":null,"updated":null},{"symbol":"NUS","date":1424793600000,"type":1,"subtype":5,"value":0.35,"recordDate":1424966400000,"divPayDate":null,"isLock":null,"updated":null},{"symbol":"NUS","date":1416326400000,"type":1,"subtype":5,"value":0.345,"recordDate":1416499200000,"divPayDate":null,"isLock":null,"updated":null},{"symbol":"NUS","date":1410278400000,"type":1,"subtype":5,"value":0.345,"recordDate":1410451200000,"divPayDate":null,"isLock":null,"updated":null},{"symbol":"NUS","date":1400601600000,"type":1,"subtype":5,"value":0.345,"recordDate":null,"divPayDate":null,"isLock":null,"updated":null},{"symbol":"NUS","date":1394553600000,"type":1,"subtype":5,"value":0.345,"recordDate":null,"divPayDate":null,"isLock":null,"updated":null},{"symbol":"NUS","date":1384876800000,"type":1,"subtype":5,"value":0.3,"recordDate":null,"divPayDate":null,"isLock":null,"updated":null},{"symbol":"NUS","date":1377014400000,"type":1,"subtype":5,"value":0.3,"recordDate":null,"divPayDate":null,"isLock":null,"updated":null},{"symbol":"NUS","date":1369152000000,"type":1,"subtype":5,"value":0.3,"recordDate":null,"divPayDate":null,"isLock":null,"updated":null},{"symbol":"NUS","date":1361289600000,"type":1,"subtype":5,"value":0.3,"recordDate":null,"divPayDate":null,"isLock":null,"updated":null},{"symbol":"NUS","date":1352390400000,"type":1,"subtype":5,"value":0.2,"recordDate":null,"divPayDate":null,"isLock":null,"updated":null},{"symbol":"NUS","date":1345564800000,"type":1,"subtype":5,"value":0.2,"recordDate":null,"divPayDate":null,"isLock":null,"updated":null}]}