{"list":[{"symbol":"NYMTN","date":1561651200000,"type":1,"subtype":5,"value":0.5,"recordDate":null,"divPayDate":null,"isLock":null,"updated":null},{"symbol":"NYMTN","date":1553788800000,"type":1,"subtype":5,"value":0.5,"recordDate":null,"divPayDate":null,"isLock":null,"updated":null},{"symbol":"NYMTN","date":1545926400000,"type":1,"subtype":5,"value":0.5,"recordDate":null,"divPayDate":null,"isLock":null,"updated":null},{"symbol":"NYMTN","date":1538064000000,"type":1,"subtype":5,"value":0.5,"recordDate":null,"divPayDate":null,"isLock":null,"updated":null},{"symbol":"NYMTN","date":1530115200000,"type":1,"subtype":5,"value":0.5,"recordDate":null,"divPayDate":null,"isLock":null,"updated":null},{"symbol":"NYMTN","date":1522166400000,"type":1,"subtype":5,"value":0.5,"recordDate":null,"divPayDate":null,"isLock":null,"updated":null},{"symbol":"NYMTN","date":1514390400000,"type":1,"subtype":5,"value":0.51111,"recordDate":1514736000000,"divPayDate":null,"isLock":null,"updated":null}]}