{"list":[{"symbol":"OAK","date":1556812800000,"type":1,"subtype":5,"value":1.05,"recordDate":1557072000000,"divPayDate":null,"isLock":null,"updated":null},{"symbol":"OAK","date":1550073600000,"type":1,"subtype":5,"value":0.75,"recordDate":1550160000000,"divPayDate":null,"isLock":null,"updated":null},{"symbol":"OAK","date":1541088000000,"type":1,"subtype":5,"value":0.7,"recordDate":1541347200000,"divPayDate":null,"isLock":null,"updated":null},{"symbol":"OAK","date":1533225600000,"type":1,"subtype":5,"value":0.55,"recordDate":1533484800000,"divPayDate":null,"isLock":null,"updated":null},{"symbol":"OAK","date":1525363200000,"type":1,"subtype":5,"value":0.96,"recordDate":1525622400000,"divPayDate":null,"isLock":null,"updated":null},{"symbol":"OAK","date":1518624000000,"type":1,"subtype":5,"value":0.76,"recordDate":1518710400000,"divPayDate":null,"isLock":null,"updated":null},{"symbol":"OAK","date":1509638400000,"type":1,"subtype":5,"value":0.56,"recordDate":1509897600000,"divPayDate":null,"isLock":null,"updated":null},{"symbol":"OAK","date":1501689600000,"type":1,"subtype":5,"value":1.31,"recordDate":1502035200000,"divPayDate":null,"isLock":null,"updated":null},{"symbol":"OAK","date":1493827200000,"type":1,"subtype":5,"value":0.71,"recordDate":1494172800000,"divPayDate":null,"isLock":null,"updated":null},{"symbol":"OAK","date":1487088000000,"type":1,"subtype":5,"value":0.63,"recordDate":1487260800000,"divPayDate":null,"isLock":null,"updated":null},{"symbol":"OAK","date":1478102400000,"type":1,"subtype":5,"value":0.65,"recordDate":1478448000000,"divPayDate":null,"isLock":null,"updated":null},{"symbol":"OAK","date":1470240000000,"type":1,"subtype":5,"value":0.58,"recordDate":1470585600000,"divPayDate":null,"isLock":null,"updated":null},{"symbol":"OAK","date":1462377600000,"type":1,"subtype":5,"value":0.55,"recordDate":1462723200000,"divPayDate":null,"isLock":null,"updated":null},{"symbol":"OAK","date":1455638400000,"type":1,"subtype":5,"value":0.47,"recordDate":1455811200000,"divPayDate":null,"isLock":null,"updated":null},{"symbol":"OAK","date":1446652800000,"type":1,"subtype":5,"value":0.4,"recordDate":1446998400000,"divPayDate":null,"isLock":null,"updated":null},{"symbol":"OAK","date":1438790400000,"type":1,"subtype":5,"value":0.5,"recordDate":1439136000000,"divPayDate":null,"isLock":null,"updated":null},{"symbol":"OAK","date":1430928000000,"type":1,"subtype":5,"value":0.64,"recordDate":1431273600000,"divPayDate":null,"isLock":null,"updated":null},{"symbol":"OAK","date":1424102400000,"type":1,"subtype":5,"value":0.56,"recordDate":1424275200000,"divPayDate":null,"isLock":null,"updated":null},{"symbol":"OAK","date":1415203200000,"type":1,"subtype":5,"value":0.62,"recordDate":1415548800000,"divPayDate":null,"isLock":null,"updated":null},{"symbol":"OAK","date":1407340800000,"type":1,"subtype":5,"value":0.55,"recordDate":1407686400000,"divPayDate":null,"isLock":null,"updated":null},{"symbol":"OAK","date":1399478400000,"type":1,"subtype":5,"value":0.98,"recordDate":null,"divPayDate":null,"isLock":null,"updated":null},{"symbol":"OAK","date":1392825600000,"type":1,"subtype":5,"value":1.0,"recordDate":null,"divPayDate":null,"isLock":null,"updated":null},{"symbol":"OAK","date":1383840000000,"type":1,"subtype":5,"value":0.74,"recordDate":null,"divPayDate":null,"isLock":null,"updated":null},{"symbol":"OAK","date":1376409600000,"type":1,"subtype":5,"value":1.51,"recordDate":null,"divPayDate":null,"isLock":null,"updated":null},{"symbol":"OAK","date":1368547200000,"type":1,"subtype":5,"value":1.41,"recordDate":null,"divPayDate":null,"isLock":null,"updated":null},{"symbol":"OAK","date":1361376000000,"type":1,"subtype":5,"value":1.05,"recordDate":null,"divPayDate":null,"isLock":null,"updated":null},{"symbol":"OAK","date":1352822400000,"type":1,"subtype":5,"value":0.55,"recordDate":null,"divPayDate":null,"isLock":null,"updated":null},{"symbol":"OAK","date":1344960000000,"type":1,"subtype":5,"value":0.79,"recordDate":null,"divPayDate":null,"isLock":null,"updated":null}]}