{"list":[{"symbol":"OGS","date":1557763200000,"type":1,"subtype":5,"value":0.5,"recordDate":1557849600000,"divPayDate":null,"isLock":null,"updated":null},{"symbol":"OGS","date":1550678400000,"type":1,"subtype":5,"value":0.5,"recordDate":1550764800000,"divPayDate":null,"isLock":null,"updated":null},{"symbol":"OGS","date":1541692800000,"type":1,"subtype":5,"value":0.46,"recordDate":1542038400000,"divPayDate":null,"isLock":null,"updated":null},{"symbol":"OGS","date":1533830400000,"type":1,"subtype":5,"value":0.46,"recordDate":1534089600000,"divPayDate":null,"isLock":null,"updated":null},{"symbol":"OGS","date":1525968000000,"type":1,"subtype":5,"value":0.46,"recordDate":1526227200000,"divPayDate":null,"isLock":null,"updated":null},{"symbol":"OGS","date":1519228800000,"type":1,"subtype":5,"value":0.46,"recordDate":1519315200000,"divPayDate":null,"isLock":null,"updated":null},{"symbol":"OGS","date":1510243200000,"type":1,"subtype":5,"value":0.42,"recordDate":1510502400000,"divPayDate":null,"isLock":null,"updated":null},{"symbol":"OGS","date":1502294400000,"type":1,"subtype":5,"value":0.42,"recordDate":1502640000000,"divPayDate":null,"isLock":null,"updated":null},{"symbol":"OGS","date":1494432000000,"type":1,"subtype":5,"value":0.42,"recordDate":1494777600000,"divPayDate":null,"isLock":null,"updated":null},{"symbol":"OGS","date":1487692800000,"type":1,"subtype":5,"value":0.42,"recordDate":1487865600000,"divPayDate":null,"isLock":null,"updated":null},{"symbol":"OGS","date":1478620800000,"type":1,"subtype":5,"value":0.35,"recordDate":1479052800000,"divPayDate":null,"isLock":null,"updated":null},{"symbol":"OGS","date":1470844800000,"type":1,"subtype":5,"value":0.35,"recordDate":1471190400000,"divPayDate":null,"isLock":null,"updated":null},{"symbol":"OGS","date":1462982400000,"type":1,"subtype":5,"value":0.35,"recordDate":1463328000000,"divPayDate":null,"isLock":null,"updated":null},{"symbol":"OGS","date":1456243200000,"type":1,"subtype":5,"value":0.35,"recordDate":1456416000000,"divPayDate":null,"isLock":null,"updated":null},{"symbol":"OGS","date":1447084800000,"type":1,"subtype":5,"value":0.3,"recordDate":1447344000000,"divPayDate":null,"isLock":null,"updated":null},{"symbol":"OGS","date":1439308800000,"type":1,"subtype":5,"value":0.3,"recordDate":1439481600000,"divPayDate":null,"isLock":null,"updated":null},{"symbol":"OGS","date":1431446400000,"type":1,"subtype":5,"value":0.3,"recordDate":1431619200000,"divPayDate":null,"isLock":null,"updated":null},{"symbol":"OGS","date":1424188800000,"type":1,"subtype":5,"value":0.3,"recordDate":1424361600000,"divPayDate":null,"isLock":null,"updated":null},{"symbol":"OGS","date":1414512000000,"type":1,"subtype":5,"value":0.28,"recordDate":1414684800000,"divPayDate":null,"isLock":null,"updated":null},{"symbol":"OGS","date":1406649600000,"type":1,"subtype":5,"value":0.28,"recordDate":1406822400000,"divPayDate":null,"isLock":null,"updated":null},{"symbol":"OGS","date":1398614400000,"type":1,"subtype":5,"value":0.28,"recordDate":null,"divPayDate":null,"isLock":null,"updated":null}]}