{"list":[{"symbol":"OKE","date":1556208000000,"type":1,"subtype":5,"value":0.865,"recordDate":1556467200000,"divPayDate":null,"isLock":null,"updated":null},{"symbol":"OKE","date":1548345600000,"type":1,"subtype":5,"value":0.86,"recordDate":1548604800000,"divPayDate":null,"isLock":null,"updated":null},{"symbol":"OKE","date":1541088000000,"type":1,"subtype":5,"value":0.855,"recordDate":1541347200000,"divPayDate":null,"isLock":null,"updated":null},{"symbol":"OKE","date":1533225600000,"type":1,"subtype":5,"value":0.825,"recordDate":1533484800000,"divPayDate":null,"isLock":null,"updated":null},{"symbol":"OKE","date":1524758400000,"type":1,"subtype":5,"value":0.795,"recordDate":1525017600000,"divPayDate":null,"isLock":null,"updated":null},{"symbol":"OKE","date":1516896000000,"type":1,"subtype":5,"value":0.77,"recordDate":1517155200000,"divPayDate":null,"isLock":null,"updated":null},{"symbol":"OKE","date":1509638400000,"type":1,"subtype":5,"value":0.745,"recordDate":1509897600000,"divPayDate":null,"isLock":null,"updated":null},{"symbol":"OKE","date":1501689600000,"type":1,"subtype":5,"value":0.745,"recordDate":1502035200000,"divPayDate":null,"isLock":null,"updated":null},{"symbol":"OKE","date":1493222400000,"type":1,"subtype":5,"value":0.615,"recordDate":1493568000000,"divPayDate":null,"isLock":null,"updated":null},{"symbol":"OKE","date":1485360000000,"type":1,"subtype":5,"value":0.615,"recordDate":1485705600000,"divPayDate":null,"isLock":null,"updated":null},{"symbol":"OKE","date":1477497600000,"type":1,"subtype":5,"value":0.615,"recordDate":1477843200000,"divPayDate":null,"isLock":null,"updated":null},{"symbol":"OKE","date":1470240000000,"type":1,"subtype":5,"value":0.615,"recordDate":1470585600000,"divPayDate":null,"isLock":null,"updated":null},{"symbol":"OKE","date":1461772800000,"type":1,"subtype":5,"value":0.615,"recordDate":1462118400000,"divPayDate":null,"isLock":null,"updated":null},{"symbol":"OKE","date":1453910400000,"type":1,"subtype":5,"value":0.615,"recordDate":1454256000000,"divPayDate":null,"isLock":null,"updated":null},{"symbol":"OKE","date":1446048000000,"type":1,"subtype":5,"value":0.615,"recordDate":1446393600000,"divPayDate":null,"isLock":null,"updated":null},{"symbol":"OKE","date":1438185600000,"type":1,"subtype":5,"value":0.605,"recordDate":1438531200000,"divPayDate":null,"isLock":null,"updated":null},{"symbol":"OKE","date":1430150400000,"type":1,"subtype":5,"value":0.605,"recordDate":1430323200000,"divPayDate":null,"isLock":null,"updated":null},{"symbol":"OKE","date":1422374400000,"type":1,"subtype":5,"value":0.605,"recordDate":1422547200000,"divPayDate":null,"isLock":null,"updated":null},{"symbol":"OKE","date":1414598400000,"type":1,"subtype":5,"value":0.59,"recordDate":1414944000000,"divPayDate":null,"isLock":null,"updated":null},{"symbol":"OKE","date":1406736000000,"type":1,"subtype":5,"value":0.575,"recordDate":1407081600000,"divPayDate":null,"isLock":null,"updated":null},{"symbol":"OKE","date":1398614400000,"type":1,"subtype":5,"value":0.56,"recordDate":null,"divPayDate":null,"isLock":null,"updated":null},{"symbol":"OKE","date":1391616000000,"type":1,"subtype":5,"value":0.4,"recordDate":null,"divPayDate":null,"isLock":null,"updated":null},{"symbol":"OKE","date":1383148800000,"type":1,"subtype":5,"value":0.38,"recordDate":null,"divPayDate":null,"isLock":null,"updated":null},{"symbol":"OKE","date":1375286400000,"type":1,"subtype":5,"value":0.38,"recordDate":null,"divPayDate":null,"isLock":null,"updated":null},{"symbol":"OKE","date":1366905600000,"type":1,"subtype":5,"value":0.36,"recordDate":null,"divPayDate":null,"isLock":null,"updated":null},{"symbol":"OKE","date":1359388800000,"type":1,"subtype":5,"value":0.36,"recordDate":null,"divPayDate":null,"isLock":null,"updated":null},{"symbol":"OKE","date":1351699200000,"type":1,"subtype":5,"value":0.33,"recordDate":null,"divPayDate":null,"isLock":null,"updated":null},{"symbol":"OKE","date":1343836800000,"type":1,"subtype":5,"value":0.33,"recordDate":null,"divPayDate":null,"isLock":null,"updated":null},{"symbol":"OKE","date":1338739200000,"type":2,"subtype":8,"value":2.0,"recordDate":1438531200000,"divPayDate":null,"isLock":null,"updated":null},{"symbol":"OKE","date":992275200000,"type":2,"subtype":8,"value":2.0,"recordDate":null,"divPayDate":null,"isLock":null,"updated":null},{"symbol":"OKE","date":636220800000,"type":2,"subtype":8,"value":2.0,"recordDate":null,"divPayDate":null,"isLock":null,"updated":null}]}