{"list":[{"symbol":"OLN","date":1557331200000,"type":1,"subtype":5,"value":0.2,"recordDate":1557417600000,"divPayDate":null,"isLock":null,"updated":null},{"symbol":"OLN","date":1549555200000,"type":1,"subtype":5,"value":0.2,"recordDate":1549814400000,"divPayDate":null,"isLock":null,"updated":null},{"symbol":"OLN","date":1541606400000,"type":1,"subtype":5,"value":0.2,"recordDate":1541692800000,"divPayDate":null,"isLock":null,"updated":null},{"symbol":"OLN","date":1533744000000,"type":1,"subtype":5,"value":0.2,"recordDate":1533830400000,"divPayDate":null,"isLock":null,"updated":null},{"symbol":"OLN","date":1525795200000,"type":1,"subtype":5,"value":0.2,"recordDate":1525881600000,"divPayDate":null,"isLock":null,"updated":null},{"symbol":"OLN","date":1518019200000,"type":1,"subtype":5,"value":0.2,"recordDate":1518105600000,"divPayDate":null,"isLock":null,"updated":null},{"symbol":"OLN","date":1510156800000,"type":1,"subtype":5,"value":0.2,"recordDate":1510243200000,"divPayDate":null,"isLock":null,"updated":null},{"symbol":"OLN","date":1502121600000,"type":1,"subtype":5,"value":0.2,"recordDate":1502294400000,"divPayDate":null,"isLock":null,"updated":null},{"symbol":"OLN","date":1494172800000,"type":1,"subtype":5,"value":0.2,"recordDate":1494345600000,"divPayDate":null,"isLock":null,"updated":null},{"symbol":"OLN","date":1486483200000,"type":1,"subtype":5,"value":0.2,"recordDate":1486656000000,"divPayDate":null,"isLock":null,"updated":null},{"symbol":"OLN","date":1478534400000,"type":1,"subtype":5,"value":0.2,"recordDate":1478707200000,"divPayDate":null,"isLock":null,"updated":null},{"symbol":"OLN","date":1470585600000,"type":1,"subtype":5,"value":0.2,"recordDate":1470758400000,"divPayDate":null,"isLock":null,"updated":null},{"symbol":"OLN","date":1462464000000,"type":1,"subtype":5,"value":0.2,"recordDate":1462809600000,"divPayDate":null,"isLock":null,"updated":null},{"symbol":"OLN","date":1454860800000,"type":1,"subtype":5,"value":0.2,"recordDate":1455033600000,"divPayDate":null,"isLock":null,"updated":null},{"symbol":"OLN","date":1446739200000,"type":1,"subtype":5,"value":0.2,"recordDate":1447084800000,"divPayDate":null,"isLock":null,"updated":null},{"symbol":"OLN","date":1438790400000,"type":1,"subtype":5,"value":0.2,"recordDate":1439136000000,"divPayDate":null,"isLock":null,"updated":null},{"symbol":"OLN","date":1430928000000,"type":1,"subtype":5,"value":0.2,"recordDate":1431273600000,"divPayDate":null,"isLock":null,"updated":null},{"symbol":"OLN","date":1423152000000,"type":1,"subtype":5,"value":0.2,"recordDate":1423497600000,"divPayDate":null,"isLock":null,"updated":null},{"symbol":"OLN","date":1415203200000,"type":1,"subtype":5,"value":0.2,"recordDate":1415548800000,"divPayDate":null,"isLock":null,"updated":null},{"symbol":"OLN","date":1407340800000,"type":1,"subtype":5,"value":0.2,"recordDate":1407686400000,"divPayDate":null,"isLock":null,"updated":null},{"symbol":"OLN","date":1399392000000,"type":1,"subtype":5,"value":0.2,"recordDate":null,"divPayDate":null,"isLock":null,"updated":null},{"symbol":"OLN","date":1391616000000,"type":1,"subtype":5,"value":0.2,"recordDate":null,"divPayDate":null,"isLock":null,"updated":null},{"symbol":"OLN","date":1383753600000,"type":1,"subtype":5,"value":0.2,"recordDate":null,"divPayDate":null,"isLock":null,"updated":null},{"symbol":"OLN","date":1375804800000,"type":1,"subtype":5,"value":0.2,"recordDate":null,"divPayDate":null,"isLock":null,"updated":null},{"symbol":"OLN","date":1367942400000,"type":1,"subtype":5,"value":0.2,"recordDate":null,"divPayDate":null,"isLock":null,"updated":null},{"symbol":"OLN","date":1360166400000,"type":1,"subtype":5,"value":0.2,"recordDate":null,"divPayDate":null,"isLock":null,"updated":null},{"symbol":"OLN","date":1352217600000,"type":1,"subtype":5,"value":0.2,"recordDate":null,"divPayDate":null,"isLock":null,"updated":null},{"symbol":"OLN","date":1344355200000,"type":1,"subtype":5,"value":0.2,"recordDate":null,"divPayDate":null,"isLock":null,"updated":null},{"symbol":"OLN","date":846691200000,"type":2,"subtype":8,"value":2.0,"recordDate":1439136000000,"divPayDate":null,"isLock":null,"updated":null},{"symbol":"OLN","date":242582400000,"type":2,"subtype":8,"value":2.0,"recordDate":null,"divPayDate":null,"isLock":null,"updated":null}]}