{"list":[{"symbol":"OPP","date":1560268800000,"type":1,"subtype":5,"value":0.1833,"recordDate":null,"divPayDate":null,"isLock":null,"updated":null},{"symbol":"OPP","date":1557849600000,"type":1,"subtype":5,"value":0.1833,"recordDate":null,"divPayDate":null,"isLock":null,"updated":null},{"symbol":"OPP","date":1555430400000,"type":1,"subtype":5,"value":0.1833,"recordDate":null,"divPayDate":null,"isLock":null,"updated":null},{"symbol":"OPP","date":1552406400000,"type":1,"subtype":5,"value":0.1833,"recordDate":null,"divPayDate":null,"isLock":null,"updated":null},{"symbol":"OPP","date":1549987200000,"type":1,"subtype":5,"value":0.1833,"recordDate":null,"divPayDate":null,"isLock":null,"updated":null},{"symbol":"OPP","date":1547568000000,"type":1,"subtype":5,"value":0.1833,"recordDate":null,"divPayDate":null,"isLock":null,"updated":null},{"symbol":"OPP","date":1544630400000,"type":1,"subtype":5,"value":0.15,"recordDate":1544716800000,"divPayDate":null,"isLock":null,"updated":null},{"symbol":"OPP","date":1542211200000,"type":1,"subtype":5,"value":0.15,"recordDate":1542297600000,"divPayDate":null,"isLock":null,"updated":null},{"symbol":"OPP","date":1539187200000,"type":1,"subtype":5,"value":0.15,"recordDate":1539273600000,"divPayDate":null,"isLock":null,"updated":null},{"symbol":"OPP","date":1536768000000,"type":1,"subtype":5,"value":0.15,"recordDate":1536854400000,"divPayDate":null,"isLock":null,"updated":null},{"symbol":"OPP","date":1534348800000,"type":1,"subtype":5,"value":0.15,"recordDate":1534435200000,"divPayDate":null,"isLock":null,"updated":null},{"symbol":"OPP","date":1531324800000,"type":1,"subtype":5,"value":0.15,"recordDate":null,"divPayDate":null,"isLock":null,"updated":null},{"symbol":"OPP","date":1528905600000,"type":1,"subtype":5,"value":0.15,"recordDate":1528992000000,"divPayDate":null,"isLock":null,"updated":null},{"symbol":"OPP","date":1525881600000,"type":1,"subtype":5,"value":0.15,"recordDate":1525968000000,"divPayDate":null,"isLock":null,"updated":null},{"symbol":"OPP","date":1524067200000,"type":1,"subtype":5,"value":0.15,"recordDate":1524153600000,"divPayDate":null,"isLock":null,"updated":null},{"symbol":"OPP","date":1520956800000,"type":1,"subtype":5,"value":0.15,"recordDate":1521043200000,"divPayDate":null,"isLock":null,"updated":null},{"symbol":"OPP","date":1518537600000,"type":1,"subtype":5,"value":0.15,"recordDate":1518624000000,"divPayDate":null,"isLock":null,"updated":null},{"symbol":"OPP","date":1516032000000,"type":1,"subtype":5,"value":0.15,"recordDate":1516118400000,"divPayDate":null,"isLock":null,"updated":null},{"symbol":"OPP","date":1513180800000,"type":1,"subtype":5,"value":0.2362,"recordDate":1513267200000,"divPayDate":null,"isLock":null,"updated":null},{"symbol":"OPP","date":1510761600000,"type":1,"subtype":5,"value":0.15,"recordDate":1510848000000,"divPayDate":null,"isLock":null,"updated":null},{"symbol":"OPP","date":1507737600000,"type":1,"subtype":5,"value":0.15,"recordDate":1507824000000,"divPayDate":null,"isLock":null,"updated":null},{"symbol":"OPP","date":1505318400000,"type":1,"subtype":5,"value":0.12,"recordDate":1505404800000,"divPayDate":null,"isLock":null,"updated":null},{"symbol":"OPP","date":1502812800000,"type":1,"subtype":5,"value":0.12,"recordDate":1502985600000,"divPayDate":null,"isLock":null,"updated":null},{"symbol":"OPP","date":1499788800000,"type":1,"subtype":5,"value":0.12,"recordDate":1499961600000,"divPayDate":null,"isLock":null,"updated":null},{"symbol":"OPP","date":1497369600000,"type":1,"subtype":5,"value":0.12,"recordDate":1497542400000,"divPayDate":null,"isLock":null,"updated":null},{"symbol":"OPP","date":1494345600000,"type":1,"subtype":5,"value":0.12,"recordDate":1494518400000,"divPayDate":null,"isLock":null,"updated":null},{"symbol":"OPP","date":1492531200000,"type":1,"subtype":5,"value":0.12,"recordDate":1492704000000,"divPayDate":null,"isLock":null,"updated":null},{"symbol":"OPP","date":1489507200000,"type":1,"subtype":5,"value":0.12,"recordDate":1489680000000,"divPayDate":null,"isLock":null,"updated":null},{"symbol":"OPP","date":1487088000000,"type":1,"subtype":5,"value":0.11,"recordDate":1487260800000,"divPayDate":null,"isLock":null,"updated":null},{"symbol":"OPP","date":1484064000000,"type":1,"subtype":5,"value":0.11,"recordDate":1484236800000,"divPayDate":null,"isLock":null,"updated":null},{"symbol":"OPP","date":1481644800000,"type":1,"subtype":5,"value":0.11,"recordDate":1481817600000,"divPayDate":null,"isLock":null,"updated":null},{"symbol":"OPP","date":1479225600000,"type":1,"subtype":5,"value":0.11,"recordDate":1479398400000,"divPayDate":null,"isLock":null,"updated":null}]}