{"list":[{"symbol":"OR","date":1561564800000,"type":1,"subtype":5,"value":0.03733,"recordDate":null,"divPayDate":null,"isLock":null,"updated":null},{"symbol":"OR","date":1553702400000,"type":1,"subtype":5,"value":0.03738,"recordDate":null,"divPayDate":null,"isLock":null,"updated":null},{"symbol":"OR","date":1545926400000,"type":1,"subtype":5,"value":0.03767,"recordDate":null,"divPayDate":null,"isLock":null,"updated":null},{"symbol":"OR","date":1537977600000,"type":1,"subtype":5,"value":0.03849,"recordDate":null,"divPayDate":null,"isLock":null,"updated":null},{"symbol":"OR","date":1530115200000,"type":1,"subtype":5,"value":0.03806,"recordDate":null,"divPayDate":null,"isLock":null,"updated":null},{"symbol":"OR","date":1522166400000,"type":1,"subtype":5,"value":0.03977,"recordDate":null,"divPayDate":null,"isLock":null,"updated":null},{"symbol":"OR","date":1514390400000,"type":1,"subtype":5,"value":0.04013,"recordDate":1514476800000,"divPayDate":null,"isLock":null,"updated":null},{"symbol":"OR","date":1506528000000,"type":1,"subtype":5,"value":0.03991,"recordDate":1506700800000,"divPayDate":null,"isLock":null,"updated":null},{"symbol":"OR","date":1498579200000,"type":1,"subtype":5,"value":0.0315,"recordDate":1498752000000,"divPayDate":null,"isLock":null,"updated":null},{"symbol":"OR","date":1490716800000,"type":1,"subtype":5,"value":0.03002,"recordDate":1490889600000,"divPayDate":null,"isLock":null,"updated":null},{"symbol":"OR","date":1482854400000,"type":1,"subtype":5,"value":0.03051,"recordDate":1483113600000,"divPayDate":null,"isLock":null,"updated":null},{"symbol":"OR","date":1474992000000,"type":1,"subtype":5,"value":0.03045,"recordDate":1475164800000,"divPayDate":null,"isLock":null,"updated":null},{"symbol":"OR","date":1467043200000,"type":1,"subtype":5,"value":0.03093,"recordDate":1467216000000,"divPayDate":null,"isLock":null,"updated":null}]}