{"list":[{"symbol":"ORI","date":1559491200000,"type":1,"subtype":5,"value":0.2,"recordDate":1559577600000,"divPayDate":null,"isLock":null,"updated":null},{"symbol":"ORI","date":1551628800000,"type":1,"subtype":5,"value":0.2,"recordDate":1551715200000,"divPayDate":null,"isLock":null,"updated":null},{"symbol":"ORI","date":1543766400000,"type":1,"subtype":5,"value":0.195,"recordDate":1543852800000,"divPayDate":null,"isLock":null,"updated":null},{"symbol":"ORI","date":1535644800000,"type":1,"subtype":5,"value":0.195,"recordDate":1535990400000,"divPayDate":null,"isLock":null,"updated":null},{"symbol":"ORI","date":1528041600000,"type":1,"subtype":5,"value":0.195,"recordDate":1528128000000,"divPayDate":null,"isLock":null,"updated":null},{"symbol":"ORI","date":1519920000000,"type":1,"subtype":5,"value":0.195,"recordDate":1520179200000,"divPayDate":null,"isLock":null,"updated":null},{"symbol":"ORI","date":1515427200000,"type":1,"subtype":5,"value":1.0,"recordDate":1515513600000,"divPayDate":null,"isLock":null,"updated":null},{"symbol":"ORI","date":1512316800000,"type":1,"subtype":5,"value":0.19,"recordDate":1512403200000,"divPayDate":null,"isLock":null,"updated":null},{"symbol":"ORI","date":1504108800000,"type":1,"subtype":5,"value":0.19,"recordDate":1504540800000,"divPayDate":null,"isLock":null,"updated":null},{"symbol":"ORI","date":1496246400000,"type":1,"subtype":5,"value":0.19,"recordDate":1496592000000,"divPayDate":null,"isLock":null,"updated":null},{"symbol":"ORI","date":1488384000000,"type":1,"subtype":5,"value":0.19,"recordDate":1488729600000,"divPayDate":null,"isLock":null,"updated":null},{"symbol":"ORI","date":1480521600000,"type":1,"subtype":5,"value":0.1875,"recordDate":1480867200000,"divPayDate":null,"isLock":null,"updated":null},{"symbol":"ORI","date":1472572800000,"type":1,"subtype":5,"value":0.1875,"recordDate":1472745600000,"divPayDate":null,"isLock":null,"updated":null},{"symbol":"ORI","date":1464710400000,"type":1,"subtype":5,"value":0.1875,"recordDate":1464883200000,"divPayDate":null,"isLock":null,"updated":null},{"symbol":"ORI","date":1456848000000,"type":1,"subtype":5,"value":0.1875,"recordDate":1457020800000,"divPayDate":null,"isLock":null,"updated":null},{"symbol":"ORI","date":1448985600000,"type":1,"subtype":5,"value":0.185,"recordDate":1449158400000,"divPayDate":null,"isLock":null,"updated":null},{"symbol":"ORI","date":1441123200000,"type":1,"subtype":5,"value":0.185,"recordDate":1441296000000,"divPayDate":null,"isLock":null,"updated":null},{"symbol":"ORI","date":1433260800000,"type":1,"subtype":5,"value":0.185,"recordDate":1433433600000,"divPayDate":null,"isLock":null,"updated":null},{"symbol":"ORI","date":1425398400000,"type":1,"subtype":5,"value":0.185,"recordDate":1425571200000,"divPayDate":null,"isLock":null,"updated":null},{"symbol":"ORI","date":1417536000000,"type":1,"subtype":5,"value":0.1825,"recordDate":1417708800000,"divPayDate":null,"isLock":null,"updated":null},{"symbol":"ORI","date":1409673600000,"type":1,"subtype":5,"value":0.1825,"recordDate":1409846400000,"divPayDate":null,"isLock":null,"updated":null},{"symbol":"ORI","date":1401638400000,"type":1,"subtype":5,"value":0.1825,"recordDate":null,"divPayDate":null,"isLock":null,"updated":null},{"symbol":"ORI","date":1393516800000,"type":1,"subtype":5,"value":0.1825,"recordDate":null,"divPayDate":null,"isLock":null,"updated":null},{"symbol":"ORI","date":1385913600000,"type":1,"subtype":5,"value":0.18,"recordDate":null,"divPayDate":null,"isLock":null,"updated":null},{"symbol":"ORI","date":1378224000000,"type":1,"subtype":5,"value":0.18,"recordDate":null,"divPayDate":null,"isLock":null,"updated":null},{"symbol":"ORI","date":1369929600000,"type":1,"subtype":5,"value":0.18,"recordDate":null,"divPayDate":null,"isLock":null,"updated":null},{"symbol":"ORI","date":1362585600000,"type":1,"subtype":5,"value":0.18,"recordDate":null,"divPayDate":null,"isLock":null,"updated":null},{"symbol":"ORI","date":1354204800000,"type":1,"subtype":5,"value":0.1775,"recordDate":null,"divPayDate":null,"isLock":null,"updated":null},{"symbol":"ORI","date":1346256000000,"type":1,"subtype":5,"value":0.1775,"recordDate":null,"divPayDate":null,"isLock":null,"updated":null},{"symbol":"ORI","date":1136217600000,"type":2,"subtype":8,"value":1.25,"recordDate":1433433600000,"divPayDate":null,"isLock":null,"updated":null},{"symbol":"ORI","date":1072800000000,"type":2,"subtype":8,"value":1.5,"recordDate":null,"divPayDate":null,"isLock":null,"updated":null},{"symbol":"ORI","date":894297600000,"type":2,"subtype":8,"value":1.5,"recordDate":null,"divPayDate":null,"isLock":null,"updated":null}]}