{"list":[{"symbol":"ORIT","date":1556726400000,"type":1,"subtype":5,"value":0.25,"recordDate":1556812800000,"divPayDate":null,"isLock":null,"updated":null},{"symbol":"ORIT","date":1549468800000,"type":1,"subtype":5,"value":0.25,"recordDate":1549555200000,"divPayDate":null,"isLock":null,"updated":null},{"symbol":"ORIT","date":1544025600000,"type":1,"subtype":5,"value":0.15,"recordDate":1544112000000,"divPayDate":null,"isLock":null,"updated":null},{"symbol":"ORIT","date":1541606400000,"type":1,"subtype":5,"value":0.25,"recordDate":1541692800000,"divPayDate":null,"isLock":null,"updated":null},{"symbol":"ORIT","date":1533139200000,"type":1,"subtype":5,"value":0.25,"recordDate":1533225600000,"divPayDate":null,"isLock":null,"updated":null},{"symbol":"ORIT","date":1525276800000,"type":1,"subtype":5,"value":0.25,"recordDate":1525363200000,"divPayDate":null,"isLock":null,"updated":null},{"symbol":"ORIT","date":1518019200000,"type":1,"subtype":5,"value":0.25,"recordDate":1518105600000,"divPayDate":null,"isLock":null,"updated":null},{"symbol":"ORIT","date":1512576000000,"type":1,"subtype":5,"value":0.45,"recordDate":1512662400000,"divPayDate":null,"isLock":null,"updated":null},{"symbol":"ORIT","date":1509638400000,"type":1,"subtype":5,"value":0.175,"recordDate":1509897600000,"divPayDate":null,"isLock":null,"updated":null},{"symbol":"ORIT","date":1501689600000,"type":1,"subtype":5,"value":0.175,"recordDate":1502035200000,"divPayDate":null,"isLock":null,"updated":null},{"symbol":"ORIT","date":1493740800000,"type":1,"subtype":5,"value":0.175,"recordDate":1493913600000,"divPayDate":null,"isLock":null,"updated":null},{"symbol":"ORIT","date":1485878400000,"type":1,"subtype":5,"value":0.175,"recordDate":1486051200000,"divPayDate":null,"isLock":null,"updated":null},{"symbol":"ORIT","date":1481040000000,"type":1,"subtype":5,"value":0.5,"recordDate":1481212800000,"divPayDate":null,"isLock":null,"updated":null},{"symbol":"ORIT","date":1478016000000,"type":1,"subtype":5,"value":0.175,"recordDate":1478188800000,"divPayDate":null,"isLock":null,"updated":null},{"symbol":"ORIT","date":1470153600000,"type":1,"subtype":5,"value":0.175,"recordDate":1470326400000,"divPayDate":null,"isLock":null,"updated":null},{"symbol":"ORIT","date":1462291200000,"type":1,"subtype":5,"value":0.175,"recordDate":1462464000000,"divPayDate":null,"isLock":null,"updated":null},{"symbol":"ORIT","date":1454428800000,"type":1,"subtype":5,"value":0.175,"recordDate":1454601600000,"divPayDate":null,"isLock":null,"updated":null},{"symbol":"ORIT","date":1448985600000,"type":1,"subtype":5,"value":0.5,"recordDate":1449158400000,"divPayDate":null,"isLock":null,"updated":null},{"symbol":"ORIT","date":1446566400000,"type":1,"subtype":5,"value":0.175,"recordDate":1446739200000,"divPayDate":null,"isLock":null,"updated":null},{"symbol":"ORIT","date":1438704000000,"type":1,"subtype":5,"value":0.175,"recordDate":1438876800000,"divPayDate":null,"isLock":null,"updated":null},{"symbol":"ORIT","date":1430236800000,"type":1,"subtype":5,"value":0.175,"recordDate":1430409600000,"divPayDate":null,"isLock":null,"updated":null},{"symbol":"ORIT","date":1422979200000,"type":1,"subtype":5,"value":0.175,"recordDate":1423152000000,"divPayDate":null,"isLock":null,"updated":null},{"symbol":"ORIT","date":1417968000000,"type":1,"subtype":5,"value":0.25,"recordDate":1418140800000,"divPayDate":null,"isLock":null,"updated":null},{"symbol":"ORIT","date":1415116800000,"type":1,"subtype":5,"value":0.175,"recordDate":1415289600000,"divPayDate":null,"isLock":null,"updated":null},{"symbol":"ORIT","date":1407254400000,"type":1,"subtype":5,"value":0.175,"recordDate":1407427200000,"divPayDate":null,"isLock":null,"updated":null},{"symbol":"ORIT","date":1398787200000,"type":1,"subtype":5,"value":0.175,"recordDate":null,"divPayDate":null,"isLock":null,"updated":null},{"symbol":"ORIT","date":1391529600000,"type":1,"subtype":5,"value":0.175,"recordDate":null,"divPayDate":null,"isLock":null,"updated":null},{"symbol":"ORIT","date":1386086400000,"type":1,"subtype":5,"value":0.25,"recordDate":null,"divPayDate":null,"isLock":null,"updated":null},{"symbol":"ORIT","date":1383667200000,"type":1,"subtype":5,"value":0.175,"recordDate":null,"divPayDate":null,"isLock":null,"updated":null},{"symbol":"ORIT","date":1375804800000,"type":1,"subtype":5,"value":0.175,"recordDate":null,"divPayDate":null,"isLock":null,"updated":null},{"symbol":"ORIT","date":1367337600000,"type":1,"subtype":5,"value":0.175,"recordDate":null,"divPayDate":null,"isLock":null,"updated":null},{"symbol":"ORIT","date":1360080000000,"type":1,"subtype":5,"value":0.15,"recordDate":null,"divPayDate":null,"isLock":null,"updated":null},{"symbol":"ORIT","date":1354032000000,"type":1,"subtype":5,"value":0.4,"recordDate":null,"divPayDate":null,"isLock":null,"updated":null},{"symbol":"ORIT","date":1351699200000,"type":1,"subtype":5,"value":0.15,"recordDate":null,"divPayDate":null,"isLock":null,"updated":null},{"symbol":"ORIT","date":1344355200000,"type":1,"subtype":5,"value":0.15,"recordDate":null,"divPayDate":null,"isLock":null,"updated":null}]}