{"list":[{"symbol":"OZK","date":1554998400000,"type":1,"subtype":5,"value":0.23,"recordDate":1555257600000,"divPayDate":null,"isLock":null,"updated":null},{"symbol":"OZK","date":1547395200000,"type":1,"subtype":5,"value":0.22,"recordDate":1547481600000,"divPayDate":null,"isLock":null,"updated":null},{"symbol":"OZK","date":1539187200000,"type":1,"subtype":5,"value":0.21,"recordDate":1539273600000,"divPayDate":null,"isLock":null,"updated":null},{"symbol":"OZK","date":1531324800000,"type":1,"subtype":5,"value":0.2,"recordDate":null,"divPayDate":null,"isLock":null,"updated":null},{"symbol":"OZK","date":1403539200000,"type":2,"subtype":8,"value":2.0,"recordDate":null,"divPayDate":null,"isLock":null,"updated":null}]}