{"list":[{"symbol":"PAHC","date":1559577600000,"type":1,"subtype":5,"value":0.12,"recordDate":1559664000000,"divPayDate":null,"isLock":null,"updated":null},{"symbol":"PAHC","date":1551715200000,"type":1,"subtype":5,"value":0.12,"recordDate":1551801600000,"divPayDate":null,"isLock":null,"updated":null},{"symbol":"PAHC","date":1543248000000,"type":1,"subtype":5,"value":0.12,"recordDate":1543334400000,"divPayDate":null,"isLock":null,"updated":null},{"symbol":"PAHC","date":1535990400000,"type":1,"subtype":5,"value":0.1,"recordDate":1536076800000,"divPayDate":null,"isLock":null,"updated":null},{"symbol":"PAHC","date":1528128000000,"type":1,"subtype":5,"value":0.1,"recordDate":1528214400000,"divPayDate":null,"isLock":null,"updated":null},{"symbol":"PAHC","date":1520265600000,"type":1,"subtype":5,"value":0.1,"recordDate":1520352000000,"divPayDate":null,"isLock":null,"updated":null},{"symbol":"PAHC","date":1512403200000,"type":1,"subtype":5,"value":0.1,"recordDate":1512489600000,"divPayDate":null,"isLock":null,"updated":null},{"symbol":"PAHC","date":1504195200000,"type":1,"subtype":5,"value":0.1,"recordDate":1504627200000,"divPayDate":null,"isLock":null,"updated":null},{"symbol":"PAHC","date":1495728000000,"type":1,"subtype":5,"value":0.1,"recordDate":1496160000000,"divPayDate":null,"isLock":null,"updated":null},{"symbol":"PAHC","date":1488124800000,"type":1,"subtype":5,"value":0.1,"recordDate":1488297600000,"divPayDate":null,"isLock":null,"updated":null},{"symbol":"PAHC","date":1480262400000,"type":1,"subtype":5,"value":0.1,"recordDate":1480435200000,"divPayDate":null,"isLock":null,"updated":null},{"symbol":"PAHC","date":1472745600000,"type":1,"subtype":5,"value":0.1,"recordDate":1473177600000,"divPayDate":null,"isLock":null,"updated":null},{"symbol":"PAHC","date":1464278400000,"type":1,"subtype":5,"value":0.1,"recordDate":1464710400000,"divPayDate":null,"isLock":null,"updated":null},{"symbol":"PAHC","date":1456675200000,"type":1,"subtype":5,"value":0.1,"recordDate":1456848000000,"divPayDate":null,"isLock":null,"updated":null},{"symbol":"PAHC","date":1448812800000,"type":1,"subtype":5,"value":0.1,"recordDate":1448985600000,"divPayDate":null,"isLock":null,"updated":null},{"symbol":"PAHC","date":1440950400000,"type":1,"subtype":5,"value":0.1,"recordDate":1441123200000,"divPayDate":null,"isLock":null,"updated":null},{"symbol":"PAHC","date":1433088000000,"type":1,"subtype":5,"value":0.1,"recordDate":1433260800000,"divPayDate":null,"isLock":null,"updated":null},{"symbol":"PAHC","date":1425225600000,"type":1,"subtype":5,"value":0.1,"recordDate":1425398400000,"divPayDate":null,"isLock":null,"updated":null},{"symbol":"PAHC","date":1417363200000,"type":1,"subtype":5,"value":0.1,"recordDate":1417536000000,"divPayDate":null,"isLock":null,"updated":null},{"symbol":"PAHC","date":1409241600000,"type":1,"subtype":5,"value":0.1,"recordDate":1409673600000,"divPayDate":null,"isLock":null,"updated":null}]}