{"list":[{"symbol":"PAYX","date":1557763200000,"type":1,"subtype":5,"value":0.62,"recordDate":1557849600000,"divPayDate":null,"isLock":null,"updated":null},{"symbol":"PAYX","date":1548864000000,"type":1,"subtype":5,"value":0.56,"recordDate":1548950400000,"divPayDate":null,"isLock":null,"updated":null},{"symbol":"PAYX","date":1540915200000,"type":1,"subtype":5,"value":0.56,"recordDate":1541001600000,"divPayDate":null,"isLock":null,"updated":null},{"symbol":"PAYX","date":1532966400000,"type":1,"subtype":5,"value":0.56,"recordDate":1533052800000,"divPayDate":null,"isLock":null,"updated":null},{"symbol":"PAYX","date":1525708800000,"type":1,"subtype":5,"value":0.56,"recordDate":1525795200000,"divPayDate":null,"isLock":null,"updated":null},{"symbol":"PAYX","date":1517328000000,"type":1,"subtype":5,"value":0.5,"recordDate":1517414400000,"divPayDate":null,"isLock":null,"updated":null},{"symbol":"PAYX","date":1509379200000,"type":1,"subtype":5,"value":0.5,"recordDate":1509465600000,"divPayDate":null,"isLock":null,"updated":null},{"symbol":"PAYX","date":1501171200000,"type":1,"subtype":5,"value":0.5,"recordDate":1501516800000,"divPayDate":null,"isLock":null,"updated":null},{"symbol":"PAYX","date":1494172800000,"type":1,"subtype":5,"value":0.46,"recordDate":1494345600000,"divPayDate":null,"isLock":null,"updated":null},{"symbol":"PAYX","date":1485705600000,"type":1,"subtype":5,"value":0.46,"recordDate":1485878400000,"divPayDate":null,"isLock":null,"updated":null},{"symbol":"PAYX","date":1477584000000,"type":1,"subtype":5,"value":0.46,"recordDate":1477929600000,"divPayDate":null,"isLock":null,"updated":null},{"symbol":"PAYX","date":1469635200000,"type":1,"subtype":5,"value":0.46,"recordDate":1469980800000,"divPayDate":null,"isLock":null,"updated":null},{"symbol":"PAYX","date":1462377600000,"type":1,"subtype":5,"value":0.42,"recordDate":1462723200000,"divPayDate":null,"isLock":null,"updated":null},{"symbol":"PAYX","date":1453910400000,"type":1,"subtype":5,"value":0.42,"recordDate":1454256000000,"divPayDate":null,"isLock":null,"updated":null},{"symbol":"PAYX","date":1446048000000,"type":1,"subtype":5,"value":0.42,"recordDate":1446393600000,"divPayDate":null,"isLock":null,"updated":null},{"symbol":"PAYX","date":1438185600000,"type":1,"subtype":5,"value":0.42,"recordDate":1438531200000,"divPayDate":null,"isLock":null,"updated":null},{"symbol":"PAYX","date":1430928000000,"type":1,"subtype":5,"value":0.38,"recordDate":1431273600000,"divPayDate":null,"isLock":null,"updated":null},{"symbol":"PAYX","date":1422460800000,"type":1,"subtype":5,"value":0.38,"recordDate":1422806400000,"divPayDate":null,"isLock":null,"updated":null},{"symbol":"PAYX","date":1414598400000,"type":1,"subtype":5,"value":0.38,"recordDate":1414944000000,"divPayDate":null,"isLock":null,"updated":null},{"symbol":"PAYX","date":1406649600000,"type":1,"subtype":5,"value":0.38,"recordDate":1406822400000,"divPayDate":null,"isLock":null,"updated":null},{"symbol":"PAYX","date":1399478400000,"type":1,"subtype":5,"value":0.35,"recordDate":null,"divPayDate":null,"isLock":null,"updated":null},{"symbol":"PAYX","date":1391011200000,"type":1,"subtype":5,"value":0.35,"recordDate":null,"divPayDate":null,"isLock":null,"updated":null},{"symbol":"PAYX","date":1383062400000,"type":1,"subtype":5,"value":0.35,"recordDate":null,"divPayDate":null,"isLock":null,"updated":null},{"symbol":"PAYX","date":1375113600000,"type":1,"subtype":5,"value":0.35,"recordDate":null,"divPayDate":null,"isLock":null,"updated":null},{"symbol":"PAYX","date":1355760000000,"type":1,"subtype":5,"value":0.66,"recordDate":null,"divPayDate":null,"isLock":null,"updated":null},{"symbol":"PAYX","date":1351612800000,"type":1,"subtype":5,"value":0.33,"recordDate":null,"divPayDate":null,"isLock":null,"updated":null},{"symbol":"PAYX","date":1343577600000,"type":1,"subtype":5,"value":0.32,"recordDate":null,"divPayDate":null,"isLock":null,"updated":null},{"symbol":"PAYX","date":959011200000,"type":2,"subtype":8,"value":1.5,"recordDate":1438531200000,"divPayDate":null,"isLock":null,"updated":null},{"symbol":"PAYX","date":927475200000,"type":2,"subtype":8,"value":1.5,"recordDate":null,"divPayDate":null,"isLock":null,"updated":null},{"symbol":"PAYX","date":896112000000,"type":2,"subtype":8,"value":1.5,"recordDate":null,"divPayDate":null,"isLock":null,"updated":null}]}