{"list":[{"symbol":"PCSB","date":1557936000000,"type":1,"subtype":5,"value":0.04,"recordDate":1558022400000,"divPayDate":null,"isLock":null,"updated":null},{"symbol":"PCSB","date":1550073600000,"type":1,"subtype":5,"value":0.03,"recordDate":1550160000000,"divPayDate":null,"isLock":null,"updated":null},{"symbol":"PCSB","date":1542211200000,"type":1,"subtype":5,"value":0.03,"recordDate":1542297600000,"divPayDate":null,"isLock":null,"updated":null},{"symbol":"PCSB","date":1534348800000,"type":1,"subtype":5,"value":0.03,"recordDate":1534435200000,"divPayDate":null,"isLock":null,"updated":null},{"symbol":"PCSB","date":1525881600000,"type":1,"subtype":5,"value":0.03,"recordDate":1525968000000,"divPayDate":null,"isLock":null,"updated":null}]}