{"list":[{"symbol":"PCTI","date":1557158400000,"type":1,"subtype":5,"value":0.055,"recordDate":1557244800000,"divPayDate":null,"isLock":null,"updated":null},{"symbol":"PCTI","date":1549468800000,"type":1,"subtype":5,"value":0.055,"recordDate":1549555200000,"divPayDate":null,"isLock":null,"updated":null},{"symbol":"PCTI","date":1541520000000,"type":1,"subtype":5,"value":0.055,"recordDate":1541606400000,"divPayDate":null,"isLock":null,"updated":null},{"symbol":"PCTI","date":1533571200000,"type":1,"subtype":5,"value":0.055,"recordDate":1533657600000,"divPayDate":null,"isLock":null,"updated":null},{"symbol":"PCTI","date":1525622400000,"type":1,"subtype":5,"value":0.055,"recordDate":1525708800000,"divPayDate":null,"isLock":null,"updated":null},{"symbol":"PCTI","date":1517932800000,"type":1,"subtype":5,"value":0.055,"recordDate":1518019200000,"divPayDate":null,"isLock":null,"updated":null},{"symbol":"PCTI","date":1509984000000,"type":1,"subtype":5,"value":0.055,"recordDate":1510070400000,"divPayDate":null,"isLock":null,"updated":null},{"symbol":"PCTI","date":1501776000000,"type":1,"subtype":5,"value":0.055,"recordDate":1502121600000,"divPayDate":null,"isLock":null,"updated":null},{"symbol":"PCTI","date":1493827200000,"type":1,"subtype":5,"value":0.05,"recordDate":1494172800000,"divPayDate":null,"isLock":null,"updated":null},{"symbol":"PCTI","date":1486310400000,"type":1,"subtype":5,"value":0.05,"recordDate":1486483200000,"divPayDate":null,"isLock":null,"updated":null},{"symbol":"PCTI","date":1478188800000,"type":1,"subtype":5,"value":0.05,"recordDate":1478534400000,"divPayDate":null,"isLock":null,"updated":null},{"symbol":"PCTI","date":1470240000000,"type":1,"subtype":5,"value":0.05,"recordDate":1470585600000,"divPayDate":null,"isLock":null,"updated":null},{"symbol":"PCTI","date":1462291200000,"type":1,"subtype":5,"value":0.05,"recordDate":1462464000000,"divPayDate":null,"isLock":null,"updated":null},{"symbol":"PCTI","date":1454515200000,"type":1,"subtype":5,"value":0.05,"recordDate":1454860800000,"divPayDate":null,"isLock":null,"updated":null},{"symbol":"PCTI","date":1446566400000,"type":1,"subtype":5,"value":0.05,"recordDate":1446739200000,"divPayDate":null,"isLock":null,"updated":null},{"symbol":"PCTI","date":1438704000000,"type":1,"subtype":5,"value":0.05,"recordDate":1438876800000,"divPayDate":null,"isLock":null,"updated":null},{"symbol":"PCTI","date":1430841600000,"type":1,"subtype":5,"value":0.05,"recordDate":1431014400000,"divPayDate":null,"isLock":null,"updated":null},{"symbol":"PCTI","date":1422979200000,"type":1,"subtype":5,"value":0.05,"recordDate":1423152000000,"divPayDate":null,"isLock":null,"updated":null},{"symbol":"PCTI","date":1415116800000,"type":1,"subtype":5,"value":0.04,"recordDate":1415289600000,"divPayDate":null,"isLock":null,"updated":null},{"symbol":"PCTI","date":1407254400000,"type":1,"subtype":5,"value":0.04,"recordDate":1407427200000,"divPayDate":null,"isLock":null,"updated":null},{"symbol":"PCTI","date":1399305600000,"type":1,"subtype":5,"value":0.04,"recordDate":null,"divPayDate":null,"isLock":null,"updated":null},{"symbol":"PCTI","date":1391529600000,"type":1,"subtype":5,"value":0.04,"recordDate":null,"divPayDate":null,"isLock":null,"updated":null},{"symbol":"PCTI","date":1383667200000,"type":1,"subtype":5,"value":0.035,"recordDate":null,"divPayDate":null,"isLock":null,"updated":null},{"symbol":"PCTI","date":1375718400000,"type":1,"subtype":5,"value":0.035,"recordDate":null,"divPayDate":null,"isLock":null,"updated":null},{"symbol":"PCTI","date":1367769600000,"type":1,"subtype":5,"value":0.035,"recordDate":null,"divPayDate":null,"isLock":null,"updated":null},{"symbol":"PCTI","date":1360080000000,"type":1,"subtype":5,"value":0.035,"recordDate":null,"divPayDate":null,"isLock":null,"updated":null},{"symbol":"PCTI","date":1352131200000,"type":1,"subtype":5,"value":0.03,"recordDate":null,"divPayDate":null,"isLock":null,"updated":null},{"symbol":"PCTI","date":1344182400000,"type":1,"subtype":5,"value":0.03,"recordDate":null,"divPayDate":null,"isLock":null,"updated":null}]}