{"list":[{"symbol":"PFBC","date":1562256000000,"type":1,"subtype":5,"value":0.3,"recordDate":null,"divPayDate":null,"isLock":null,"updated":null},{"symbol":"PFBC","date":1554393600000,"type":1,"subtype":5,"value":0.3,"recordDate":1554652800000,"divPayDate":null,"isLock":null,"updated":null},{"symbol":"PFBC","date":1546790400000,"type":1,"subtype":5,"value":0.3,"recordDate":1546876800000,"divPayDate":null,"isLock":null,"updated":null},{"symbol":"PFBC","date":1538582400000,"type":1,"subtype":5,"value":0.25,"recordDate":1538668800000,"divPayDate":null,"isLock":null,"updated":null},{"symbol":"PFBC","date":1530720000000,"type":1,"subtype":5,"value":0.25,"recordDate":null,"divPayDate":null,"isLock":null,"updated":null},{"symbol":"PFBC","date":1522944000000,"type":1,"subtype":5,"value":0.22,"recordDate":1523203200000,"divPayDate":null,"isLock":null,"updated":null},{"symbol":"PFBC","date":1515081600000,"type":1,"subtype":5,"value":0.22,"recordDate":1515340800000,"divPayDate":null,"isLock":null,"updated":null},{"symbol":"PFBC","date":1507132800000,"type":1,"subtype":5,"value":0.2,"recordDate":1507219200000,"divPayDate":null,"isLock":null,"updated":null},{"symbol":"PFBC","date":1499184000000,"type":1,"subtype":5,"value":0.2,"recordDate":1499356800000,"divPayDate":null,"isLock":null,"updated":null},{"symbol":"PFBC","date":1491321600000,"type":1,"subtype":5,"value":0.18,"recordDate":1491494400000,"divPayDate":null,"isLock":null,"updated":null},{"symbol":"PFBC","date":1483459200000,"type":1,"subtype":5,"value":0.18,"recordDate":1483632000000,"divPayDate":null,"isLock":null,"updated":null},{"symbol":"PFBC","date":1475596800000,"type":1,"subtype":5,"value":0.15,"recordDate":1475769600000,"divPayDate":null,"isLock":null,"updated":null},{"symbol":"PFBC","date":1467648000000,"type":1,"subtype":5,"value":0.15,"recordDate":1467820800000,"divPayDate":null,"isLock":null,"updated":null},{"symbol":"PFBC","date":1459785600000,"type":1,"subtype":5,"value":0.15,"recordDate":1459958400000,"divPayDate":null,"isLock":null,"updated":null},{"symbol":"PFBC","date":1451923200000,"type":1,"subtype":5,"value":0.15,"recordDate":1452096000000,"divPayDate":null,"isLock":null,"updated":null},{"symbol":"PFBC","date":1443715200000,"type":1,"subtype":5,"value":0.12,"recordDate":1444060800000,"divPayDate":null,"isLock":null,"updated":null},{"symbol":"PFBC","date":1435766400000,"type":1,"subtype":5,"value":0.12,"recordDate":1436198400000,"divPayDate":null,"isLock":null,"updated":null},{"symbol":"PFBC","date":1427904000000,"type":1,"subtype":5,"value":0.12,"recordDate":1428336000000,"divPayDate":null,"isLock":null,"updated":null},{"symbol":"PFBC","date":1420128000000,"type":1,"subtype":5,"value":0.1,"recordDate":1420473600000,"divPayDate":null,"isLock":null,"updated":null},{"symbol":"PFBC","date":1412179200000,"type":1,"subtype":5,"value":0.1,"recordDate":1412524800000,"divPayDate":null,"isLock":null,"updated":null},{"symbol":"PFBC","date":1308499200000,"type":2,"subtype":7,"value":0.2,"recordDate":1436198400000,"divPayDate":null,"isLock":null,"updated":null},{"symbol":"PFBC","date":1234195200000,"type":1,"subtype":5,"value":0.4,"recordDate":null,"divPayDate":null,"isLock":null,"updated":null},{"symbol":"PFBC","date":1171987200000,"type":2,"subtype":8,"value":1.5,"recordDate":null,"divPayDate":null,"isLock":null,"updated":null}]}