{"list":[{"symbol":"PFN","date":1560268800000,"type":1,"subtype":5,"value":0.08,"recordDate":1560355200000,"divPayDate":null,"isLock":null,"updated":null},{"symbol":"PFN","date":1557417600000,"type":1,"subtype":5,"value":0.08,"recordDate":1557676800000,"divPayDate":null,"isLock":null,"updated":null},{"symbol":"PFN","date":1554825600000,"type":1,"subtype":5,"value":0.08,"recordDate":1554912000000,"divPayDate":null,"isLock":null,"updated":null},{"symbol":"PFN","date":1551974400000,"type":1,"subtype":5,"value":0.08,"recordDate":1552233600000,"divPayDate":null,"isLock":null,"updated":null},{"symbol":"PFN","date":1549555200000,"type":1,"subtype":5,"value":0.08,"recordDate":1549814400000,"divPayDate":null,"isLock":null,"updated":null},{"symbol":"PFN","date":1547136000000,"type":1,"subtype":5,"value":0.08,"recordDate":1547395200000,"divPayDate":null,"isLock":null,"updated":null},{"symbol":"PFN","date":1544716800000,"type":1,"subtype":5,"value":0.07,"recordDate":null,"divPayDate":null,"isLock":null,"updated":null},{"symbol":"PFN","date":1544544000000,"type":1,"subtype":5,"value":0.08,"recordDate":1544630400000,"divPayDate":null,"isLock":null,"updated":null},{"symbol":"PFN","date":1541692800000,"type":1,"subtype":5,"value":0.08,"recordDate":1542038400000,"divPayDate":null,"isLock":null,"updated":null},{"symbol":"PFN","date":1539187200000,"type":1,"subtype":5,"value":0.08,"recordDate":1539273600000,"divPayDate":null,"isLock":null,"updated":null},{"symbol":"PFN","date":1536768000000,"type":1,"subtype":5,"value":0.08,"recordDate":1536854400000,"divPayDate":null,"isLock":null,"updated":null},{"symbol":"PFN","date":1533830400000,"type":1,"subtype":5,"value":0.08,"recordDate":1534089600000,"divPayDate":null,"isLock":null,"updated":null},{"symbol":"PFN","date":1531324800000,"type":1,"subtype":5,"value":0.08,"recordDate":null,"divPayDate":null,"isLock":null,"updated":null},{"symbol":"PFN","date":1528387200000,"type":1,"subtype":5,"value":0.08,"recordDate":1528646400000,"divPayDate":null,"isLock":null,"updated":null},{"symbol":"PFN","date":1525881600000,"type":1,"subtype":5,"value":0.08,"recordDate":1525968000000,"divPayDate":null,"isLock":null,"updated":null},{"symbol":"PFN","date":1523376000000,"type":1,"subtype":5,"value":0.08,"recordDate":1523462400000,"divPayDate":null,"isLock":null,"updated":null},{"symbol":"PFN","date":1520524800000,"type":1,"subtype":5,"value":0.08,"recordDate":1520784000000,"divPayDate":null,"isLock":null,"updated":null},{"symbol":"PFN","date":1518105600000,"type":1,"subtype":5,"value":0.08,"recordDate":1518364800000,"divPayDate":null,"isLock":null,"updated":null},{"symbol":"PFN","date":1515600000000,"type":1,"subtype":5,"value":0.08,"recordDate":1515686400000,"divPayDate":null,"isLock":null,"updated":null},{"symbol":"PFN","date":1512662400000,"type":1,"subtype":5,"value":0.08,"recordDate":1512921600000,"divPayDate":null,"isLock":null,"updated":null},{"symbol":"PFN","date":1510243200000,"type":1,"subtype":5,"value":0.08,"recordDate":1510502400000,"divPayDate":null,"isLock":null,"updated":null},{"symbol":"PFN","date":1507737600000,"type":1,"subtype":5,"value":0.08,"recordDate":1507824000000,"divPayDate":null,"isLock":null,"updated":null},{"symbol":"PFN","date":1504800000000,"type":1,"subtype":5,"value":0.08,"recordDate":1505059200000,"divPayDate":null,"isLock":null,"updated":null},{"symbol":"PFN","date":1502208000000,"type":1,"subtype":5,"value":0.08,"recordDate":1502380800000,"divPayDate":null,"isLock":null,"updated":null},{"symbol":"PFN","date":1499788800000,"type":1,"subtype":5,"value":0.08,"recordDate":1499961600000,"divPayDate":null,"isLock":null,"updated":null},{"symbol":"PFN","date":1496851200000,"type":1,"subtype":5,"value":0.08,"recordDate":1497196800000,"divPayDate":null,"isLock":null,"updated":null},{"symbol":"PFN","date":1494259200000,"type":1,"subtype":5,"value":0.08,"recordDate":1494432000000,"divPayDate":null,"isLock":null,"updated":null},{"symbol":"PFN","date":1491840000000,"type":1,"subtype":5,"value":0.08,"recordDate":1492012800000,"divPayDate":null,"isLock":null,"updated":null},{"symbol":"PFN","date":1488988800000,"type":1,"subtype":5,"value":0.08,"recordDate":1489334400000,"divPayDate":null,"isLock":null,"updated":null},{"symbol":"PFN","date":1486569600000,"type":1,"subtype":5,"value":0.08,"recordDate":1486915200000,"divPayDate":null,"isLock":null,"updated":null},{"symbol":"PFN","date":1484064000000,"type":1,"subtype":5,"value":0.08,"recordDate":1484236800000,"divPayDate":null,"isLock":null,"updated":null},{"symbol":"PFN","date":1481126400000,"type":1,"subtype":5,"value":0.08,"recordDate":1481472000000,"divPayDate":null,"isLock":null,"updated":null},{"symbol":"PFN","date":1478620800000,"type":1,"subtype":5,"value":0.08,"recordDate":1479052800000,"divPayDate":null,"isLock":null,"updated":null},{"symbol":"PFN","date":1476115200000,"type":1,"subtype":5,"value":0.08,"recordDate":1476288000000,"divPayDate":null,"isLock":null,"updated":null},{"symbol":"PFN","date":1473264000000,"type":1,"subtype":5,"value":0.08,"recordDate":1473609600000,"divPayDate":null,"isLock":null,"updated":null},{"symbol":"PFN","date":1470672000000,"type":1,"subtype":5,"value":0.08,"recordDate":1470844800000,"divPayDate":null,"isLock":null,"updated":null},{"symbol":"PFN","date":1467820800000,"type":1,"subtype":5,"value":0.08,"recordDate":1468166400000,"divPayDate":null,"isLock":null,"updated":null},{"symbol":"PFN","date":1465401600000,"type":1,"subtype":5,"value":0.08,"recordDate":1465747200000,"divPayDate":null,"isLock":null,"updated":null},{"symbol":"PFN","date":1462809600000,"type":1,"subtype":5,"value":0.08,"recordDate":1462982400000,"divPayDate":null,"isLock":null,"updated":null},{"symbol":"PFN","date":1459958400000,"type":1,"subtype":5,"value":0.08,"recordDate":1460304000000,"divPayDate":null,"isLock":null,"updated":null},{"symbol":"PFN","date":1457452800000,"type":1,"subtype":5,"value":0.08,"recordDate":1457625600000,"divPayDate":null,"isLock":null,"updated":null},{"symbol":"PFN","date":1454947200000,"type":1,"subtype":5,"value":0.08,"recordDate":1455120000000,"divPayDate":null,"isLock":null,"updated":null},{"symbol":"PFN","date":1452528000000,"type":1,"subtype":5,"value":0.08,"recordDate":1452700800000,"divPayDate":null,"isLock":null,"updated":null},{"symbol":"PFN","date":1450281600000,"type":1,"subtype":5,"value":0.07,"recordDate":1450627200000,"divPayDate":null,"isLock":null,"updated":null},{"symbol":"PFN","date":1449590400000,"type":1,"subtype":5,"value":0.08,"recordDate":1449763200000,"divPayDate":null,"isLock":null,"updated":null},{"symbol":"PFN","date":1446998400000,"type":1,"subtype":5,"value":0.08,"recordDate":1447257600000,"divPayDate":null,"isLock":null,"updated":null},{"symbol":"PFN","date":1444147200000,"type":1,"subtype":5,"value":0.08,"recordDate":1444579200000,"divPayDate":null,"isLock":null,"updated":null},{"symbol":"PFN","date":1441728000000,"type":1,"subtype":5,"value":0.08,"recordDate":1441900800000,"divPayDate":null,"isLock":null,"updated":null},{"symbol":"PFN","date":1439222400000,"type":1,"subtype":5,"value":0.08,"recordDate":1439395200000,"divPayDate":null,"isLock":null,"updated":null},{"symbol":"PFN","date":1436371200000,"type":1,"subtype":5,"value":0.08,"recordDate":1436716800000,"divPayDate":null,"isLock":null,"updated":null},{"symbol":"PFN","date":1433779200000,"type":1,"subtype":5,"value":0.08,"recordDate":1433952000000,"divPayDate":null,"isLock":null,"updated":null},{"symbol":"PFN","date":1430928000000,"type":1,"subtype":5,"value":0.08,"recordDate":1431273600000,"divPayDate":null,"isLock":null,"updated":null},{"symbol":"PFN","date":1428508800000,"type":1,"subtype":5,"value":0.08,"recordDate":1428854400000,"divPayDate":null,"isLock":null,"updated":null},{"symbol":"PFN","date":1425916800000,"type":1,"subtype":5,"value":0.08,"recordDate":1426089600000,"divPayDate":null,"isLock":null,"updated":null},{"symbol":"PFN","date":1423497600000,"type":1,"subtype":5,"value":0.08,"recordDate":1423670400000,"divPayDate":null,"isLock":null,"updated":null},{"symbol":"PFN","date":1420646400000,"type":1,"subtype":5,"value":0.08,"recordDate":1420992000000,"divPayDate":null,"isLock":null,"updated":null},{"symbol":"PFN","date":1419350400000,"type":1,"subtype":5,"value":0.1548,"recordDate":1419782400000,"divPayDate":null,"isLock":null,"updated":null},{"symbol":"PFN","date":1418054400000,"type":1,"subtype":5,"value":0.08,"recordDate":1418227200000,"divPayDate":null,"isLock":null,"updated":null},{"symbol":"PFN","date":1415548800000,"type":1,"subtype":5,"value":0.08,"recordDate":1415808000000,"divPayDate":null,"isLock":null,"updated":null},{"symbol":"PFN","date":1412784000000,"type":1,"subtype":5,"value":0.08,"recordDate":1413216000000,"divPayDate":null,"isLock":null,"updated":null},{"symbol":"PFN","date":1410278400000,"type":1,"subtype":5,"value":0.08,"recordDate":1410451200000,"divPayDate":null,"isLock":null,"updated":null},{"symbol":"PFN","date":1407340800000,"type":1,"subtype":5,"value":0.08,"recordDate":1407686400000,"divPayDate":null,"isLock":null,"updated":null},{"symbol":"PFN","date":1404835200000,"type":1,"subtype":5,"value":0.08,"recordDate":1405008000000,"divPayDate":null,"isLock":null,"updated":null},{"symbol":"PFN","date":1402329600000,"type":1,"subtype":5,"value":0.08,"recordDate":null,"divPayDate":null,"isLock":null,"updated":null},{"symbol":"PFN","date":1399478400000,"type":1,"subtype":5,"value":0.08,"recordDate":null,"divPayDate":null,"isLock":null,"updated":null},{"symbol":"PFN","date":1396972800000,"type":1,"subtype":5,"value":0.08,"recordDate":null,"divPayDate":null,"isLock":null,"updated":null},{"symbol":"PFN","date":1394467200000,"type":1,"subtype":5,"value":0.08,"recordDate":null,"divPayDate":null,"isLock":null,"updated":null},{"symbol":"PFN","date":1392048000000,"type":1,"subtype":5,"value":0.08,"recordDate":null,"divPayDate":null,"isLock":null,"updated":null},{"symbol":"PFN","date":1389196800000,"type":1,"subtype":5,"value":0.08,"recordDate":null,"divPayDate":null,"isLock":null,"updated":null},{"symbol":"PFN","date":1386604800000,"type":1,"subtype":5,"value":0.08,"recordDate":null,"divPayDate":null,"isLock":null,"updated":null},{"symbol":"PFN","date":1383753600000,"type":1,"subtype":5,"value":0.08,"recordDate":null,"divPayDate":null,"isLock":null,"updated":null},{"symbol":"PFN","date":1381248000000,"type":1,"subtype":5,"value":0.08,"recordDate":null,"divPayDate":null,"isLock":null,"updated":null},{"symbol":"PFN","date":1378828800000,"type":1,"subtype":5,"value":0.08,"recordDate":null,"divPayDate":null,"isLock":null,"updated":null},{"symbol":"PFN","date":1375891200000,"type":1,"subtype":5,"value":0.08,"recordDate":null,"divPayDate":null,"isLock":null,"updated":null},{"symbol":"PFN","date":1373299200000,"type":1,"subtype":5,"value":0.08,"recordDate":null,"divPayDate":null,"isLock":null,"updated":null},{"symbol":"PFN","date":1370880000000,"type":1,"subtype":5,"value":0.08,"recordDate":null,"divPayDate":null,"isLock":null,"updated":null},{"symbol":"PFN","date":1368028800000,"type":1,"subtype":5,"value":0.08,"recordDate":null,"divPayDate":null,"isLock":null,"updated":null},{"symbol":"PFN","date":1365436800000,"type":1,"subtype":5,"value":0.08,"recordDate":null,"divPayDate":null,"isLock":null,"updated":null},{"symbol":"PFN","date":1362585600000,"type":1,"subtype":5,"value":0.08,"recordDate":null,"divPayDate":null,"isLock":null,"updated":null},{"symbol":"PFN","date":1360166400000,"type":1,"subtype":5,"value":0.08,"recordDate":null,"divPayDate":null,"isLock":null,"updated":null},{"symbol":"PFN","date":1357747200000,"type":1,"subtype":5,"value":0.08,"recordDate":null,"divPayDate":null,"isLock":null,"updated":null},{"symbol":"PFN","date":1356451200000,"type":1,"subtype":5,"value":0.5,"recordDate":null,"divPayDate":null,"isLock":null,"updated":null},{"symbol":"PFN","date":1355155200000,"type":1,"subtype":5,"value":0.08,"recordDate":null,"divPayDate":null,"isLock":null,"updated":null},{"symbol":"PFN","date":1352304000000,"type":1,"subtype":5,"value":0.08,"recordDate":null,"divPayDate":null,"isLock":null,"updated":null},{"symbol":"PFN","date":1349712000000,"type":1,"subtype":5,"value":0.08,"recordDate":null,"divPayDate":null,"isLock":null,"updated":null},{"symbol":"PFN","date":1347379200000,"type":1,"subtype":5,"value":0.08,"recordDate":null,"divPayDate":null,"isLock":null,"updated":null},{"symbol":"PFN","date":1344441600000,"type":1,"subtype":5,"value":0.08,"recordDate":null,"divPayDate":null,"isLock":null,"updated":null}]}