{"list":[{"symbol":"PHM","date":1560355200000,"type":1,"subtype":5,"value":0.11,"recordDate":1560441600000,"divPayDate":null,"isLock":null,"updated":null},{"symbol":"PHM","date":1552492800000,"type":1,"subtype":5,"value":0.11,"recordDate":1552579200000,"divPayDate":null,"isLock":null,"updated":null},{"symbol":"PHM","date":1544976000000,"type":1,"subtype":5,"value":0.11,"recordDate":1545062400000,"divPayDate":null,"isLock":null,"updated":null},{"symbol":"PHM","date":1537113600000,"type":1,"subtype":5,"value":0.09,"recordDate":1537200000000,"divPayDate":null,"isLock":null,"updated":null},{"symbol":"PHM","date":1528214400000,"type":1,"subtype":5,"value":0.09,"recordDate":1528300800000,"divPayDate":null,"isLock":null,"updated":null},{"symbol":"PHM","date":1521043200000,"type":1,"subtype":5,"value":0.09,"recordDate":1521129600000,"divPayDate":null,"isLock":null,"updated":null},{"symbol":"PHM","date":1512921600000,"type":1,"subtype":5,"value":0.09,"recordDate":1513008000000,"divPayDate":null,"isLock":null,"updated":null},{"symbol":"PHM","date":1505664000000,"type":1,"subtype":5,"value":0.09,"recordDate":1505750400000,"divPayDate":null,"isLock":null,"updated":null},{"symbol":"PHM","date":1496678400000,"type":1,"subtype":5,"value":0.09,"recordDate":1496851200000,"divPayDate":null,"isLock":null,"updated":null},{"symbol":"PHM","date":1488902400000,"type":1,"subtype":5,"value":0.09,"recordDate":1489075200000,"divPayDate":null,"isLock":null,"updated":null},{"symbol":"PHM","date":1481817600000,"type":1,"subtype":5,"value":0.09,"recordDate":1482163200000,"divPayDate":null,"isLock":null,"updated":null},{"symbol":"PHM","date":1473955200000,"type":1,"subtype":5,"value":0.09,"recordDate":1474300800000,"divPayDate":null,"isLock":null,"updated":null},{"symbol":"PHM","date":1465228800000,"type":1,"subtype":5,"value":0.09,"recordDate":1465401600000,"divPayDate":null,"isLock":null,"updated":null},{"symbol":"PHM","date":1457366400000,"type":1,"subtype":5,"value":0.09,"recordDate":1457539200000,"divPayDate":null,"isLock":null,"updated":null},{"symbol":"PHM","date":1449763200000,"type":1,"subtype":5,"value":0.09,"recordDate":1450108800000,"divPayDate":null,"isLock":null,"updated":null},{"symbol":"PHM","date":1442505600000,"type":1,"subtype":5,"value":0.08,"recordDate":1442851200000,"divPayDate":null,"isLock":null,"updated":null},{"symbol":"PHM","date":1433779200000,"type":1,"subtype":5,"value":0.08,"recordDate":1433952000000,"divPayDate":null,"isLock":null,"updated":null},{"symbol":"PHM","date":1425916800000,"type":1,"subtype":5,"value":0.08,"recordDate":1426089600000,"divPayDate":null,"isLock":null,"updated":null},{"symbol":"PHM","date":1418227200000,"type":1,"subtype":5,"value":0.08,"recordDate":1418572800000,"divPayDate":null,"isLock":null,"updated":null},{"symbol":"PHM","date":1410969600000,"type":1,"subtype":5,"value":0.05,"recordDate":1411315200000,"divPayDate":null,"isLock":null,"updated":null},{"symbol":"PHM","date":1402934400000,"type":1,"subtype":5,"value":0.05,"recordDate":null,"divPayDate":null,"isLock":null,"updated":null},{"symbol":"PHM","date":1394121600000,"type":1,"subtype":5,"value":0.05,"recordDate":null,"divPayDate":null,"isLock":null,"updated":null},{"symbol":"PHM","date":1387209600000,"type":1,"subtype":5,"value":0.05,"recordDate":null,"divPayDate":null,"isLock":null,"updated":null},{"symbol":"PHM","date":1379606400000,"type":1,"subtype":5,"value":0.05,"recordDate":null,"divPayDate":null,"isLock":null,"updated":null},{"symbol":"PHM","date":1375286400000,"type":1,"subtype":5,"value":0.05,"recordDate":null,"divPayDate":null,"isLock":null,"updated":null},{"symbol":"PHM","date":1229529600000,"type":1,"subtype":5,"value":0.04,"recordDate":null,"divPayDate":null,"isLock":null,"updated":null},{"symbol":"PHM","date":1125590400000,"type":2,"subtype":8,"value":2.0,"recordDate":1433952000000,"divPayDate":null,"isLock":null,"updated":null},{"symbol":"PHM","date":1073232000000,"type":2,"subtype":8,"value":2.0,"recordDate":null,"divPayDate":null,"isLock":null,"updated":null},{"symbol":"PHM","date":896716800000,"type":2,"subtype":8,"value":2.0,"recordDate":null,"divPayDate":null,"isLock":null,"updated":null}]}