{"list":[{"symbol":"PHX","date":1559491200000,"type":1,"subtype":5,"value":0.04,"recordDate":1559577600000,"divPayDate":null,"isLock":null,"updated":null},{"symbol":"PHX","date":1550160000000,"type":1,"subtype":5,"value":0.04,"recordDate":1550505600000,"divPayDate":null,"isLock":null,"updated":null},{"symbol":"PHX","date":1542643200000,"type":1,"subtype":5,"value":0.04,"recordDate":1542729600000,"divPayDate":null,"isLock":null,"updated":null},{"symbol":"PHX","date":1534867200000,"type":1,"subtype":5,"value":0.04,"recordDate":1534953600000,"divPayDate":null,"isLock":null,"updated":null},{"symbol":"PHX","date":1528041600000,"type":1,"subtype":5,"value":0.04,"recordDate":1528128000000,"divPayDate":null,"isLock":null,"updated":null},{"symbol":"PHX","date":1518710400000,"type":1,"subtype":5,"value":0.04,"recordDate":1519056000000,"divPayDate":null,"isLock":null,"updated":null},{"symbol":"PHX","date":1511193600000,"type":1,"subtype":5,"value":0.04,"recordDate":1511280000000,"divPayDate":null,"isLock":null,"updated":null},{"symbol":"PHX","date":1502985600000,"type":1,"subtype":5,"value":0.04,"recordDate":1503331200000,"divPayDate":null,"isLock":null,"updated":null},{"symbol":"PHX","date":1495728000000,"type":1,"subtype":5,"value":0.04,"recordDate":1496160000000,"divPayDate":null,"isLock":null,"updated":null},{"symbol":"PHX","date":1487174400000,"type":1,"subtype":5,"value":0.04,"recordDate":1487606400000,"divPayDate":null,"isLock":null,"updated":null},{"symbol":"PHX","date":1487088000000,"type":1,"subtype":5,"value":0.04,"recordDate":null,"divPayDate":null,"isLock":null,"updated":null},{"symbol":"PHX","date":1479657600000,"type":1,"subtype":5,"value":0.04,"recordDate":1479830400000,"divPayDate":null,"isLock":null,"updated":null},{"symbol":"PHX","date":1471363200000,"type":1,"subtype":5,"value":0.04,"recordDate":1471536000000,"divPayDate":null,"isLock":null,"updated":null},{"symbol":"PHX","date":1464192000000,"type":1,"subtype":5,"value":0.04,"recordDate":1464624000000,"divPayDate":null,"isLock":null,"updated":null},{"symbol":"PHX","date":1455638400000,"type":1,"subtype":5,"value":0.04,"recordDate":1455811200000,"divPayDate":null,"isLock":null,"updated":null},{"symbol":"PHX","date":1447862400000,"type":1,"subtype":5,"value":0.04,"recordDate":1448208000000,"divPayDate":null,"isLock":null,"updated":null},{"symbol":"PHX","date":1439827200000,"type":1,"subtype":5,"value":0.04,"recordDate":1440000000000,"divPayDate":null,"isLock":null,"updated":null},{"symbol":"PHX","date":1432224000000,"type":1,"subtype":5,"value":0.04,"recordDate":1432656000000,"divPayDate":null,"isLock":null,"updated":null},{"symbol":"PHX","date":1424102400000,"type":1,"subtype":5,"value":0.04,"recordDate":1424275200000,"divPayDate":null,"isLock":null,"updated":null},{"symbol":"PHX","date":1416499200000,"type":1,"subtype":5,"value":0.04,"recordDate":1416844800000,"divPayDate":null,"isLock":null,"updated":null},{"symbol":"PHX","date":1412784000000,"type":2,"subtype":8,"value":2.0,"recordDate":1440000000000,"divPayDate":null,"isLock":null,"updated":null},{"symbol":"PHX","date":1408377600000,"type":1,"subtype":5,"value":0.04,"recordDate":1408550400000,"divPayDate":null,"isLock":null,"updated":null},{"symbol":"PHX","date":1400688000000,"type":1,"subtype":5,"value":0.08,"recordDate":null,"divPayDate":null,"isLock":null,"updated":null},{"symbol":"PHX","date":1392652800000,"type":1,"subtype":5,"value":0.08,"recordDate":null,"divPayDate":null,"isLock":null,"updated":null},{"symbol":"PHX","date":1384963200000,"type":1,"subtype":5,"value":0.08,"recordDate":null,"divPayDate":null,"isLock":null,"updated":null},{"symbol":"PHX","date":1376928000000,"type":1,"subtype":5,"value":0.07,"recordDate":null,"divPayDate":null,"isLock":null,"updated":null},{"symbol":"PHX","date":1369843200000,"type":1,"subtype":5,"value":0.07,"recordDate":null,"divPayDate":null,"isLock":null,"updated":null},{"symbol":"PHX","date":1361376000000,"type":1,"subtype":5,"value":0.07,"recordDate":null,"divPayDate":null,"isLock":null,"updated":null},{"symbol":"PHX","date":1353427200000,"type":1,"subtype":5,"value":0.07,"recordDate":null,"divPayDate":null,"isLock":null,"updated":null},{"symbol":"PHX","date":1345478400000,"type":1,"subtype":5,"value":0.07,"recordDate":null,"divPayDate":null,"isLock":null,"updated":null},{"symbol":"PHX","date":1136822400000,"type":2,"subtype":8,"value":2.0,"recordDate":null,"divPayDate":null,"isLock":null,"updated":null},{"symbol":"PHX","date":1082044800000,"type":2,"subtype":8,"value":2.0,"recordDate":null,"divPayDate":null,"isLock":null,"updated":null},{"symbol":"PHX","date":928252800000,"type":2,"subtype":8,"value":3.0,"recordDate":null,"divPayDate":null,"isLock":null,"updated":null}]}