{"list":[{"symbol":"PJT","date":1559577600000,"type":1,"subtype":5,"value":0.05,"recordDate":1559664000000,"divPayDate":null,"isLock":null,"updated":null},{"symbol":"PJT","date":1551715200000,"type":1,"subtype":5,"value":0.05,"recordDate":1551801600000,"divPayDate":null,"isLock":null,"updated":null},{"symbol":"PJT","date":1543852800000,"type":1,"subtype":5,"value":0.05,"recordDate":1543939200000,"divPayDate":null,"isLock":null,"updated":null},{"symbol":"PJT","date":1535990400000,"type":1,"subtype":5,"value":0.05,"recordDate":1536076800000,"divPayDate":null,"isLock":null,"updated":null},{"symbol":"PJT","date":1528128000000,"type":1,"subtype":5,"value":0.05,"recordDate":1528214400000,"divPayDate":null,"isLock":null,"updated":null},{"symbol":"PJT","date":1520265600000,"type":1,"subtype":5,"value":0.05,"recordDate":1520352000000,"divPayDate":null,"isLock":null,"updated":null},{"symbol":"PJT","date":1512403200000,"type":1,"subtype":5,"value":0.05,"recordDate":1512489600000,"divPayDate":null,"isLock":null,"updated":null},{"symbol":"PJT","date":1504627200000,"type":1,"subtype":5,"value":0.05,"recordDate":1504713600000,"divPayDate":null,"isLock":null,"updated":null},{"symbol":"PJT","date":1496678400000,"type":1,"subtype":5,"value":0.05,"recordDate":1496851200000,"divPayDate":null,"isLock":null,"updated":null},{"symbol":"PJT","date":1488816000000,"type":1,"subtype":5,"value":0.05,"recordDate":1488988800000,"divPayDate":null,"isLock":null,"updated":null},{"symbol":"PJT","date":1480867200000,"type":1,"subtype":5,"value":0.05,"recordDate":1481040000000,"divPayDate":null,"isLock":null,"updated":null},{"symbol":"PJT","date":1472745600000,"type":1,"subtype":5,"value":0.05,"recordDate":1473177600000,"divPayDate":null,"isLock":null,"updated":null},{"symbol":"PJT","date":1465142400000,"type":1,"subtype":5,"value":0.05,"recordDate":1465315200000,"divPayDate":null,"isLock":null,"updated":null},{"symbol":"PJT","date":1457280000000,"type":1,"subtype":5,"value":0.05,"recordDate":1457452800000,"divPayDate":null,"isLock":null,"updated":null}]}