{"list":[{"symbol":"PKBK","date":1554825600000,"type":1,"subtype":5,"value":0.14,"recordDate":1554912000000,"divPayDate":null,"isLock":null,"updated":null},{"symbol":"PKBK","date":1547049600000,"type":1,"subtype":5,"value":0.14,"recordDate":1547136000000,"divPayDate":null,"isLock":null,"updated":null},{"symbol":"PKBK","date":1539187200000,"type":1,"subtype":5,"value":0.14,"recordDate":1539273600000,"divPayDate":null,"isLock":null,"updated":null},{"symbol":"PKBK","date":1531324800000,"type":1,"subtype":5,"value":0.14,"recordDate":null,"divPayDate":null,"isLock":null,"updated":null},{"symbol":"PKBK","date":1525363200000,"type":1,"subtype":5,"value":0.14,"recordDate":1525449600000,"divPayDate":null,"isLock":null,"updated":null},{"symbol":"PKBK","date":1525276800000,"type":2,"subtype":8,"value":1.1,"recordDate":null,"divPayDate":null,"isLock":null,"updated":null},{"symbol":"PKBK","date":1523462400000,"type":1,"subtype":5,"value":0.10909,"recordDate":null,"divPayDate":null,"isLock":null,"updated":null},{"symbol":"PKBK","date":1515600000000,"type":1,"subtype":5,"value":0.12,"recordDate":1515686400000,"divPayDate":null,"isLock":null,"updated":null},{"symbol":"PKBK","date":1507737600000,"type":1,"subtype":5,"value":0.12,"recordDate":1507824000000,"divPayDate":null,"isLock":null,"updated":null},{"symbol":"PKBK","date":1499788800000,"type":1,"subtype":5,"value":0.12,"recordDate":1499961600000,"divPayDate":null,"isLock":null,"updated":null},{"symbol":"PKBK","date":1495728000000,"type":1,"subtype":5,"value":0.12,"recordDate":1496160000000,"divPayDate":null,"isLock":null,"updated":null},{"symbol":"PKBK","date":1493740800000,"type":2,"subtype":8,"value":1.1,"recordDate":1496160000000,"divPayDate":null,"isLock":null,"updated":null},{"symbol":"PKBK","date":1491840000000,"type":1,"subtype":5,"value":0.1,"recordDate":1492099200000,"divPayDate":null,"isLock":null,"updated":null},{"symbol":"PKBK","date":1484150400000,"type":1,"subtype":5,"value":0.1,"recordDate":1484582400000,"divPayDate":null,"isLock":null,"updated":null},{"symbol":"PKBK","date":1476201600000,"type":1,"subtype":5,"value":0.08,"recordDate":1476374400000,"divPayDate":null,"isLock":null,"updated":null},{"symbol":"PKBK","date":1468339200000,"type":1,"subtype":5,"value":0.08,"recordDate":1468512000000,"divPayDate":null,"isLock":null,"updated":null},{"symbol":"PKBK","date":1462118400000,"type":2,"subtype":8,"value":1.1,"recordDate":1460649600000,"divPayDate":null,"isLock":null,"updated":null},{"symbol":"PKBK","date":1460476800000,"type":1,"subtype":5,"value":0.07273,"recordDate":1460649600000,"divPayDate":null,"isLock":null,"updated":null},{"symbol":"PKBK","date":1452614400000,"type":1,"subtype":5,"value":0.07,"recordDate":1452787200000,"divPayDate":null,"isLock":null,"updated":null},{"symbol":"PKBK","date":1444665600000,"type":1,"subtype":5,"value":0.07,"recordDate":1444838400000,"divPayDate":null,"isLock":null,"updated":null},{"symbol":"PKBK","date":1436716800000,"type":1,"subtype":5,"value":0.06,"recordDate":1436889600000,"divPayDate":null,"isLock":null,"updated":null},{"symbol":"PKBK","date":1428940800000,"type":1,"subtype":5,"value":0.06,"recordDate":1429113600000,"divPayDate":null,"isLock":null,"updated":null},{"symbol":"PKBK","date":1421164800000,"type":1,"subtype":5,"value":0.05,"recordDate":1421337600000,"divPayDate":null,"isLock":null,"updated":null},{"symbol":"PKBK","date":1412784000000,"type":1,"subtype":5,"value":0.05,"recordDate":1413216000000,"divPayDate":null,"isLock":null,"updated":null},{"symbol":"PKBK","date":1405008000000,"type":1,"subtype":5,"value":0.05,"recordDate":1405353600000,"divPayDate":null,"isLock":null,"updated":null},{"symbol":"PKBK","date":1367510400000,"type":2,"subtype":8,"value":1.1,"recordDate":1436889600000,"divPayDate":null,"isLock":null,"updated":null},{"symbol":"PKBK","date":1336060800000,"type":2,"subtype":8,"value":1.1,"recordDate":null,"divPayDate":null,"isLock":null,"updated":null},{"symbol":"PKBK","date":1304611200000,"type":2,"subtype":8,"value":1.1,"recordDate":null,"divPayDate":null,"isLock":null,"updated":null},{"symbol":"PKBK","date":1273161600000,"type":2,"subtype":8,"value":1.1,"recordDate":null,"divPayDate":null,"isLock":null,"updated":null}]}