{"list":[{"symbol":"PKG","date":1560355200000,"type":1,"subtype":5,"value":0.79,"recordDate":1560441600000,"divPayDate":null,"isLock":null,"updated":null},{"symbol":"PKG","date":1552492800000,"type":1,"subtype":5,"value":0.79,"recordDate":1552579200000,"divPayDate":null,"isLock":null,"updated":null},{"symbol":"PKG","date":1544716800000,"type":1,"subtype":5,"value":0.79,"recordDate":1544976000000,"divPayDate":null,"isLock":null,"updated":null},{"symbol":"PKG","date":1536768000000,"type":1,"subtype":5,"value":0.79,"recordDate":1536854400000,"divPayDate":null,"isLock":null,"updated":null},{"symbol":"PKG","date":1528905600000,"type":1,"subtype":5,"value":0.79,"recordDate":1528992000000,"divPayDate":null,"isLock":null,"updated":null},{"symbol":"PKG","date":1520956800000,"type":1,"subtype":5,"value":0.63,"recordDate":1521043200000,"divPayDate":null,"isLock":null,"updated":null},{"symbol":"PKG","date":1513872000000,"type":1,"subtype":5,"value":0.63,"recordDate":1514217600000,"divPayDate":null,"isLock":null,"updated":null},{"symbol":"PKG","date":1505318400000,"type":1,"subtype":5,"value":0.63,"recordDate":1505404800000,"divPayDate":null,"isLock":null,"updated":null},{"symbol":"PKG","date":1497283200000,"type":1,"subtype":5,"value":0.63,"recordDate":1497456000000,"divPayDate":null,"isLock":null,"updated":null},{"symbol":"PKG","date":1489334400000,"type":1,"subtype":5,"value":0.63,"recordDate":1489507200000,"divPayDate":null,"isLock":null,"updated":null},{"symbol":"PKG","date":1482249600000,"type":1,"subtype":5,"value":0.63,"recordDate":1482422400000,"divPayDate":null,"isLock":null,"updated":null},{"symbol":"PKG","date":1473696000000,"type":1,"subtype":5,"value":0.63,"recordDate":1473868800000,"divPayDate":null,"isLock":null,"updated":null},{"symbol":"PKG","date":1465747200000,"type":1,"subtype":5,"value":0.55,"recordDate":1465920000000,"divPayDate":null,"isLock":null,"updated":null},{"symbol":"PKG","date":1457625600000,"type":1,"subtype":5,"value":0.55,"recordDate":1457971200000,"divPayDate":null,"isLock":null,"updated":null},{"symbol":"PKG","date":1450800000000,"type":1,"subtype":5,"value":0.55,"recordDate":1451232000000,"divPayDate":null,"isLock":null,"updated":null},{"symbol":"PKG","date":1441900800000,"type":1,"subtype":5,"value":0.55,"recordDate":1442246400000,"divPayDate":null,"isLock":null,"updated":null},{"symbol":"PKG","date":1433952000000,"type":1,"subtype":5,"value":0.55,"recordDate":1434297600000,"divPayDate":null,"isLock":null,"updated":null},{"symbol":"PKG","date":1426003200000,"type":1,"subtype":5,"value":0.55,"recordDate":1426176000000,"divPayDate":null,"isLock":null,"updated":null},{"symbol":"PKG","date":1418745600000,"type":1,"subtype":5,"value":0.4,"recordDate":1418918400000,"divPayDate":null,"isLock":null,"updated":null},{"symbol":"PKG","date":1410364800000,"type":1,"subtype":5,"value":0.4,"recordDate":1410710400000,"divPayDate":null,"isLock":null,"updated":null},{"symbol":"PKG","date":1402416000000,"type":1,"subtype":5,"value":0.4,"recordDate":null,"divPayDate":null,"isLock":null,"updated":null},{"symbol":"PKG","date":1394553600000,"type":1,"subtype":5,"value":0.4,"recordDate":null,"divPayDate":null,"isLock":null,"updated":null},{"symbol":"PKG","date":1387382400000,"type":1,"subtype":5,"value":0.4,"recordDate":null,"divPayDate":null,"isLock":null,"updated":null},{"symbol":"PKG","date":1378828800000,"type":1,"subtype":5,"value":0.4,"recordDate":null,"divPayDate":null,"isLock":null,"updated":null},{"symbol":"PKG","date":1370966400000,"type":1,"subtype":5,"value":0.4,"recordDate":null,"divPayDate":null,"isLock":null,"updated":null},{"symbol":"PKG","date":1363104000000,"type":1,"subtype":5,"value":0.3125,"recordDate":null,"divPayDate":null,"isLock":null,"updated":null},{"symbol":"PKG","date":1355328000000,"type":1,"subtype":5,"value":0.25,"recordDate":null,"divPayDate":null,"isLock":null,"updated":null},{"symbol":"PKG","date":1347465600000,"type":1,"subtype":5,"value":0.25,"recordDate":null,"divPayDate":null,"isLock":null,"updated":null},{"symbol":"PKG","date":1339516800000,"type":1,"subtype":5,"value":0.25,"recordDate":null,"divPayDate":null,"isLock":null,"updated":null}]}