{"list":[{"symbol":"PLL","date":1429632000000,"type":1,"subtype":5,"value":0.305,"recordDate":1429891200000,"divPayDate":null,"isLock":null,"updated":null},{"symbol":"PLL","date":1423065600000,"type":1,"subtype":5,"value":0.305,"recordDate":1423411200000,"divPayDate":null,"isLock":null,"updated":null},{"symbol":"PLL","date":1413388800000,"type":1,"subtype":5,"value":0.305,"recordDate":1413734400000,"divPayDate":null,"isLock":null,"updated":null},{"symbol":"PLL","date":1406131200000,"type":1,"subtype":5,"value":0.275,"recordDate":1406476800000,"divPayDate":null,"isLock":null,"updated":null},{"symbol":"PLL","date":1399392000000,"type":1,"subtype":5,"value":0.275,"recordDate":null,"divPayDate":null,"isLock":null,"updated":null},{"symbol":"PLL","date":1393430400000,"type":1,"subtype":5,"value":0.275,"recordDate":null,"divPayDate":null,"isLock":null,"updated":null},{"symbol":"PLL","date":1381852800000,"type":1,"subtype":5,"value":0.275,"recordDate":null,"divPayDate":null,"isLock":null,"updated":null},{"symbol":"PLL","date":1375200000000,"type":1,"subtype":5,"value":0.25,"recordDate":null,"divPayDate":null,"isLock":null,"updated":null},{"symbol":"PLL","date":1367510400000,"type":1,"subtype":5,"value":0.25,"recordDate":null,"divPayDate":null,"isLock":null,"updated":null},{"symbol":"PLL","date":1360080000000,"type":1,"subtype":5,"value":0.25,"recordDate":null,"divPayDate":null,"isLock":null,"updated":null},{"symbol":"PLL","date":1349798400000,"type":1,"subtype":5,"value":0.25,"recordDate":null,"divPayDate":null,"isLock":null,"updated":null},{"symbol":"PLL","date":1343750400000,"type":1,"subtype":5,"value":0.21,"recordDate":null,"divPayDate":null,"isLock":null,"updated":null},{"symbol":"PLL","date":725472000000,"type":2,"subtype":8,"value":1.33333,"recordDate":1429891200000,"divPayDate":null,"isLock":null,"updated":null},{"symbol":"PLL","date":694022400000,"type":2,"subtype":8,"value":1.5,"recordDate":null,"divPayDate":null,"isLock":null,"updated":null},{"symbol":"PLL","date":666892800000,"type":2,"subtype":8,"value":1.5,"recordDate":null,"divPayDate":null,"isLock":null,"updated":null}]}