{"list":[{"symbol":"PPG","date":1557331200000,"type":1,"subtype":5,"value":0.48,"recordDate":1557417600000,"divPayDate":null,"isLock":null,"updated":null},{"symbol":"PPG","date":1550678400000,"type":1,"subtype":5,"value":0.48,"recordDate":1550764800000,"divPayDate":null,"isLock":null,"updated":null},{"symbol":"PPG","date":1541606400000,"type":1,"subtype":5,"value":0.48,"recordDate":1541952000000,"divPayDate":null,"isLock":null,"updated":null},{"symbol":"PPG","date":1533744000000,"type":1,"subtype":5,"value":0.48,"recordDate":1533830400000,"divPayDate":null,"isLock":null,"updated":null},{"symbol":"PPG","date":1525795200000,"type":1,"subtype":5,"value":0.45,"recordDate":1525881600000,"divPayDate":null,"isLock":null,"updated":null},{"symbol":"PPG","date":1518624000000,"type":1,"subtype":5,"value":0.45,"recordDate":1518710400000,"divPayDate":null,"isLock":null,"updated":null},{"symbol":"PPG","date":1510156800000,"type":1,"subtype":5,"value":0.45,"recordDate":1510243200000,"divPayDate":null,"isLock":null,"updated":null},{"symbol":"PPG","date":1502121600000,"type":1,"subtype":5,"value":0.45,"recordDate":1502294400000,"divPayDate":null,"isLock":null,"updated":null},{"symbol":"PPG","date":1494172800000,"type":1,"subtype":5,"value":0.4,"recordDate":1494345600000,"divPayDate":null,"isLock":null,"updated":null},{"symbol":"PPG","date":1487088000000,"type":1,"subtype":5,"value":0.4,"recordDate":1487260800000,"divPayDate":null,"isLock":null,"updated":null},{"symbol":"PPG","date":1478534400000,"type":1,"subtype":5,"value":0.4,"recordDate":1478707200000,"divPayDate":null,"isLock":null,"updated":null},{"symbol":"PPG","date":1470585600000,"type":1,"subtype":5,"value":0.4,"recordDate":1470758400000,"divPayDate":null,"isLock":null,"updated":null},{"symbol":"PPG","date":1462464000000,"type":1,"subtype":5,"value":0.4,"recordDate":1462809600000,"divPayDate":null,"isLock":null,"updated":null},{"symbol":"PPG","date":1455638400000,"type":1,"subtype":5,"value":0.36,"recordDate":1455811200000,"divPayDate":null,"isLock":null,"updated":null},{"symbol":"PPG","date":1446739200000,"type":1,"subtype":5,"value":0.36,"recordDate":1447084800000,"divPayDate":null,"isLock":null,"updated":null},{"symbol":"PPG","date":1438790400000,"type":1,"subtype":5,"value":0.36,"recordDate":1439136000000,"divPayDate":null,"isLock":null,"updated":null},{"symbol":"PPG","date":1434297600000,"type":2,"subtype":8,"value":2.0,"recordDate":1439136000000,"divPayDate":null,"isLock":null,"updated":null},{"symbol":"PPG","date":1430928000000,"type":1,"subtype":5,"value":0.36,"recordDate":1431273600000,"divPayDate":null,"isLock":null,"updated":null},{"symbol":"PPG","date":1424188800000,"type":1,"subtype":5,"value":0.67,"recordDate":1424361600000,"divPayDate":null,"isLock":null,"updated":null},{"symbol":"PPG","date":1415203200000,"type":1,"subtype":5,"value":0.67,"recordDate":1415548800000,"divPayDate":null,"isLock":null,"updated":null},{"symbol":"PPG","date":1407340800000,"type":1,"subtype":5,"value":0.67,"recordDate":1407686400000,"divPayDate":null,"isLock":null,"updated":null},{"symbol":"PPG","date":1399478400000,"type":1,"subtype":5,"value":0.67,"recordDate":null,"divPayDate":null,"isLock":null,"updated":null},{"symbol":"PPG","date":1392739200000,"type":1,"subtype":5,"value":0.61,"recordDate":null,"divPayDate":null,"isLock":null,"updated":null},{"symbol":"PPG","date":1383667200000,"type":1,"subtype":5,"value":0.61,"recordDate":null,"divPayDate":null,"isLock":null,"updated":null},{"symbol":"PPG","date":1375891200000,"type":1,"subtype":5,"value":0.61,"recordDate":null,"divPayDate":null,"isLock":null,"updated":null},{"symbol":"PPG","date":1367942400000,"type":1,"subtype":5,"value":0.61,"recordDate":null,"divPayDate":null,"isLock":null,"updated":null},{"symbol":"PPG","date":1361289600000,"type":1,"subtype":5,"value":0.59,"recordDate":null,"divPayDate":null,"isLock":null,"updated":null},{"symbol":"PPG","date":1352217600000,"type":1,"subtype":5,"value":0.59,"recordDate":null,"divPayDate":null,"isLock":null,"updated":null},{"symbol":"PPG","date":1344355200000,"type":1,"subtype":5,"value":0.59,"recordDate":null,"divPayDate":null,"isLock":null,"updated":null},{"symbol":"PPG","date":771436800000,"type":2,"subtype":8,"value":2.0,"recordDate":1431273600000,"divPayDate":null,"isLock":null,"updated":null},{"symbol":"PPG","date":542563200000,"type":2,"subtype":8,"value":2.0,"recordDate":null,"divPayDate":null,"isLock":null,"updated":null},{"symbol":"PPG","date":432230400000,"type":2,"subtype":8,"value":2.0,"recordDate":null,"divPayDate":null,"isLock":null,"updated":null}]}