{"list":[{"symbol":"PPR","date":1559836800000,"type":1,"subtype":5,"value":0.0275,"recordDate":null,"divPayDate":null,"isLock":null,"updated":null},{"symbol":"PPR","date":1557331200000,"type":1,"subtype":5,"value":0.027,"recordDate":1557417600000,"divPayDate":null,"isLock":null,"updated":null},{"symbol":"PPR","date":1554739200000,"type":1,"subtype":5,"value":0.0275,"recordDate":null,"divPayDate":null,"isLock":null,"updated":null},{"symbol":"PPR","date":1551974400000,"type":1,"subtype":5,"value":0.0255,"recordDate":null,"divPayDate":null,"isLock":null,"updated":null},{"symbol":"PPR","date":1549555200000,"type":1,"subtype":5,"value":0.027,"recordDate":1549814400000,"divPayDate":null,"isLock":null,"updated":null},{"symbol":"PPR","date":1545926400000,"type":1,"subtype":5,"value":0.027,"recordDate":1546185600000,"divPayDate":null,"isLock":null,"updated":null},{"symbol":"PPR","date":1544112000000,"type":1,"subtype":5,"value":0.0259,"recordDate":null,"divPayDate":null,"isLock":null,"updated":null},{"symbol":"PPR","date":1541606400000,"type":1,"subtype":5,"value":0.0265,"recordDate":null,"divPayDate":null,"isLock":null,"updated":null},{"symbol":"PPR","date":1539014400000,"type":1,"subtype":5,"value":0.0245,"recordDate":null,"divPayDate":null,"isLock":null,"updated":null},{"symbol":"PPR","date":1536249600000,"type":1,"subtype":5,"value":0.025,"recordDate":1536508800000,"divPayDate":null,"isLock":null,"updated":null},{"symbol":"PPR","date":1533744000000,"type":1,"subtype":5,"value":0.025,"recordDate":1533830400000,"divPayDate":null,"isLock":null,"updated":null},{"symbol":"PPR","date":1531065600000,"type":1,"subtype":5,"value":0.0235,"recordDate":null,"divPayDate":null,"isLock":null,"updated":null},{"symbol":"PPR","date":1528387200000,"type":1,"subtype":5,"value":0.0242,"recordDate":null,"divPayDate":null,"isLock":null,"updated":null},{"symbol":"PPR","date":1525795200000,"type":1,"subtype":5,"value":0.0235,"recordDate":null,"divPayDate":null,"isLock":null,"updated":null},{"symbol":"PPR","date":1523203200000,"type":1,"subtype":5,"value":0.0235,"recordDate":null,"divPayDate":null,"isLock":null,"updated":null},{"symbol":"PPR","date":1520524800000,"type":1,"subtype":5,"value":0.0208,"recordDate":1520784000000,"divPayDate":null,"isLock":null,"updated":null},{"symbol":"PPR","date":1518105600000,"type":1,"subtype":5,"value":0.023,"recordDate":1518364800000,"divPayDate":null,"isLock":null,"updated":null},{"symbol":"PPR","date":1514390400000,"type":1,"subtype":5,"value":0.022,"recordDate":1512921600000,"divPayDate":null,"isLock":null,"updated":null},{"symbol":"PPR","date":1512662400000,"type":1,"subtype":5,"value":0.0215,"recordDate":1512921600000,"divPayDate":null,"isLock":null,"updated":null},{"symbol":"PPR","date":1510156800000,"type":1,"subtype":5,"value":0.022,"recordDate":1510243200000,"divPayDate":null,"isLock":null,"updated":null},{"symbol":"PPR","date":1507219200000,"type":1,"subtype":5,"value":0.0225,"recordDate":1507564800000,"divPayDate":null,"isLock":null,"updated":null},{"symbol":"PPR","date":1504800000000,"type":1,"subtype":5,"value":0.024,"recordDate":1505059200000,"divPayDate":null,"isLock":null,"updated":null},{"symbol":"PPR","date":1502121600000,"type":1,"subtype":5,"value":0.025,"recordDate":1502294400000,"divPayDate":null,"isLock":null,"updated":null},{"symbol":"PPR","date":1499270400000,"type":1,"subtype":5,"value":0.025,"recordDate":1499616000000,"divPayDate":null,"isLock":null,"updated":null},{"symbol":"PPR","date":1496851200000,"type":1,"subtype":5,"value":0.026,"recordDate":1497196800000,"divPayDate":null,"isLock":null,"updated":null},{"symbol":"PPR","date":1494172800000,"type":1,"subtype":5,"value":0.026,"recordDate":1494345600000,"divPayDate":null,"isLock":null,"updated":null},{"symbol":"PPR","date":1491408000000,"type":1,"subtype":5,"value":0.027,"recordDate":1491753600000,"divPayDate":null,"isLock":null,"updated":null},{"symbol":"PPR","date":1488902400000,"type":1,"subtype":5,"value":0.026,"recordDate":1489075200000,"divPayDate":null,"isLock":null,"updated":null},{"symbol":"PPR","date":1486483200000,"type":1,"subtype":5,"value":0.027,"recordDate":1486656000000,"divPayDate":null,"isLock":null,"updated":null},{"symbol":"PPR","date":1482940800000,"type":1,"subtype":5,"value":0.027,"recordDate":1483372800000,"divPayDate":null,"isLock":null,"updated":null},{"symbol":"PPR","date":1482854400000,"type":1,"subtype":5,"value":0.027,"recordDate":1483027200000,"divPayDate":null,"isLock":null,"updated":null},{"symbol":"PPR","date":1481126400000,"type":1,"subtype":5,"value":0.027,"recordDate":1481472000000,"divPayDate":null,"isLock":null,"updated":null},{"symbol":"PPR","date":1478534400000,"type":1,"subtype":5,"value":0.027,"recordDate":1478707200000,"divPayDate":null,"isLock":null,"updated":null},{"symbol":"PPR","date":1475683200000,"type":1,"subtype":5,"value":0.0265,"recordDate":1476115200000,"divPayDate":null,"isLock":null,"updated":null},{"symbol":"PPR","date":1475596800000,"type":1,"subtype":5,"value":0.0265,"recordDate":1476028800000,"divPayDate":null,"isLock":null,"updated":null},{"symbol":"PPR","date":1473264000000,"type":1,"subtype":5,"value":0.0265,"recordDate":1473609600000,"divPayDate":null,"isLock":null,"updated":null},{"symbol":"PPR","date":1470585600000,"type":1,"subtype":5,"value":0.0265,"recordDate":1470758400000,"divPayDate":null,"isLock":null,"updated":null},{"symbol":"PPR","date":1467820800000,"type":1,"subtype":5,"value":0.0265,"recordDate":1468166400000,"divPayDate":null,"isLock":null,"updated":null},{"symbol":"PPR","date":1465315200000,"type":1,"subtype":5,"value":0.0265,"recordDate":1465488000000,"divPayDate":null,"isLock":null,"updated":null},{"symbol":"PPR","date":1462464000000,"type":1,"subtype":5,"value":0.026,"recordDate":1462809600000,"divPayDate":null,"isLock":null,"updated":null},{"symbol":"PPR","date":1459958400000,"type":1,"subtype":5,"value":0.0265,"recordDate":1460304000000,"divPayDate":null,"isLock":null,"updated":null},{"symbol":"PPR","date":1457366400000,"type":1,"subtype":5,"value":0.0255,"recordDate":1457539200000,"divPayDate":null,"isLock":null,"updated":null},{"symbol":"PPR","date":1454860800000,"type":1,"subtype":5,"value":0.0265,"recordDate":1455033600000,"divPayDate":null,"isLock":null,"updated":null},{"symbol":"PPR","date":1451318400000,"type":1,"subtype":5,"value":0.0265,"recordDate":1451491200000,"divPayDate":null,"isLock":null,"updated":null},{"symbol":"PPR","date":1449504000000,"type":1,"subtype":5,"value":0.026,"recordDate":1449676800000,"divPayDate":null,"isLock":null,"updated":null},{"symbol":"PPR","date":1446739200000,"type":1,"subtype":5,"value":0.0275,"recordDate":1447084800000,"divPayDate":null,"isLock":null,"updated":null},{"symbol":"PPR","date":1444147200000,"type":1,"subtype":5,"value":0.028,"recordDate":1444579200000,"divPayDate":null,"isLock":null,"updated":null},{"symbol":"PPR","date":1441641600000,"type":1,"subtype":5,"value":0.028,"recordDate":1441814400000,"divPayDate":null,"isLock":null,"updated":null},{"symbol":"PPR","date":1438790400000,"type":1,"subtype":5,"value":0.028,"recordDate":1439136000000,"divPayDate":null,"isLock":null,"updated":null},{"symbol":"PPR","date":1436284800000,"type":1,"subtype":5,"value":0.028,"recordDate":1436457600000,"divPayDate":null,"isLock":null,"updated":null},{"symbol":"PPR","date":1433692800000,"type":1,"subtype":5,"value":0.029,"recordDate":1433865600000,"divPayDate":null,"isLock":null,"updated":null},{"symbol":"PPR","date":1430928000000,"type":1,"subtype":5,"value":0.0275,"recordDate":1431273600000,"divPayDate":null,"isLock":null,"updated":null},{"symbol":"PPR","date":1428422400000,"type":1,"subtype":5,"value":0.029,"recordDate":1428595200000,"divPayDate":null,"isLock":null,"updated":null},{"symbol":"PPR","date":1425571200000,"type":1,"subtype":5,"value":0.027,"recordDate":1425916800000,"divPayDate":null,"isLock":null,"updated":null},{"symbol":"PPR","date":1423152000000,"type":1,"subtype":5,"value":0.029,"recordDate":1423497600000,"divPayDate":null,"isLock":null,"updated":null},{"symbol":"PPR","date":1419782400000,"type":1,"subtype":5,"value":0.029,"recordDate":1419955200000,"divPayDate":null,"isLock":null,"updated":null},{"symbol":"PPR","date":1417968000000,"type":1,"subtype":5,"value":0.029,"recordDate":1418140800000,"divPayDate":null,"isLock":null,"updated":null},{"symbol":"PPR","date":1415203200000,"type":1,"subtype":5,"value":0.029,"recordDate":1415548800000,"divPayDate":null,"isLock":null,"updated":null},{"symbol":"PPR","date":1412697600000,"type":1,"subtype":5,"value":0.028,"recordDate":1412870400000,"divPayDate":null,"isLock":null,"updated":null},{"symbol":"PPR","date":1410105600000,"type":1,"subtype":5,"value":0.028,"recordDate":1410278400000,"divPayDate":null,"isLock":null,"updated":null},{"symbol":"PPR","date":1407340800000,"type":1,"subtype":5,"value":0.028,"recordDate":1407686400000,"divPayDate":null,"isLock":null,"updated":null},{"symbol":"PPR","date":1404748800000,"type":1,"subtype":5,"value":0.028,"recordDate":1404921600000,"divPayDate":null,"isLock":null,"updated":null},{"symbol":"PPR","date":1401984000000,"type":1,"subtype":5,"value":0.029,"recordDate":null,"divPayDate":null,"isLock":null,"updated":null},{"symbol":"PPR","date":1399478400000,"type":1,"subtype":5,"value":0.03,"recordDate":null,"divPayDate":null,"isLock":null,"updated":null},{"symbol":"PPR","date":1396886400000,"type":1,"subtype":5,"value":0.0315,"recordDate":null,"divPayDate":null,"isLock":null,"updated":null},{"symbol":"PPR","date":1394035200000,"type":1,"subtype":5,"value":0.0285,"recordDate":null,"divPayDate":null,"isLock":null,"updated":null},{"symbol":"PPR","date":1391616000000,"type":1,"subtype":5,"value":0.0315,"recordDate":null,"divPayDate":null,"isLock":null,"updated":null},{"symbol":"PPR","date":1388073600000,"type":1,"subtype":5,"value":0.0315,"recordDate":null,"divPayDate":null,"isLock":null,"updated":null},{"symbol":"PPR","date":1386259200000,"type":1,"subtype":5,"value":0.0315,"recordDate":null,"divPayDate":null,"isLock":null,"updated":null},{"symbol":"PPR","date":1383753600000,"type":1,"subtype":5,"value":0.0315,"recordDate":null,"divPayDate":null,"isLock":null,"updated":null},{"symbol":"PPR","date":1381161600000,"type":1,"subtype":5,"value":0.0315,"recordDate":null,"divPayDate":null,"isLock":null,"updated":null},{"symbol":"PPR","date":1378396800000,"type":1,"subtype":5,"value":0.033,"recordDate":null,"divPayDate":null,"isLock":null,"updated":null},{"symbol":"PPR","date":1375891200000,"type":1,"subtype":5,"value":0.035,"recordDate":null,"divPayDate":null,"isLock":null,"updated":null},{"symbol":"PPR","date":1373212800000,"type":1,"subtype":5,"value":0.0365,"recordDate":null,"divPayDate":null,"isLock":null,"updated":null},{"symbol":"PPR","date":1370448000000,"type":1,"subtype":5,"value":0.0375,"recordDate":null,"divPayDate":null,"isLock":null,"updated":null},{"symbol":"PPR","date":1367942400000,"type":1,"subtype":5,"value":0.0375,"recordDate":null,"divPayDate":null,"isLock":null,"updated":null},{"symbol":"PPR","date":1365350400000,"type":1,"subtype":5,"value":0.038,"recordDate":null,"divPayDate":null,"isLock":null,"updated":null},{"symbol":"PPR","date":1362585600000,"type":1,"subtype":5,"value":0.038,"recordDate":null,"divPayDate":null,"isLock":null,"updated":null},{"symbol":"PPR","date":1360166400000,"type":1,"subtype":5,"value":0.038,"recordDate":null,"divPayDate":null,"isLock":null,"updated":null},{"symbol":"PPR","date":1356537600000,"type":1,"subtype":5,"value":0.038,"recordDate":null,"divPayDate":null,"isLock":null,"updated":null},{"symbol":"PPR","date":1354723200000,"type":1,"subtype":5,"value":0.037,"recordDate":null,"divPayDate":null,"isLock":null,"updated":null},{"symbol":"PPR","date":1352304000000,"type":1,"subtype":5,"value":0.037,"recordDate":null,"divPayDate":null,"isLock":null,"updated":null},{"symbol":"PPR","date":1349366400000,"type":1,"subtype":5,"value":0.036,"recordDate":null,"divPayDate":null,"isLock":null,"updated":null},{"symbol":"PPR","date":1346860800000,"type":1,"subtype":5,"value":0.036,"recordDate":null,"divPayDate":null,"isLock":null,"updated":null},{"symbol":"PPR","date":1344355200000,"type":1,"subtype":5,"value":0.035,"recordDate":null,"divPayDate":null,"isLock":null,"updated":null}]}