{"list":[{"symbol":"PRCP","date":1401724800000,"type":1,"subtype":5,"value":0.15,"recordDate":null,"divPayDate":null,"isLock":null,"updated":null},{"symbol":"PRCP","date":1370275200000,"type":1,"subtype":5,"value":0.15,"recordDate":null,"divPayDate":null,"isLock":null,"updated":null},{"symbol":"PRCP","date":1349366400000,"type":1,"subtype":5,"value":0.25,"recordDate":null,"divPayDate":null,"isLock":null,"updated":null},{"symbol":"PRCP","date":817747200000,"type":2,"subtype":8,"value":1.5,"recordDate":1401897600000,"divPayDate":null,"isLock":null,"updated":null}]}