{"list":[{"symbol":"PSA","date":1560182400000,"type":1,"subtype":5,"value":2.0,"recordDate":1560268800000,"divPayDate":null,"isLock":null,"updated":null},{"symbol":"PSA","date":1552320000000,"type":1,"subtype":5,"value":2.0,"recordDate":1552406400000,"divPayDate":null,"isLock":null,"updated":null},{"symbol":"PSA","date":1544457600000,"type":1,"subtype":5,"value":2.0,"recordDate":1544544000000,"divPayDate":null,"isLock":null,"updated":null},{"symbol":"PSA","date":1536595200000,"type":1,"subtype":5,"value":2.0,"recordDate":1536681600000,"divPayDate":null,"isLock":null,"updated":null},{"symbol":"PSA","date":1528732800000,"type":1,"subtype":5,"value":2.0,"recordDate":1528819200000,"divPayDate":null,"isLock":null,"updated":null},{"symbol":"PSA","date":1520870400000,"type":1,"subtype":5,"value":2.0,"recordDate":1520956800000,"divPayDate":null,"isLock":null,"updated":null},{"symbol":"PSA","date":1513008000000,"type":1,"subtype":5,"value":2.0,"recordDate":1513094400000,"divPayDate":null,"isLock":null,"updated":null},{"symbol":"PSA","date":1505145600000,"type":1,"subtype":5,"value":2.0,"recordDate":1505232000000,"divPayDate":null,"isLock":null,"updated":null},{"symbol":"PSA","date":1497196800000,"type":1,"subtype":5,"value":2.0,"recordDate":1497369600000,"divPayDate":null,"isLock":null,"updated":null},{"symbol":"PSA","date":1489334400000,"type":1,"subtype":5,"value":2.0,"recordDate":1489507200000,"divPayDate":null,"isLock":null,"updated":null},{"symbol":"PSA","date":1481472000000,"type":1,"subtype":5,"value":2.0,"recordDate":1481644800000,"divPayDate":null,"isLock":null,"updated":null},{"symbol":"PSA","date":1473609600000,"type":1,"subtype":5,"value":1.8,"recordDate":1473782400000,"divPayDate":null,"isLock":null,"updated":null},{"symbol":"PSA","date":1465747200000,"type":1,"subtype":5,"value":1.8,"recordDate":1465920000000,"divPayDate":null,"isLock":null,"updated":null},{"symbol":"PSA","date":1457884800000,"type":1,"subtype":5,"value":1.7,"recordDate":1458057600000,"divPayDate":null,"isLock":null,"updated":null},{"symbol":"PSA","date":1449763200000,"type":1,"subtype":5,"value":1.7,"recordDate":1450108800000,"divPayDate":null,"isLock":null,"updated":null},{"symbol":"PSA","date":1441900800000,"type":1,"subtype":5,"value":1.7,"recordDate":1442246400000,"divPayDate":null,"isLock":null,"updated":null},{"symbol":"PSA","date":1433952000000,"type":1,"subtype":5,"value":1.7,"recordDate":1434297600000,"divPayDate":null,"isLock":null,"updated":null},{"symbol":"PSA","date":1426089600000,"type":1,"subtype":5,"value":1.4,"recordDate":1426435200000,"divPayDate":null,"isLock":null,"updated":null},{"symbol":"PSA","date":1418227200000,"type":1,"subtype":5,"value":1.4,"recordDate":1418572800000,"divPayDate":null,"isLock":null,"updated":null},{"symbol":"PSA","date":1410364800000,"type":1,"subtype":5,"value":1.4,"recordDate":1410710400000,"divPayDate":null,"isLock":null,"updated":null},{"symbol":"PSA","date":1402416000000,"type":1,"subtype":5,"value":1.4,"recordDate":null,"divPayDate":null,"isLock":null,"updated":null},{"symbol":"PSA","date":1394553600000,"type":1,"subtype":5,"value":1.4,"recordDate":null,"divPayDate":null,"isLock":null,"updated":null},{"symbol":"PSA","date":1386691200000,"type":1,"subtype":5,"value":1.4,"recordDate":null,"divPayDate":null,"isLock":null,"updated":null},{"symbol":"PSA","date":1378828800000,"type":1,"subtype":5,"value":1.25,"recordDate":null,"divPayDate":null,"isLock":null,"updated":null},{"symbol":"PSA","date":1370793600000,"type":1,"subtype":5,"value":1.25,"recordDate":null,"divPayDate":null,"isLock":null,"updated":null},{"symbol":"PSA","date":1362931200000,"type":1,"subtype":5,"value":1.25,"recordDate":null,"divPayDate":null,"isLock":null,"updated":null},{"symbol":"PSA","date":1355068800000,"type":1,"subtype":5,"value":1.1,"recordDate":null,"divPayDate":null,"isLock":null,"updated":null},{"symbol":"PSA","date":1347206400000,"type":1,"subtype":5,"value":1.1,"recordDate":null,"divPayDate":null,"isLock":null,"updated":null}]}