{"list":[{"symbol":"PSCM","date":1561305600000,"type":1,"subtype":5,"value":0.11599,"recordDate":null,"divPayDate":null,"isLock":null,"updated":null},{"symbol":"PSCM","date":1552838400000,"type":1,"subtype":5,"value":0.09229,"recordDate":null,"divPayDate":null,"isLock":null,"updated":null},{"symbol":"PSCM","date":1545580800000,"type":1,"subtype":5,"value":0.15455,"recordDate":null,"divPayDate":null,"isLock":null,"updated":null},{"symbol":"PSCM","date":1537718400000,"type":1,"subtype":5,"value":0.1576,"recordDate":null,"divPayDate":null,"isLock":null,"updated":null},{"symbol":"PSCM","date":1529251200000,"type":1,"subtype":5,"value":0.12324,"recordDate":null,"divPayDate":null,"isLock":null,"updated":null},{"symbol":"PSCM","date":1521388800000,"type":1,"subtype":5,"value":0.05942,"recordDate":null,"divPayDate":null,"isLock":null,"updated":null},{"symbol":"PSCM","date":1513526400000,"type":1,"subtype":5,"value":0.14983,"recordDate":1505750400000,"divPayDate":null,"isLock":null,"updated":null},{"symbol":"PSCM","date":1505664000000,"type":1,"subtype":5,"value":0.08195,"recordDate":1497888000000,"divPayDate":null,"isLock":null,"updated":null},{"symbol":"PSCM","date":1497542400000,"type":1,"subtype":5,"value":0.08956,"recordDate":1482163200000,"divPayDate":null,"isLock":null,"updated":null},{"symbol":"PSCM","date":1481817600000,"type":1,"subtype":5,"value":0.16764,"recordDate":1474300800000,"divPayDate":null,"isLock":null,"updated":null},{"symbol":"PSCM","date":1473955200000,"type":1,"subtype":5,"value":0.0555,"recordDate":1466438400000,"divPayDate":null,"isLock":null,"updated":null},{"symbol":"PSCM","date":1466092800000,"type":1,"subtype":5,"value":0.07899,"recordDate":1458576000000,"divPayDate":null,"isLock":null,"updated":null},{"symbol":"PSCM","date":1458230400000,"type":1,"subtype":5,"value":0.06191,"recordDate":1450713600000,"divPayDate":null,"isLock":null,"updated":null},{"symbol":"PSCM","date":1450368000000,"type":1,"subtype":5,"value":0.16899,"recordDate":1450713600000,"divPayDate":null,"isLock":null,"updated":null},{"symbol":"PSCM","date":1442505600000,"type":1,"subtype":5,"value":0.0924,"recordDate":1434988800000,"divPayDate":null,"isLock":null,"updated":null},{"symbol":"PSCM","date":1434643200000,"type":1,"subtype":5,"value":0.09049,"recordDate":1434988800000,"divPayDate":null,"isLock":null,"updated":null},{"symbol":"PSCM","date":1426780800000,"type":1,"subtype":5,"value":0.0641,"recordDate":1427126400000,"divPayDate":null,"isLock":null,"updated":null},{"symbol":"PSCM","date":1418918400000,"type":1,"subtype":5,"value":0.21736,"recordDate":1419264000000,"divPayDate":null,"isLock":null,"updated":null},{"symbol":"PSCM","date":1411056000000,"type":1,"subtype":5,"value":0.04359,"recordDate":1411401600000,"divPayDate":null,"isLock":null,"updated":null},{"symbol":"PSCM","date":1403193600000,"type":1,"subtype":5,"value":0.06604,"recordDate":1403539200000,"divPayDate":null,"isLock":null,"updated":null},{"symbol":"PSCM","date":1395331200000,"type":1,"subtype":5,"value":0.03623,"recordDate":null,"divPayDate":null,"isLock":null,"updated":null},{"symbol":"PSCM","date":1387468800000,"type":1,"subtype":5,"value":0.08506,"recordDate":null,"divPayDate":null,"isLock":null,"updated":null},{"symbol":"PSCM","date":1379606400000,"type":1,"subtype":5,"value":0.03576,"recordDate":null,"divPayDate":null,"isLock":null,"updated":null},{"symbol":"PSCM","date":1371744000000,"type":1,"subtype":5,"value":0.05202,"recordDate":null,"divPayDate":null,"isLock":null,"updated":null},{"symbol":"PSCM","date":1363276800000,"type":1,"subtype":5,"value":0.05242,"recordDate":null,"divPayDate":null,"isLock":null,"updated":null},{"symbol":"PSCM","date":1356019200000,"type":1,"subtype":5,"value":0.24563,"recordDate":null,"divPayDate":null,"isLock":null,"updated":null},{"symbol":"PSCM","date":1331827200000,"type":1,"subtype":5,"value":0.042,"recordDate":null,"divPayDate":null,"isLock":null,"updated":null}]}