{"list":[{"symbol":"PSX","date":1558022400000,"type":1,"subtype":5,"value":0.9,"recordDate":1558281600000,"divPayDate":null,"isLock":null,"updated":null},{"symbol":"PSX","date":1550160000000,"type":1,"subtype":5,"value":0.8,"recordDate":1550505600000,"divPayDate":null,"isLock":null,"updated":null},{"symbol":"PSX","date":1542297600000,"type":1,"subtype":5,"value":0.8,"recordDate":1542556800000,"divPayDate":null,"isLock":null,"updated":null},{"symbol":"PSX","date":1534694400000,"type":1,"subtype":5,"value":0.8,"recordDate":1534780800000,"divPayDate":null,"isLock":null,"updated":null},{"symbol":"PSX","date":1526572800000,"type":1,"subtype":5,"value":0.8,"recordDate":1526832000000,"divPayDate":null,"isLock":null,"updated":null},{"symbol":"PSX","date":1518710400000,"type":1,"subtype":5,"value":0.7,"recordDate":1519056000000,"divPayDate":null,"isLock":null,"updated":null},{"symbol":"PSX","date":1510761600000,"type":1,"subtype":5,"value":0.7,"recordDate":1510848000000,"divPayDate":null,"isLock":null,"updated":null},{"symbol":"PSX","date":1502812800000,"type":1,"subtype":5,"value":0.7,"recordDate":1502985600000,"divPayDate":null,"isLock":null,"updated":null},{"symbol":"PSX","date":1494864000000,"type":1,"subtype":5,"value":0.7,"recordDate":1495036800000,"divPayDate":null,"isLock":null,"updated":null},{"symbol":"PSX","date":1487174400000,"type":1,"subtype":5,"value":0.63,"recordDate":1487606400000,"divPayDate":null,"isLock":null,"updated":null},{"symbol":"PSX","date":1479139200000,"type":1,"subtype":5,"value":0.63,"recordDate":1479312000000,"divPayDate":null,"isLock":null,"updated":null},{"symbol":"PSX","date":1471276800000,"type":1,"subtype":5,"value":0.63,"recordDate":1471449600000,"divPayDate":null,"isLock":null,"updated":null},{"symbol":"PSX","date":1463328000000,"type":1,"subtype":5,"value":0.63,"recordDate":1463500800000,"divPayDate":null,"isLock":null,"updated":null},{"symbol":"PSX","date":1455120000000,"type":1,"subtype":5,"value":0.56,"recordDate":1455552000000,"divPayDate":null,"isLock":null,"updated":null},{"symbol":"PSX","date":1447084800000,"type":1,"subtype":5,"value":0.56,"recordDate":1447344000000,"divPayDate":null,"isLock":null,"updated":null},{"symbol":"PSX","date":1439395200000,"type":1,"subtype":5,"value":0.56,"recordDate":1439740800000,"divPayDate":null,"isLock":null,"updated":null},{"symbol":"PSX","date":1431532800000,"type":1,"subtype":5,"value":0.56,"recordDate":1431878400000,"divPayDate":null,"isLock":null,"updated":null},{"symbol":"PSX","date":1423670400000,"type":1,"subtype":5,"value":0.5,"recordDate":1424102400000,"divPayDate":null,"isLock":null,"updated":null},{"symbol":"PSX","date":1415721600000,"type":1,"subtype":5,"value":0.5,"recordDate":1415894400000,"divPayDate":null,"isLock":null,"updated":null},{"symbol":"PSX","date":1407859200000,"type":1,"subtype":5,"value":0.5,"recordDate":1408032000000,"divPayDate":null,"isLock":null,"updated":null},{"symbol":"PSX","date":1400083200000,"type":1,"subtype":5,"value":0.5,"recordDate":null,"divPayDate":null,"isLock":null,"updated":null},{"symbol":"PSX","date":1392220800000,"type":1,"subtype":5,"value":0.39,"recordDate":null,"divPayDate":null,"isLock":null,"updated":null},{"symbol":"PSX","date":1384185600000,"type":1,"subtype":5,"value":0.39,"recordDate":null,"divPayDate":null,"isLock":null,"updated":null},{"symbol":"PSX","date":1376409600000,"type":1,"subtype":5,"value":0.3125,"recordDate":null,"divPayDate":null,"isLock":null,"updated":null},{"symbol":"PSX","date":1368633600000,"type":1,"subtype":5,"value":0.3125,"recordDate":null,"divPayDate":null,"isLock":null,"updated":null},{"symbol":"PSX","date":1361203200000,"type":1,"subtype":5,"value":0.3125,"recordDate":null,"divPayDate":null,"isLock":null,"updated":null},{"symbol":"PSX","date":1360684800000,"type":1,"subtype":5,"value":0.3125,"recordDate":null,"divPayDate":null,"isLock":null,"updated":null},{"symbol":"PSX","date":1349884800000,"type":1,"subtype":5,"value":0.25,"recordDate":null,"divPayDate":null,"isLock":null,"updated":null},{"symbol":"PSX","date":1342627200000,"type":1,"subtype":5,"value":0.2,"recordDate":null,"divPayDate":null,"isLock":null,"updated":null}]}