{"list":[{"symbol":"PTF","date":1552838400000,"type":1,"subtype":5,"value":1.0E-5,"recordDate":null,"divPayDate":null,"isLock":null,"updated":null},{"symbol":"PTF","date":1537718400000,"type":1,"subtype":5,"value":0.00291,"recordDate":null,"divPayDate":null,"isLock":null,"updated":null},{"symbol":"PTF","date":1529251200000,"type":1,"subtype":5,"value":0.03956,"recordDate":null,"divPayDate":null,"isLock":null,"updated":null},{"symbol":"PTF","date":1505664000000,"type":1,"subtype":5,"value":0.02142,"recordDate":1482163200000,"divPayDate":null,"isLock":null,"updated":null},{"symbol":"PTF","date":1481817600000,"type":1,"subtype":5,"value":0.10434,"recordDate":1419264000000,"divPayDate":null,"isLock":null,"updated":null},{"symbol":"PTF","date":1418918400000,"type":1,"subtype":5,"value":0.26198,"recordDate":1419264000000,"divPayDate":null,"isLock":null,"updated":null},{"symbol":"PTF","date":1387468800000,"type":1,"subtype":5,"value":0.05979,"recordDate":null,"divPayDate":null,"isLock":null,"updated":null},{"symbol":"PTF","date":1356019200000,"type":1,"subtype":5,"value":0.18995,"recordDate":null,"divPayDate":null,"isLock":null,"updated":null},{"symbol":"PTF","date":1348156800000,"type":1,"subtype":5,"value":0.0103,"recordDate":null,"divPayDate":null,"isLock":null,"updated":null},{"symbol":"PTF","date":1292515200000,"type":1,"subtype":5,"value":0.01313,"recordDate":null,"divPayDate":null,"isLock":null,"updated":null}]}