{"list":[{"symbol":"PXI","date":1561305600000,"type":1,"subtype":5,"value":0.24007,"recordDate":null,"divPayDate":null,"isLock":null,"updated":null},{"symbol":"PXI","date":1552838400000,"type":1,"subtype":5,"value":0.09038,"recordDate":null,"divPayDate":null,"isLock":null,"updated":null},{"symbol":"PXI","date":1545580800000,"type":1,"subtype":5,"value":0.08057,"recordDate":null,"divPayDate":null,"isLock":null,"updated":null},{"symbol":"PXI","date":1537718400000,"type":1,"subtype":5,"value":0.03532,"recordDate":null,"divPayDate":null,"isLock":null,"updated":null},{"symbol":"PXI","date":1529251200000,"type":1,"subtype":5,"value":0.14673,"recordDate":null,"divPayDate":null,"isLock":null,"updated":null},{"symbol":"PXI","date":1513526400000,"type":1,"subtype":5,"value":0.13211,"recordDate":1505750400000,"divPayDate":null,"isLock":null,"updated":null},{"symbol":"PXI","date":1505664000000,"type":1,"subtype":5,"value":0.11378,"recordDate":1497888000000,"divPayDate":null,"isLock":null,"updated":null},{"symbol":"PXI","date":1497542400000,"type":1,"subtype":5,"value":0.06848,"recordDate":1482163200000,"divPayDate":null,"isLock":null,"updated":null},{"symbol":"PXI","date":1481817600000,"type":1,"subtype":5,"value":0.04401,"recordDate":1474300800000,"divPayDate":null,"isLock":null,"updated":null},{"symbol":"PXI","date":1473955200000,"type":1,"subtype":5,"value":0.12886,"recordDate":1466438400000,"divPayDate":null,"isLock":null,"updated":null},{"symbol":"PXI","date":1466092800000,"type":1,"subtype":5,"value":0.07935,"recordDate":1458576000000,"divPayDate":null,"isLock":null,"updated":null},{"symbol":"PXI","date":1458230400000,"type":1,"subtype":5,"value":0.06721,"recordDate":1450713600000,"divPayDate":null,"isLock":null,"updated":null},{"symbol":"PXI","date":1450368000000,"type":1,"subtype":5,"value":0.14207,"recordDate":1442851200000,"divPayDate":null,"isLock":null,"updated":null},{"symbol":"PXI","date":1442505600000,"type":1,"subtype":5,"value":0.1164,"recordDate":1442851200000,"divPayDate":null,"isLock":null,"updated":null},{"symbol":"PXI","date":1434643200000,"type":1,"subtype":5,"value":0.33598,"recordDate":1434988800000,"divPayDate":null,"isLock":null,"updated":null},{"symbol":"PXI","date":1426780800000,"type":1,"subtype":5,"value":0.0992,"recordDate":1427126400000,"divPayDate":null,"isLock":null,"updated":null},{"symbol":"PXI","date":1418918400000,"type":1,"subtype":5,"value":0.2515,"recordDate":1419264000000,"divPayDate":null,"isLock":null,"updated":null},{"symbol":"PXI","date":1411056000000,"type":1,"subtype":5,"value":0.06169,"recordDate":1411401600000,"divPayDate":null,"isLock":null,"updated":null},{"symbol":"PXI","date":1403193600000,"type":1,"subtype":5,"value":0.20223,"recordDate":1403539200000,"divPayDate":null,"isLock":null,"updated":null},{"symbol":"PXI","date":1387468800000,"type":1,"subtype":5,"value":0.08087,"recordDate":null,"divPayDate":null,"isLock":null,"updated":null},{"symbol":"PXI","date":1379606400000,"type":1,"subtype":5,"value":0.06214,"recordDate":null,"divPayDate":null,"isLock":null,"updated":null},{"symbol":"PXI","date":1371744000000,"type":1,"subtype":5,"value":0.18287,"recordDate":null,"divPayDate":null,"isLock":null,"updated":null},{"symbol":"PXI","date":1363276800000,"type":1,"subtype":5,"value":0.09225,"recordDate":null,"divPayDate":null,"isLock":null,"updated":null},{"symbol":"PXI","date":1356019200000,"type":1,"subtype":5,"value":0.41471,"recordDate":null,"divPayDate":null,"isLock":null,"updated":null},{"symbol":"PXI","date":1348156800000,"type":1,"subtype":5,"value":0.057,"recordDate":null,"divPayDate":null,"isLock":null,"updated":null},{"symbol":"PXI","date":1339689600000,"type":1,"subtype":5,"value":0.09723,"recordDate":null,"divPayDate":null,"isLock":null,"updated":null}]}