{"list":[{"symbol":"QADA","date":1555862400000,"type":1,"subtype":5,"value":0.072,"recordDate":1555948800000,"divPayDate":null,"isLock":null,"updated":null},{"symbol":"QADA","date":1545580800000,"type":1,"subtype":5,"value":0.072,"recordDate":1545753600000,"divPayDate":null,"isLock":null,"updated":null},{"symbol":"QADA","date":1537718400000,"type":1,"subtype":5,"value":0.072,"recordDate":1537804800000,"divPayDate":null,"isLock":null,"updated":null},{"symbol":"QADA","date":1529596800000,"type":1,"subtype":5,"value":0.072,"recordDate":null,"divPayDate":null,"isLock":null,"updated":null},{"symbol":"QADA","date":1524412800000,"type":1,"subtype":5,"value":0.072,"recordDate":1524499200000,"divPayDate":null,"isLock":null,"updated":null},{"symbol":"QADA","date":1513872000000,"type":1,"subtype":5,"value":0.072,"recordDate":1514217600000,"divPayDate":null,"isLock":null,"updated":null},{"symbol":"QADA","date":1506268800000,"type":1,"subtype":5,"value":0.072,"recordDate":1506355200000,"divPayDate":null,"isLock":null,"updated":null},{"symbol":"QADA","date":1498147200000,"type":1,"subtype":5,"value":0.072,"recordDate":1498492800000,"divPayDate":null,"isLock":null,"updated":null},{"symbol":"QADA","date":1492704000000,"type":1,"subtype":5,"value":0.072,"recordDate":1493049600000,"divPayDate":null,"isLock":null,"updated":null},{"symbol":"QADA","date":1482336000000,"type":1,"subtype":5,"value":0.072,"recordDate":1482768000000,"divPayDate":null,"isLock":null,"updated":null},{"symbol":"QADA","date":1474819200000,"type":1,"subtype":5,"value":0.072,"recordDate":1474992000000,"divPayDate":null,"isLock":null,"updated":null},{"symbol":"QADA","date":1466697600000,"type":1,"subtype":5,"value":0.072,"recordDate":1467043200000,"divPayDate":null,"isLock":null,"updated":null},{"symbol":"QADA","date":1461254400000,"type":1,"subtype":5,"value":0.072,"recordDate":1461600000000,"divPayDate":null,"isLock":null,"updated":null},{"symbol":"QADA","date":1450627200000,"type":1,"subtype":5,"value":0.072,"recordDate":1450800000000,"divPayDate":null,"isLock":null,"updated":null},{"symbol":"QADA","date":1442764800000,"type":1,"subtype":5,"value":0.072,"recordDate":1442937600000,"divPayDate":null,"isLock":null,"updated":null},{"symbol":"QADA","date":1434643200000,"type":1,"subtype":5,"value":0.072,"recordDate":1434988800000,"divPayDate":null,"isLock":null,"updated":null},{"symbol":"QADA","date":1430064000000,"type":1,"subtype":5,"value":0.072,"recordDate":1430236800000,"divPayDate":null,"isLock":null,"updated":null},{"symbol":"QADA","date":1418918400000,"type":1,"subtype":5,"value":0.072,"recordDate":1419264000000,"divPayDate":null,"isLock":null,"updated":null},{"symbol":"QADA","date":1411056000000,"type":1,"subtype":5,"value":0.072,"recordDate":1411401600000,"divPayDate":null,"isLock":null,"updated":null},{"symbol":"QADA","date":1403452800000,"type":1,"subtype":5,"value":0.072,"recordDate":null,"divPayDate":null,"isLock":null,"updated":null},{"symbol":"QADA","date":1398614400000,"type":1,"subtype":5,"value":0.072,"recordDate":null,"divPayDate":null,"isLock":null,"updated":null},{"symbol":"QADA","date":1387468800000,"type":1,"subtype":5,"value":0.072,"recordDate":null,"divPayDate":null,"isLock":null,"updated":null},{"symbol":"QADA","date":1379606400000,"type":1,"subtype":5,"value":0.072,"recordDate":null,"divPayDate":null,"isLock":null,"updated":null},{"symbol":"QADA","date":1371744000000,"type":1,"subtype":5,"value":0.072,"recordDate":null,"divPayDate":null,"isLock":null,"updated":null},{"symbol":"QADA","date":1367769600000,"type":1,"subtype":5,"value":0.072,"recordDate":null,"divPayDate":null,"isLock":null,"updated":null},{"symbol":"QADA","date":1356019200000,"type":1,"subtype":5,"value":0.072,"recordDate":null,"divPayDate":null,"isLock":null,"updated":null},{"symbol":"QADA","date":1355414400000,"type":1,"subtype":5,"value":0.288,"recordDate":null,"divPayDate":null,"isLock":null,"updated":null},{"symbol":"QADA","date":1353600000000,"type":1,"subtype":5,"value":0.072,"recordDate":null,"divPayDate":null,"isLock":null,"updated":null}]}