{"list":[{"symbol":"QQXT","date":1560441600000,"type":1,"subtype":5,"value":0.0458,"recordDate":null,"divPayDate":null,"isLock":null,"updated":null},{"symbol":"QQXT","date":1553097600000,"type":1,"subtype":5,"value":0.031,"recordDate":null,"divPayDate":null,"isLock":null,"updated":null},{"symbol":"QQXT","date":1545062400000,"type":1,"subtype":5,"value":0.0837,"recordDate":null,"divPayDate":null,"isLock":null,"updated":null},{"symbol":"QQXT","date":1536854400000,"type":1,"subtype":5,"value":0.0109,"recordDate":null,"divPayDate":null,"isLock":null,"updated":null},{"symbol":"QQXT","date":1529510400000,"type":1,"subtype":5,"value":0.0647,"recordDate":null,"divPayDate":null,"isLock":null,"updated":null},{"symbol":"QQXT","date":1521648000000,"type":1,"subtype":5,"value":0.0124,"recordDate":null,"divPayDate":null,"isLock":null,"updated":null},{"symbol":"QQXT","date":1513785600000,"type":1,"subtype":5,"value":0.0448,"recordDate":1513872000000,"divPayDate":null,"isLock":null,"updated":null},{"symbol":"QQXT","date":1505923200000,"type":1,"subtype":5,"value":0.0156,"recordDate":1498406400000,"divPayDate":null,"isLock":null,"updated":null},{"symbol":"QQXT","date":1498060800000,"type":1,"subtype":5,"value":0.0736,"recordDate":1498406400000,"divPayDate":null,"isLock":null,"updated":null},{"symbol":"QQXT","date":1490198400000,"type":1,"subtype":5,"value":0.0218,"recordDate":1482422400000,"divPayDate":null,"isLock":null,"updated":null},{"symbol":"QQXT","date":1482249600000,"type":1,"subtype":5,"value":0.0479,"recordDate":1474560000000,"divPayDate":null,"isLock":null,"updated":null},{"symbol":"QQXT","date":1474387200000,"type":1,"subtype":5,"value":0.0127,"recordDate":1466697600000,"divPayDate":null,"isLock":null,"updated":null},{"symbol":"QQXT","date":1466524800000,"type":1,"subtype":5,"value":0.0417,"recordDate":1459094400000,"divPayDate":null,"isLock":null,"updated":null},{"symbol":"QQXT","date":1458662400000,"type":1,"subtype":5,"value":0.0225,"recordDate":1451232000000,"divPayDate":null,"isLock":null,"updated":null},{"symbol":"QQXT","date":1450800000000,"type":1,"subtype":5,"value":0.0665,"recordDate":1451232000000,"divPayDate":null,"isLock":null,"updated":null},{"symbol":"QQXT","date":1442937600000,"type":1,"subtype":5,"value":0.0189,"recordDate":1435248000000,"divPayDate":null,"isLock":null,"updated":null},{"symbol":"QQXT","date":1435075200000,"type":1,"subtype":5,"value":0.0464,"recordDate":1427385600000,"divPayDate":null,"isLock":null,"updated":null},{"symbol":"QQXT","date":1427212800000,"type":1,"subtype":5,"value":0.0321,"recordDate":1427385600000,"divPayDate":null,"isLock":null,"updated":null},{"symbol":"QQXT","date":1419264000000,"type":1,"subtype":5,"value":0.0339,"recordDate":1419523200000,"divPayDate":null,"isLock":null,"updated":null},{"symbol":"QQXT","date":1403539200000,"type":1,"subtype":5,"value":0.0345,"recordDate":1403712000000,"divPayDate":null,"isLock":null,"updated":null},{"symbol":"QQXT","date":1395676800000,"type":1,"subtype":5,"value":0.2664,"recordDate":null,"divPayDate":null,"isLock":null,"updated":null},{"symbol":"QQXT","date":1387296000000,"type":1,"subtype":5,"value":0.0475,"recordDate":null,"divPayDate":null,"isLock":null,"updated":null},{"symbol":"QQXT","date":1379606400000,"type":1,"subtype":5,"value":0.0099,"recordDate":null,"divPayDate":null,"isLock":null,"updated":null},{"symbol":"QQXT","date":1371744000000,"type":1,"subtype":5,"value":0.0372,"recordDate":null,"divPayDate":null,"isLock":null,"updated":null},{"symbol":"QQXT","date":1356019200000,"type":1,"subtype":5,"value":0.1627,"recordDate":null,"divPayDate":null,"isLock":null,"updated":null},{"symbol":"QQXT","date":1348156800000,"type":1,"subtype":5,"value":0.1216,"recordDate":null,"divPayDate":null,"isLock":null,"updated":null},{"symbol":"QQXT","date":1340208000000,"type":1,"subtype":5,"value":0.0459,"recordDate":null,"divPayDate":null,"isLock":null,"updated":null}]}