{"list":[{"symbol":"QTEC","date":1560441600000,"type":1,"subtype":5,"value":0.1437,"recordDate":null,"divPayDate":null,"isLock":null,"updated":null},{"symbol":"QTEC","date":1553097600000,"type":1,"subtype":5,"value":0.1179,"recordDate":null,"divPayDate":null,"isLock":null,"updated":null},{"symbol":"QTEC","date":1545062400000,"type":1,"subtype":5,"value":0.1998,"recordDate":null,"divPayDate":null,"isLock":null,"updated":null},{"symbol":"QTEC","date":1536854400000,"type":1,"subtype":5,"value":0.1482,"recordDate":null,"divPayDate":null,"isLock":null,"updated":null},{"symbol":"QTEC","date":1529510400000,"type":1,"subtype":5,"value":0.1738,"recordDate":null,"divPayDate":null,"isLock":null,"updated":null},{"symbol":"QTEC","date":1521648000000,"type":1,"subtype":5,"value":0.0962,"recordDate":null,"divPayDate":null,"isLock":null,"updated":null},{"symbol":"QTEC","date":1513785600000,"type":1,"subtype":5,"value":0.2006,"recordDate":1513872000000,"divPayDate":null,"isLock":null,"updated":null},{"symbol":"QTEC","date":1505923200000,"type":1,"subtype":5,"value":0.1532,"recordDate":1498406400000,"divPayDate":null,"isLock":null,"updated":null},{"symbol":"QTEC","date":1498060800000,"type":1,"subtype":5,"value":0.1267,"recordDate":1498406400000,"divPayDate":null,"isLock":null,"updated":null},{"symbol":"QTEC","date":1490198400000,"type":1,"subtype":5,"value":0.0938,"recordDate":1482422400000,"divPayDate":null,"isLock":null,"updated":null},{"symbol":"QTEC","date":1482249600000,"type":1,"subtype":5,"value":0.1044,"recordDate":1474560000000,"divPayDate":null,"isLock":null,"updated":null},{"symbol":"QTEC","date":1474387200000,"type":1,"subtype":5,"value":0.0798,"recordDate":1466697600000,"divPayDate":null,"isLock":null,"updated":null},{"symbol":"QTEC","date":1466524800000,"type":1,"subtype":5,"value":0.1263,"recordDate":1459094400000,"divPayDate":null,"isLock":null,"updated":null},{"symbol":"QTEC","date":1458662400000,"type":1,"subtype":5,"value":0.3695,"recordDate":1451232000000,"divPayDate":null,"isLock":null,"updated":null},{"symbol":"QTEC","date":1450800000000,"type":1,"subtype":5,"value":0.1196,"recordDate":1451232000000,"divPayDate":null,"isLock":null,"updated":null},{"symbol":"QTEC","date":1442937600000,"type":1,"subtype":5,"value":0.107,"recordDate":1435248000000,"divPayDate":null,"isLock":null,"updated":null},{"symbol":"QTEC","date":1435075200000,"type":1,"subtype":5,"value":0.0966,"recordDate":1427385600000,"divPayDate":null,"isLock":null,"updated":null},{"symbol":"QTEC","date":1427212800000,"type":1,"subtype":5,"value":0.0975,"recordDate":1427385600000,"divPayDate":null,"isLock":null,"updated":null},{"symbol":"QTEC","date":1419264000000,"type":1,"subtype":5,"value":0.3185,"recordDate":1419523200000,"divPayDate":null,"isLock":null,"updated":null},{"symbol":"QTEC","date":1411401600000,"type":1,"subtype":5,"value":0.0588,"recordDate":1411574400000,"divPayDate":null,"isLock":null,"updated":null},{"symbol":"QTEC","date":1403539200000,"type":1,"subtype":5,"value":0.0832,"recordDate":1403712000000,"divPayDate":null,"isLock":null,"updated":null},{"symbol":"QTEC","date":1395676800000,"type":1,"subtype":5,"value":0.0715,"recordDate":null,"divPayDate":null,"isLock":null,"updated":null},{"symbol":"QTEC","date":1387296000000,"type":1,"subtype":5,"value":0.0836,"recordDate":null,"divPayDate":null,"isLock":null,"updated":null},{"symbol":"QTEC","date":1379606400000,"type":1,"subtype":5,"value":0.0722,"recordDate":null,"divPayDate":null,"isLock":null,"updated":null},{"symbol":"QTEC","date":1371744000000,"type":1,"subtype":5,"value":0.0619,"recordDate":null,"divPayDate":null,"isLock":null,"updated":null},{"symbol":"QTEC","date":1363795200000,"type":1,"subtype":5,"value":0.0383,"recordDate":null,"divPayDate":null,"isLock":null,"updated":null},{"symbol":"QTEC","date":1356019200000,"type":1,"subtype":5,"value":0.0839,"recordDate":null,"divPayDate":null,"isLock":null,"updated":null},{"symbol":"QTEC","date":1348156800000,"type":1,"subtype":5,"value":0.1308,"recordDate":null,"divPayDate":null,"isLock":null,"updated":null},{"symbol":"QTEC","date":1308585600000,"type":1,"subtype":5,"value":0.0788,"recordDate":null,"divPayDate":null,"isLock":null,"updated":null}]}