{"list":[{"symbol":"RBB","date":1556640000000,"type":1,"subtype":5,"value":0.1,"recordDate":1556726400000,"divPayDate":null,"isLock":null,"updated":null},{"symbol":"RBB","date":1548950400000,"type":1,"subtype":5,"value":0.1,"recordDate":1549209600000,"divPayDate":null,"isLock":null,"updated":null},{"symbol":"RBB","date":1537977600000,"type":1,"subtype":5,"value":0.09,"recordDate":1538064000000,"divPayDate":null,"isLock":null,"updated":null},{"symbol":"RBB","date":1532880000000,"type":1,"subtype":5,"value":0.09,"recordDate":1532966400000,"divPayDate":null,"isLock":null,"updated":null},{"symbol":"RBB","date":1524758400000,"type":1,"subtype":5,"value":0.09,"recordDate":1525017600000,"divPayDate":null,"isLock":null,"updated":null},{"symbol":"RBB","date":1517241600000,"type":1,"subtype":5,"value":0.08,"recordDate":1517328000000,"divPayDate":null,"isLock":null,"updated":null},{"symbol":"RBB","date":1509292800000,"type":1,"subtype":5,"value":0.08,"recordDate":1509379200000,"divPayDate":null,"isLock":null,"updated":null}]}