{"list":[{"symbol":"RFDI","date":1560441600000,"type":1,"subtype":5,"value":0.9275,"recordDate":null,"divPayDate":null,"isLock":null,"updated":null},{"symbol":"RFDI","date":1553097600000,"type":1,"subtype":5,"value":0.1306,"recordDate":null,"divPayDate":null,"isLock":null,"updated":null},{"symbol":"RFDI","date":1545062400000,"type":1,"subtype":5,"value":0.239,"recordDate":null,"divPayDate":null,"isLock":null,"updated":null},{"symbol":"RFDI","date":1536854400000,"type":1,"subtype":5,"value":0.1535,"recordDate":null,"divPayDate":null,"isLock":null,"updated":null},{"symbol":"RFDI","date":1529510400000,"type":1,"subtype":5,"value":0.8442,"recordDate":null,"divPayDate":null,"isLock":null,"updated":null},{"symbol":"RFDI","date":1521648000000,"type":1,"subtype":5,"value":0.0921,"recordDate":null,"divPayDate":null,"isLock":null,"updated":null},{"symbol":"RFDI","date":1513785600000,"type":1,"subtype":5,"value":0.3699,"recordDate":1513872000000,"divPayDate":null,"isLock":null,"updated":null},{"symbol":"RFDI","date":1505923200000,"type":1,"subtype":5,"value":0.1034,"recordDate":1498406400000,"divPayDate":null,"isLock":null,"updated":null},{"symbol":"RFDI","date":1498060800000,"type":1,"subtype":5,"value":0.5233,"recordDate":1498406400000,"divPayDate":null,"isLock":null,"updated":null},{"symbol":"RFDI","date":1490198400000,"type":1,"subtype":5,"value":0.0483,"recordDate":1482422400000,"divPayDate":null,"isLock":null,"updated":null},{"symbol":"RFDI","date":1482249600000,"type":1,"subtype":5,"value":0.2716,"recordDate":1482422400000,"divPayDate":null,"isLock":null,"updated":null},{"symbol":"RFDI","date":1474387200000,"type":1,"subtype":5,"value":0.1566,"recordDate":1466697600000,"divPayDate":null,"isLock":null,"updated":null},{"symbol":"RFDI","date":1466524800000,"type":1,"subtype":5,"value":0.5454,"recordDate":1466697600000,"divPayDate":null,"isLock":null,"updated":null}]}