{"list":[{"symbol":"RICK","date":1559836800000,"type":1,"subtype":5,"value":0.03,"recordDate":1560096000000,"divPayDate":null,"isLock":null,"updated":null},{"symbol":"RICK","date":1551974400000,"type":1,"subtype":5,"value":0.03,"recordDate":1552233600000,"divPayDate":null,"isLock":null,"updated":null},{"symbol":"RICK","date":1544112000000,"type":1,"subtype":5,"value":0.03,"recordDate":1544371200000,"divPayDate":null,"isLock":null,"updated":null},{"symbol":"RICK","date":1536249600000,"type":1,"subtype":5,"value":0.03,"recordDate":1536508800000,"divPayDate":null,"isLock":null,"updated":null},{"symbol":"RICK","date":1528387200000,"type":1,"subtype":5,"value":0.03,"recordDate":1528646400000,"divPayDate":null,"isLock":null,"updated":null},{"symbol":"RICK","date":1520524800000,"type":1,"subtype":5,"value":0.03,"recordDate":1520784000000,"divPayDate":null,"isLock":null,"updated":null},{"symbol":"RICK","date":1512662400000,"type":1,"subtype":5,"value":0.03,"recordDate":1512921600000,"divPayDate":null,"isLock":null,"updated":null},{"symbol":"RICK","date":1504800000000,"type":1,"subtype":5,"value":0.03,"recordDate":1505059200000,"divPayDate":null,"isLock":null,"updated":null},{"symbol":"RICK","date":1496851200000,"type":1,"subtype":5,"value":0.03,"recordDate":1497196800000,"divPayDate":null,"isLock":null,"updated":null},{"symbol":"RICK","date":1488902400000,"type":1,"subtype":5,"value":0.03,"recordDate":1489075200000,"divPayDate":null,"isLock":null,"updated":null},{"symbol":"RICK","date":1481126400000,"type":1,"subtype":5,"value":0.03,"recordDate":1481472000000,"divPayDate":null,"isLock":null,"updated":null},{"symbol":"RICK","date":1473177600000,"type":1,"subtype":5,"value":0.03,"recordDate":1473350400000,"divPayDate":null,"isLock":null,"updated":null},{"symbol":"RICK","date":1465315200000,"type":1,"subtype":5,"value":0.03,"recordDate":1465488000000,"divPayDate":null,"isLock":null,"updated":null},{"symbol":"RICK","date":1457366400000,"type":1,"subtype":5,"value":0.03,"recordDate":1457539200000,"divPayDate":null,"isLock":null,"updated":null},{"symbol":"RICK","date":921513600000,"type":2,"subtype":7,"value":0.5,"recordDate":1435075200000,"divPayDate":null,"isLock":null,"updated":null}]}