{"list":[{"symbol":"RNST","date":1560355200000,"type":1,"subtype":5,"value":0.22,"recordDate":1560441600000,"divPayDate":null,"isLock":null,"updated":null},{"symbol":"RNST","date":1553011200000,"type":1,"subtype":5,"value":0.21,"recordDate":1553097600000,"divPayDate":null,"isLock":null,"updated":null},{"symbol":"RNST","date":1544976000000,"type":1,"subtype":5,"value":0.21,"recordDate":1545062400000,"divPayDate":null,"isLock":null,"updated":null},{"symbol":"RNST","date":1536768000000,"type":1,"subtype":5,"value":0.2,"recordDate":1536854400000,"divPayDate":null,"isLock":null,"updated":null},{"symbol":"RNST","date":1528905600000,"type":1,"subtype":5,"value":0.2,"recordDate":1529078400000,"divPayDate":null,"isLock":null,"updated":null},{"symbol":"RNST","date":1521043200000,"type":1,"subtype":5,"value":0.19,"recordDate":1521129600000,"divPayDate":null,"isLock":null,"updated":null},{"symbol":"RNST","date":1513180800000,"type":1,"subtype":5,"value":0.19,"recordDate":1513267200000,"divPayDate":null,"isLock":null,"updated":null},{"symbol":"RNST","date":1505318400000,"type":1,"subtype":5,"value":0.18,"recordDate":1505404800000,"divPayDate":null,"isLock":null,"updated":null},{"symbol":"RNST","date":1497369600000,"type":1,"subtype":5,"value":0.18,"recordDate":1497542400000,"divPayDate":null,"isLock":null,"updated":null},{"symbol":"RNST","date":1489507200000,"type":1,"subtype":5,"value":0.18,"recordDate":1489680000000,"divPayDate":null,"isLock":null,"updated":null},{"symbol":"RNST","date":1481472000000,"type":1,"subtype":5,"value":0.18,"recordDate":1481644800000,"divPayDate":null,"isLock":null,"updated":null},{"symbol":"RNST","date":1473609600000,"type":1,"subtype":5,"value":0.18,"recordDate":1473782400000,"divPayDate":null,"isLock":null,"updated":null},{"symbol":"RNST","date":1465747200000,"type":1,"subtype":5,"value":0.18,"recordDate":1465920000000,"divPayDate":null,"isLock":null,"updated":null},{"symbol":"RNST","date":1457884800000,"type":1,"subtype":5,"value":0.17,"recordDate":1458057600000,"divPayDate":null,"isLock":null,"updated":null},{"symbol":"RNST","date":1450108800000,"type":1,"subtype":5,"value":0.17,"recordDate":1450281600000,"divPayDate":null,"isLock":null,"updated":null},{"symbol":"RNST","date":1442246400000,"type":1,"subtype":5,"value":0.17,"recordDate":1442419200000,"divPayDate":null,"isLock":null,"updated":null},{"symbol":"RNST","date":1434297600000,"type":1,"subtype":5,"value":0.17,"recordDate":1434470400000,"divPayDate":null,"isLock":null,"updated":null},{"symbol":"RNST","date":1426435200000,"type":1,"subtype":5,"value":0.17,"recordDate":1426608000000,"divPayDate":null,"isLock":null,"updated":null},{"symbol":"RNST","date":1418572800000,"type":1,"subtype":5,"value":0.17,"recordDate":1418745600000,"divPayDate":null,"isLock":null,"updated":null},{"symbol":"RNST","date":1410710400000,"type":1,"subtype":5,"value":0.17,"recordDate":1410883200000,"divPayDate":null,"isLock":null,"updated":null},{"symbol":"RNST","date":1402588800000,"type":1,"subtype":5,"value":0.17,"recordDate":null,"divPayDate":null,"isLock":null,"updated":null},{"symbol":"RNST","date":1394726400000,"type":1,"subtype":5,"value":0.17,"recordDate":null,"divPayDate":null,"isLock":null,"updated":null},{"symbol":"RNST","date":1386864000000,"type":1,"subtype":5,"value":0.17,"recordDate":null,"divPayDate":null,"isLock":null,"updated":null},{"symbol":"RNST","date":1379001600000,"type":1,"subtype":5,"value":0.17,"recordDate":null,"divPayDate":null,"isLock":null,"updated":null},{"symbol":"RNST","date":1370966400000,"type":1,"subtype":5,"value":0.17,"recordDate":null,"divPayDate":null,"isLock":null,"updated":null},{"symbol":"RNST","date":1363190400000,"type":1,"subtype":5,"value":0.17,"recordDate":null,"divPayDate":null,"isLock":null,"updated":null},{"symbol":"RNST","date":1355241600000,"type":1,"subtype":5,"value":0.17,"recordDate":null,"divPayDate":null,"isLock":null,"updated":null},{"symbol":"RNST","date":1347379200000,"type":1,"subtype":5,"value":0.17,"recordDate":null,"divPayDate":null,"isLock":null,"updated":null},{"symbol":"RNST","date":1156780800000,"type":2,"subtype":8,"value":1.5,"recordDate":1434470400000,"divPayDate":null,"isLock":null,"updated":null},{"symbol":"RNST","date":1070294400000,"type":2,"subtype":8,"value":1.5,"recordDate":null,"divPayDate":null,"isLock":null,"updated":null},{"symbol":"RNST","date":885312000000,"type":2,"subtype":8,"value":1.5,"recordDate":null,"divPayDate":null,"isLock":null,"updated":null}]}