{"list":[{"symbol":"ROIC","date":1560268800000,"type":1,"subtype":5,"value":0.197,"recordDate":1560355200000,"divPayDate":null,"isLock":null,"updated":null},{"symbol":"ROIC","date":1552406400000,"type":1,"subtype":5,"value":0.197,"recordDate":1552492800000,"divPayDate":null,"isLock":null,"updated":null},{"symbol":"ROIC","date":1544630400000,"type":1,"subtype":5,"value":0.195,"recordDate":1544716800000,"divPayDate":null,"isLock":null,"updated":null},{"symbol":"ROIC","date":1536681600000,"type":1,"subtype":5,"value":0.195,"recordDate":1536768000000,"divPayDate":null,"isLock":null,"updated":null},{"symbol":"ROIC","date":1528819200000,"type":1,"subtype":5,"value":0.195,"recordDate":1528905600000,"divPayDate":null,"isLock":null,"updated":null},{"symbol":"ROIC","date":1520956800000,"type":1,"subtype":5,"value":0.195,"recordDate":1521043200000,"divPayDate":null,"isLock":null,"updated":null},{"symbol":"ROIC","date":1513094400000,"type":1,"subtype":5,"value":0.1875,"recordDate":1513180800000,"divPayDate":null,"isLock":null,"updated":null},{"symbol":"ROIC","date":1505232000000,"type":1,"subtype":5,"value":0.1875,"recordDate":1505318400000,"divPayDate":null,"isLock":null,"updated":null},{"symbol":"ROIC","date":1497283200000,"type":1,"subtype":5,"value":0.1875,"recordDate":1497456000000,"divPayDate":null,"isLock":null,"updated":null},{"symbol":"ROIC","date":1489420800000,"type":1,"subtype":5,"value":0.1875,"recordDate":1489593600000,"divPayDate":null,"isLock":null,"updated":null},{"symbol":"ROIC","date":1481558400000,"type":1,"subtype":5,"value":0.18,"recordDate":1481731200000,"divPayDate":null,"isLock":null,"updated":null},{"symbol":"ROIC","date":1473696000000,"type":1,"subtype":5,"value":0.18,"recordDate":1473868800000,"divPayDate":null,"isLock":null,"updated":null},{"symbol":"ROIC","date":1465747200000,"type":1,"subtype":5,"value":0.18,"recordDate":1465920000000,"divPayDate":null,"isLock":null,"updated":null},{"symbol":"ROIC","date":1457884800000,"type":1,"subtype":5,"value":0.18,"recordDate":1458057600000,"divPayDate":null,"isLock":null,"updated":null},{"symbol":"ROIC","date":1449763200000,"type":1,"subtype":5,"value":0.17,"recordDate":1450108800000,"divPayDate":null,"isLock":null,"updated":null},{"symbol":"ROIC","date":1441900800000,"type":1,"subtype":5,"value":0.17,"recordDate":1442246400000,"divPayDate":null,"isLock":null,"updated":null},{"symbol":"ROIC","date":1434038400000,"type":1,"subtype":5,"value":0.17,"recordDate":1434384000000,"divPayDate":null,"isLock":null,"updated":null},{"symbol":"ROIC","date":1426089600000,"type":1,"subtype":5,"value":0.17,"recordDate":1426435200000,"divPayDate":null,"isLock":null,"updated":null},{"symbol":"ROIC","date":1418227200000,"type":1,"subtype":5,"value":0.16,"recordDate":1418572800000,"divPayDate":null,"isLock":null,"updated":null},{"symbol":"ROIC","date":1410364800000,"type":1,"subtype":5,"value":0.16,"recordDate":1410710400000,"divPayDate":null,"isLock":null,"updated":null},{"symbol":"ROIC","date":1402416000000,"type":1,"subtype":5,"value":0.16,"recordDate":null,"divPayDate":null,"isLock":null,"updated":null},{"symbol":"ROIC","date":1394553600000,"type":1,"subtype":5,"value":0.16,"recordDate":null,"divPayDate":null,"isLock":null,"updated":null},{"symbol":"ROIC","date":1386777600000,"type":1,"subtype":5,"value":0.15,"recordDate":null,"divPayDate":null,"isLock":null,"updated":null},{"symbol":"ROIC","date":1378915200000,"type":1,"subtype":5,"value":0.15,"recordDate":null,"divPayDate":null,"isLock":null,"updated":null},{"symbol":"ROIC","date":1370966400000,"type":1,"subtype":5,"value":0.15,"recordDate":null,"divPayDate":null,"isLock":null,"updated":null},{"symbol":"ROIC","date":1363104000000,"type":1,"subtype":5,"value":0.15,"recordDate":null,"divPayDate":null,"isLock":null,"updated":null},{"symbol":"ROIC","date":1352390400000,"type":1,"subtype":5,"value":0.14,"recordDate":null,"divPayDate":null,"isLock":null,"updated":null},{"symbol":"ROIC","date":1344528000000,"type":1,"subtype":5,"value":0.14,"recordDate":null,"divPayDate":null,"isLock":null,"updated":null}]}