{"list":[{"symbol":"RWT","date":1560355200000,"type":1,"subtype":5,"value":0.3,"recordDate":1560441600000,"divPayDate":null,"isLock":null,"updated":null},{"symbol":"RWT","date":1552492800000,"type":1,"subtype":5,"value":0.3,"recordDate":1552579200000,"divPayDate":null,"isLock":null,"updated":null},{"symbol":"RWT","date":1544630400000,"type":1,"subtype":5,"value":0.3,"recordDate":1544716800000,"divPayDate":null,"isLock":null,"updated":null},{"symbol":"RWT","date":1536768000000,"type":1,"subtype":5,"value":0.3,"recordDate":1536854400000,"divPayDate":null,"isLock":null,"updated":null},{"symbol":"RWT","date":1528905600000,"type":1,"subtype":5,"value":0.3,"recordDate":1528992000000,"divPayDate":null,"isLock":null,"updated":null},{"symbol":"RWT","date":1520956800000,"type":1,"subtype":5,"value":0.28,"recordDate":1521043200000,"divPayDate":null,"isLock":null,"updated":null},{"symbol":"RWT","date":1513180800000,"type":1,"subtype":5,"value":0.28,"recordDate":1513267200000,"divPayDate":null,"isLock":null,"updated":null},{"symbol":"RWT","date":1505318400000,"type":1,"subtype":5,"value":0.28,"recordDate":1505404800000,"divPayDate":null,"isLock":null,"updated":null},{"symbol":"RWT","date":1497369600000,"type":1,"subtype":5,"value":0.28,"recordDate":1497542400000,"divPayDate":null,"isLock":null,"updated":null},{"symbol":"RWT","date":1489420800000,"type":1,"subtype":5,"value":0.28,"recordDate":1489593600000,"divPayDate":null,"isLock":null,"updated":null},{"symbol":"RWT","date":1481558400000,"type":1,"subtype":5,"value":0.28,"recordDate":1481731200000,"divPayDate":null,"isLock":null,"updated":null},{"symbol":"RWT","date":1473696000000,"type":1,"subtype":5,"value":0.28,"recordDate":1473868800000,"divPayDate":null,"isLock":null,"updated":null},{"symbol":"RWT","date":1465833600000,"type":1,"subtype":5,"value":0.28,"recordDate":1466006400000,"divPayDate":null,"isLock":null,"updated":null},{"symbol":"RWT","date":1457884800000,"type":1,"subtype":5,"value":0.28,"recordDate":1458057600000,"divPayDate":null,"isLock":null,"updated":null},{"symbol":"RWT","date":1450108800000,"type":1,"subtype":5,"value":0.28,"recordDate":1450281600000,"divPayDate":null,"isLock":null,"updated":null},{"symbol":"RWT","date":1441900800000,"type":1,"subtype":5,"value":0.28,"recordDate":1442246400000,"divPayDate":null,"isLock":null,"updated":null},{"symbol":"RWT","date":1434038400000,"type":1,"subtype":5,"value":0.28,"recordDate":1434384000000,"divPayDate":null,"isLock":null,"updated":null},{"symbol":"RWT","date":1426176000000,"type":1,"subtype":5,"value":0.28,"recordDate":1426521600000,"divPayDate":null,"isLock":null,"updated":null},{"symbol":"RWT","date":1418227200000,"type":1,"subtype":5,"value":0.28,"recordDate":1418572800000,"divPayDate":null,"isLock":null,"updated":null},{"symbol":"RWT","date":1410364800000,"type":1,"subtype":5,"value":0.28,"recordDate":1410710400000,"divPayDate":null,"isLock":null,"updated":null},{"symbol":"RWT","date":1402416000000,"type":1,"subtype":5,"value":0.28,"recordDate":null,"divPayDate":null,"isLock":null,"updated":null},{"symbol":"RWT","date":1394553600000,"type":1,"subtype":5,"value":0.28,"recordDate":null,"divPayDate":null,"isLock":null,"updated":null},{"symbol":"RWT","date":1386691200000,"type":1,"subtype":5,"value":0.28,"recordDate":null,"divPayDate":null,"isLock":null,"updated":null},{"symbol":"RWT","date":1378828800000,"type":1,"subtype":5,"value":0.28,"recordDate":null,"divPayDate":null,"isLock":null,"updated":null},{"symbol":"RWT","date":1370966400000,"type":1,"subtype":5,"value":0.28,"recordDate":null,"divPayDate":null,"isLock":null,"updated":null},{"symbol":"RWT","date":1363104000000,"type":1,"subtype":5,"value":0.28,"recordDate":null,"divPayDate":null,"isLock":null,"updated":null},{"symbol":"RWT","date":1355241600000,"type":1,"subtype":5,"value":0.25,"recordDate":null,"divPayDate":null,"isLock":null,"updated":null},{"symbol":"RWT","date":1347379200000,"type":1,"subtype":5,"value":0.25,"recordDate":null,"divPayDate":null,"isLock":null,"updated":null}]}