{"list":[{"symbol":"SAIC","date":1562774400000,"type":1,"subtype":5,"value":0.37,"recordDate":null,"divPayDate":null,"isLock":null,"updated":null},{"symbol":"SAIC","date":1554912000000,"type":1,"subtype":5,"value":0.37,"recordDate":1554998400000,"divPayDate":null,"isLock":null,"updated":null},{"symbol":"SAIC","date":1547049600000,"type":1,"subtype":5,"value":0.31,"recordDate":1547136000000,"divPayDate":null,"isLock":null,"updated":null},{"symbol":"SAIC","date":1539273600000,"type":1,"subtype":5,"value":0.31,"recordDate":1539532800000,"divPayDate":null,"isLock":null,"updated":null},{"symbol":"SAIC","date":1531324800000,"type":1,"subtype":5,"value":0.31,"recordDate":null,"divPayDate":null,"isLock":null,"updated":null},{"symbol":"SAIC","date":1523462400000,"type":1,"subtype":5,"value":0.31,"recordDate":1523548800000,"divPayDate":null,"isLock":null,"updated":null},{"symbol":"SAIC","date":1515600000000,"type":1,"subtype":5,"value":0.31,"recordDate":1515686400000,"divPayDate":null,"isLock":null,"updated":null},{"symbol":"SAIC","date":1507737600000,"type":1,"subtype":5,"value":0.31,"recordDate":null,"divPayDate":null,"isLock":null,"updated":null},{"symbol":"SAIC","date":1499788800000,"type":1,"subtype":5,"value":0.31,"recordDate":1499961600000,"divPayDate":null,"isLock":null,"updated":null},{"symbol":"SAIC","date":1491840000000,"type":1,"subtype":5,"value":0.31,"recordDate":1492099200000,"divPayDate":null,"isLock":null,"updated":null},{"symbol":"SAIC","date":1484064000000,"type":1,"subtype":5,"value":0.31,"recordDate":1484236800000,"divPayDate":null,"isLock":null,"updated":null},{"symbol":"SAIC","date":1476201600000,"type":1,"subtype":5,"value":0.31,"recordDate":1476374400000,"divPayDate":null,"isLock":null,"updated":null},{"symbol":"SAIC","date":1468339200000,"type":1,"subtype":5,"value":0.31,"recordDate":1468512000000,"divPayDate":null,"isLock":null,"updated":null},{"symbol":"SAIC","date":1460476800000,"type":1,"subtype":5,"value":0.31,"recordDate":1460649600000,"divPayDate":null,"isLock":null,"updated":null},{"symbol":"SAIC","date":1452614400000,"type":1,"subtype":5,"value":0.31,"recordDate":1452787200000,"divPayDate":null,"isLock":null,"updated":null},{"symbol":"SAIC","date":1444665600000,"type":1,"subtype":5,"value":0.31,"recordDate":1444838400000,"divPayDate":null,"isLock":null,"updated":null},{"symbol":"SAIC","date":1436716800000,"type":1,"subtype":5,"value":0.31,"recordDate":1436889600000,"divPayDate":null,"isLock":null,"updated":null},{"symbol":"SAIC","date":1428854400000,"type":1,"subtype":5,"value":0.28,"recordDate":1429027200000,"divPayDate":null,"isLock":null,"updated":null},{"symbol":"SAIC","date":1421078400000,"type":1,"subtype":5,"value":0.28,"recordDate":1421251200000,"divPayDate":null,"isLock":null,"updated":null},{"symbol":"SAIC","date":1412870400000,"type":1,"subtype":5,"value":0.28,"recordDate":1413302400000,"divPayDate":null,"isLock":null,"updated":null},{"symbol":"SAIC","date":1405008000000,"type":1,"subtype":5,"value":0.28,"recordDate":null,"divPayDate":null,"isLock":null,"updated":null},{"symbol":"SAIC","date":1397145600000,"type":1,"subtype":5,"value":0.28,"recordDate":null,"divPayDate":null,"isLock":null,"updated":null},{"symbol":"SAIC","date":1389542400000,"type":1,"subtype":5,"value":0.28,"recordDate":null,"divPayDate":null,"isLock":null,"updated":null},{"symbol":"SAIC","date":1381334400000,"type":1,"subtype":5,"value":0.28,"recordDate":null,"divPayDate":null,"isLock":null,"updated":null}]}