{"list":[{"symbol":"SAL","date":1557936000000,"type":1,"subtype":5,"value":0.28,"recordDate":1558022400000,"divPayDate":null,"isLock":null,"updated":null},{"symbol":"SAL","date":1549987200000,"type":1,"subtype":5,"value":0.28,"recordDate":1550073600000,"divPayDate":null,"isLock":null,"updated":null},{"symbol":"SAL","date":1542211200000,"type":1,"subtype":5,"value":0.28,"recordDate":1542297600000,"divPayDate":null,"isLock":null,"updated":null},{"symbol":"SAL","date":1534348800000,"type":1,"subtype":5,"value":0.28,"recordDate":1534435200000,"divPayDate":null,"isLock":null,"updated":null},{"symbol":"SAL","date":1525881600000,"type":1,"subtype":5,"value":0.28,"recordDate":1525968000000,"divPayDate":null,"isLock":null,"updated":null},{"symbol":"SAL","date":1518019200000,"type":1,"subtype":5,"value":0.28,"recordDate":1518105600000,"divPayDate":null,"isLock":null,"updated":null},{"symbol":"SAL","date":1510156800000,"type":1,"subtype":5,"value":0.28,"recordDate":1510243200000,"divPayDate":null,"isLock":null,"updated":null},{"symbol":"SAL","date":1502208000000,"type":1,"subtype":5,"value":0.28,"recordDate":1502380800000,"divPayDate":null,"isLock":null,"updated":null},{"symbol":"SAL","date":1494345600000,"type":1,"subtype":5,"value":0.28,"recordDate":1494518400000,"divPayDate":null,"isLock":null,"updated":null},{"symbol":"SAL","date":1486483200000,"type":1,"subtype":5,"value":0.28,"recordDate":1486656000000,"divPayDate":null,"isLock":null,"updated":null},{"symbol":"SAL","date":1478534400000,"type":1,"subtype":5,"value":0.28,"recordDate":1478793600000,"divPayDate":null,"isLock":null,"updated":null},{"symbol":"SAL","date":1470758400000,"type":1,"subtype":5,"value":0.28,"recordDate":1470931200000,"divPayDate":null,"isLock":null,"updated":null},{"symbol":"SAL","date":1462896000000,"type":1,"subtype":5,"value":0.28,"recordDate":1463068800000,"divPayDate":null,"isLock":null,"updated":null},{"symbol":"SAL","date":1455033600000,"type":1,"subtype":5,"value":0.28,"recordDate":1455206400000,"divPayDate":null,"isLock":null,"updated":null},{"symbol":"SAL","date":1447084800000,"type":1,"subtype":5,"value":0.28,"recordDate":1447344000000,"divPayDate":null,"isLock":null,"updated":null},{"symbol":"SAL","date":1439308800000,"type":1,"subtype":5,"value":0.28,"recordDate":1439481600000,"divPayDate":null,"isLock":null,"updated":null},{"symbol":"SAL","date":1431446400000,"type":1,"subtype":5,"value":0.28,"recordDate":1431619200000,"divPayDate":null,"isLock":null,"updated":null},{"symbol":"SAL","date":1423584000000,"type":1,"subtype":5,"value":0.28,"recordDate":1423756800000,"divPayDate":null,"isLock":null,"updated":null},{"symbol":"SAL","date":1415721600000,"type":1,"subtype":5,"value":0.28,"recordDate":1415894400000,"divPayDate":null,"isLock":null,"updated":null},{"symbol":"SAL","date":1407254400000,"type":1,"subtype":5,"value":0.28,"recordDate":1407427200000,"divPayDate":null,"isLock":null,"updated":null},{"symbol":"SAL","date":1399392000000,"type":1,"subtype":5,"value":0.28,"recordDate":null,"divPayDate":null,"isLock":null,"updated":null},{"symbol":"SAL","date":1392134400000,"type":1,"subtype":5,"value":0.28,"recordDate":null,"divPayDate":null,"isLock":null,"updated":null},{"symbol":"SAL","date":1383667200000,"type":1,"subtype":5,"value":0.28,"recordDate":null,"divPayDate":null,"isLock":null,"updated":null},{"symbol":"SAL","date":1375804800000,"type":1,"subtype":5,"value":0.28,"recordDate":null,"divPayDate":null,"isLock":null,"updated":null},{"symbol":"SAL","date":1367942400000,"type":1,"subtype":5,"value":0.28,"recordDate":null,"divPayDate":null,"isLock":null,"updated":null},{"symbol":"SAL","date":1360080000000,"type":1,"subtype":5,"value":0.28,"recordDate":null,"divPayDate":null,"isLock":null,"updated":null},{"symbol":"SAL","date":1352217600000,"type":1,"subtype":5,"value":0.28,"recordDate":null,"divPayDate":null,"isLock":null,"updated":null},{"symbol":"SAL","date":1344182400000,"type":1,"subtype":5,"value":0.28,"recordDate":null,"divPayDate":null,"isLock":null,"updated":null}]}