{"list":[{"symbol":"SBGI","date":1559145600000,"type":1,"subtype":5,"value":0.2,"recordDate":1559232000000,"divPayDate":null,"isLock":null,"updated":null},{"symbol":"SBGI","date":1551974400000,"type":1,"subtype":5,"value":0.2,"recordDate":1552233600000,"divPayDate":null,"isLock":null,"updated":null},{"symbol":"SBGI","date":1543420800000,"type":1,"subtype":5,"value":0.2,"recordDate":1543507200000,"divPayDate":null,"isLock":null,"updated":null},{"symbol":"SBGI","date":1535558400000,"type":1,"subtype":5,"value":0.18,"recordDate":1535644800000,"divPayDate":null,"isLock":null,"updated":null},{"symbol":"SBGI","date":1527696000000,"type":1,"subtype":5,"value":0.18,"recordDate":1527782400000,"divPayDate":null,"isLock":null,"updated":null},{"symbol":"SBGI","date":1520438400000,"type":1,"subtype":5,"value":0.18,"recordDate":1520524800000,"divPayDate":null,"isLock":null,"updated":null},{"symbol":"SBGI","date":1511971200000,"type":1,"subtype":5,"value":0.18,"recordDate":1512057600000,"divPayDate":null,"isLock":null,"updated":null},{"symbol":"SBGI","date":1504022400000,"type":1,"subtype":5,"value":0.18,"recordDate":1504195200000,"divPayDate":null,"isLock":null,"updated":null},{"symbol":"SBGI","date":1496073600000,"type":1,"subtype":5,"value":0.18,"recordDate":1496246400000,"divPayDate":null,"isLock":null,"updated":null},{"symbol":"SBGI","date":1488124800000,"type":1,"subtype":5,"value":0.18,"recordDate":1488297600000,"divPayDate":null,"isLock":null,"updated":null},{"symbol":"SBGI","date":1480348800000,"type":1,"subtype":5,"value":0.18,"recordDate":1480521600000,"divPayDate":null,"isLock":null,"updated":null},{"symbol":"SBGI","date":1472486400000,"type":1,"subtype":5,"value":0.18,"recordDate":1472659200000,"divPayDate":null,"isLock":null,"updated":null},{"symbol":"SBGI","date":1464278400000,"type":1,"subtype":5,"value":0.18,"recordDate":1464710400000,"divPayDate":null,"isLock":null,"updated":null},{"symbol":"SBGI","date":1456934400000,"type":1,"subtype":5,"value":0.165,"recordDate":1457280000000,"divPayDate":null,"isLock":null,"updated":null},{"symbol":"SBGI","date":1448553600000,"type":1,"subtype":5,"value":0.165,"recordDate":1448899200000,"divPayDate":null,"isLock":null,"updated":null},{"symbol":"SBGI","date":1440691200000,"type":1,"subtype":5,"value":0.165,"recordDate":1441036800000,"divPayDate":null,"isLock":null,"updated":null},{"symbol":"SBGI","date":1432742400000,"type":1,"subtype":5,"value":0.165,"recordDate":1433088000000,"divPayDate":null,"isLock":null,"updated":null},{"symbol":"SBGI","date":1424793600000,"type":1,"subtype":5,"value":0.165,"recordDate":1424966400000,"divPayDate":null,"isLock":null,"updated":null},{"symbol":"SBGI","date":1416931200000,"type":1,"subtype":5,"value":0.165,"recordDate":1417363200000,"divPayDate":null,"isLock":null,"updated":null},{"symbol":"SBGI","date":1409068800000,"type":1,"subtype":5,"value":0.165,"recordDate":1409241600000,"divPayDate":null,"isLock":null,"updated":null},{"symbol":"SBGI","date":1401206400000,"type":1,"subtype":5,"value":0.15,"recordDate":null,"divPayDate":null,"isLock":null,"updated":null},{"symbol":"SBGI","date":1393344000000,"type":1,"subtype":5,"value":0.15,"recordDate":null,"divPayDate":null,"isLock":null,"updated":null},{"symbol":"SBGI","date":1385395200000,"type":1,"subtype":5,"value":0.15,"recordDate":null,"divPayDate":null,"isLock":null,"updated":null},{"symbol":"SBGI","date":1377619200000,"type":1,"subtype":5,"value":0.15,"recordDate":null,"divPayDate":null,"isLock":null,"updated":null},{"symbol":"SBGI","date":1369756800000,"type":1,"subtype":5,"value":0.15,"recordDate":null,"divPayDate":null,"isLock":null,"updated":null},{"symbol":"SBGI","date":1361894400000,"type":1,"subtype":5,"value":0.15,"recordDate":null,"divPayDate":null,"isLock":null,"updated":null},{"symbol":"SBGI","date":1354032000000,"type":1,"subtype":5,"value":1.15,"recordDate":null,"divPayDate":null,"isLock":null,"updated":null},{"symbol":"SBGI","date":1346169600000,"type":1,"subtype":5,"value":0.15,"recordDate":null,"divPayDate":null,"isLock":null,"updated":null},{"symbol":"SBGI","date":896371200000,"type":2,"subtype":8,"value":2.0,"recordDate":1441036800000,"divPayDate":null,"isLock":null,"updated":null}]}