{"list":[{"symbol":"SBS","date":1556553600000,"type":1,"subtype":5,"value":0.24244,"recordDate":null,"divPayDate":null,"isLock":null,"updated":null},{"symbol":"SBS","date":1525017600000,"type":1,"subtype":5,"value":0.21858,"recordDate":null,"divPayDate":null,"isLock":null,"updated":null},{"symbol":"SBS","date":1491840000000,"type":1,"subtype":5,"value":0.28818,"recordDate":1492012800000,"divPayDate":null,"isLock":null,"updated":null},{"symbol":"SBS","date":1459872000000,"type":1,"subtype":5,"value":0.05606,"recordDate":1460044800000,"divPayDate":null,"isLock":null,"updated":null},{"symbol":"SBS","date":1428336000000,"type":1,"subtype":5,"value":0.08768,"recordDate":1428508800000,"divPayDate":null,"isLock":null,"updated":null},{"symbol":"SBS","date":1396886400000,"type":1,"subtype":5,"value":0.28315,"recordDate":1397059200000,"divPayDate":null,"isLock":null,"updated":null},{"symbol":"SBS","date":1367251200000,"type":2,"subtype":8,"value":3.0,"recordDate":1428508800000,"divPayDate":null,"isLock":null,"updated":null},{"symbol":"SBS","date":1364745600000,"type":1,"subtype":5,"value":0.2862,"recordDate":null,"divPayDate":null,"isLock":null,"updated":null},{"symbol":"SBS","date":1358956800000,"type":2,"subtype":8,"value":2.0,"recordDate":null,"divPayDate":null,"isLock":null,"updated":null},{"symbol":"SBS","date":1329408000000,"type":1,"subtype":5,"value":1.03618,"recordDate":null,"divPayDate":null,"isLock":null,"updated":null}]}