{"list":[{"symbol":"SBUX","date":1557244800000,"type":1,"subtype":5,"value":0.36,"recordDate":1557331200000,"divPayDate":null,"isLock":null,"updated":null},{"symbol":"SBUX","date":1549382400000,"type":1,"subtype":5,"value":0.36,"recordDate":1549468800000,"divPayDate":null,"isLock":null,"updated":null},{"symbol":"SBUX","date":1542124800000,"type":1,"subtype":5,"value":0.36,"recordDate":1542211200000,"divPayDate":null,"isLock":null,"updated":null},{"symbol":"SBUX","date":1533657600000,"type":1,"subtype":5,"value":0.36,"recordDate":1533744000000,"divPayDate":null,"isLock":null,"updated":null},{"symbol":"SBUX","date":1525795200000,"type":1,"subtype":5,"value":0.3,"recordDate":1525881600000,"divPayDate":null,"isLock":null,"updated":null},{"symbol":"SBUX","date":1517932800000,"type":1,"subtype":5,"value":0.3,"recordDate":1518019200000,"divPayDate":null,"isLock":null,"updated":null},{"symbol":"SBUX","date":1510675200000,"type":1,"subtype":5,"value":0.3,"recordDate":1510761600000,"divPayDate":null,"isLock":null,"updated":null},{"symbol":"SBUX","date":1502121600000,"type":1,"subtype":5,"value":0.25,"recordDate":1502294400000,"divPayDate":null,"isLock":null,"updated":null},{"symbol":"SBUX","date":1494259200000,"type":1,"subtype":5,"value":0.25,"recordDate":1494432000000,"divPayDate":null,"isLock":null,"updated":null},{"symbol":"SBUX","date":1486396800000,"type":1,"subtype":5,"value":0.25,"recordDate":1486569600000,"divPayDate":null,"isLock":null,"updated":null},{"symbol":"SBUX","date":1479139200000,"type":1,"subtype":5,"value":0.25,"recordDate":1479312000000,"divPayDate":null,"isLock":null,"updated":null},{"symbol":"SBUX","date":1470067200000,"type":1,"subtype":5,"value":0.2,"recordDate":1470240000000,"divPayDate":null,"isLock":null,"updated":null},{"symbol":"SBUX","date":1462204800000,"type":1,"subtype":5,"value":0.2,"recordDate":1462377600000,"divPayDate":null,"isLock":null,"updated":null},{"symbol":"SBUX","date":1454342400000,"type":1,"subtype":5,"value":0.2,"recordDate":1454515200000,"divPayDate":null,"isLock":null,"updated":null},{"symbol":"SBUX","date":1446998400000,"type":1,"subtype":5,"value":0.2,"recordDate":1447257600000,"divPayDate":null,"isLock":null,"updated":null},{"symbol":"SBUX","date":1438617600000,"type":1,"subtype":5,"value":0.16,"recordDate":1438790400000,"divPayDate":null,"isLock":null,"updated":null},{"symbol":"SBUX","date":1430755200000,"type":1,"subtype":5,"value":0.16,"recordDate":1430928000000,"divPayDate":null,"isLock":null,"updated":null},{"symbol":"SBUX","date":1428508800000,"type":2,"subtype":8,"value":2.0,"recordDate":1438790400000,"divPayDate":null,"isLock":null,"updated":null},{"symbol":"SBUX","date":1422892800000,"type":1,"subtype":5,"value":0.16,"recordDate":1423065600000,"divPayDate":null,"isLock":null,"updated":null},{"symbol":"SBUX","date":1415548800000,"type":1,"subtype":5,"value":0.32,"recordDate":1415808000000,"divPayDate":null,"isLock":null,"updated":null},{"symbol":"SBUX","date":1407168000000,"type":1,"subtype":5,"value":0.26,"recordDate":1407340800000,"divPayDate":null,"isLock":null,"updated":null},{"symbol":"SBUX","date":1399305600000,"type":1,"subtype":5,"value":0.26,"recordDate":null,"divPayDate":null,"isLock":null,"updated":null},{"symbol":"SBUX","date":1391443200000,"type":1,"subtype":5,"value":0.26,"recordDate":null,"divPayDate":null,"isLock":null,"updated":null},{"symbol":"SBUX","date":1384185600000,"type":1,"subtype":5,"value":0.26,"recordDate":null,"divPayDate":null,"isLock":null,"updated":null},{"symbol":"SBUX","date":1375718400000,"type":1,"subtype":5,"value":0.21,"recordDate":null,"divPayDate":null,"isLock":null,"updated":null},{"symbol":"SBUX","date":1367856000000,"type":1,"subtype":5,"value":0.21,"recordDate":null,"divPayDate":null,"isLock":null,"updated":null},{"symbol":"SBUX","date":1359993600000,"type":1,"subtype":5,"value":0.21,"recordDate":null,"divPayDate":null,"isLock":null,"updated":null},{"symbol":"SBUX","date":1352736000000,"type":1,"subtype":5,"value":0.21,"recordDate":null,"divPayDate":null,"isLock":null,"updated":null},{"symbol":"SBUX","date":1344182400000,"type":1,"subtype":5,"value":0.17,"recordDate":null,"divPayDate":null,"isLock":null,"updated":null},{"symbol":"SBUX","date":1130083200000,"type":2,"subtype":8,"value":2.0,"recordDate":1423065600000,"divPayDate":null,"isLock":null,"updated":null},{"symbol":"SBUX","date":988560000000,"type":2,"subtype":8,"value":2.0,"recordDate":null,"divPayDate":null,"isLock":null,"updated":null},{"symbol":"SBUX","date":922032000000,"type":2,"subtype":8,"value":2.0,"recordDate":null,"divPayDate":null,"isLock":null,"updated":null}]}