{"list":[{"symbol":"SEAS","date":1474905600000,"type":1,"subtype":5,"value":0.1,"recordDate":1475078400000,"divPayDate":null,"isLock":null,"updated":null},{"symbol":"SEAS","date":1466006400000,"type":1,"subtype":5,"value":0.21,"recordDate":1466352000000,"divPayDate":null,"isLock":null,"updated":null},{"symbol":"SEAS","date":1457539200000,"type":1,"subtype":5,"value":0.21,"recordDate":1457884800000,"divPayDate":null,"isLock":null,"updated":null},{"symbol":"SEAS","date":1452614400000,"type":1,"subtype":5,"value":0.21,"recordDate":1452787200000,"divPayDate":null,"isLock":null,"updated":null},{"symbol":"SEAS","date":1443110400000,"type":1,"subtype":5,"value":0.21,"recordDate":1443456000000,"divPayDate":null,"isLock":null,"updated":null},{"symbol":"SEAS","date":1434556800000,"type":1,"subtype":5,"value":0.21,"recordDate":1434902400000,"divPayDate":null,"isLock":null,"updated":null},{"symbol":"SEAS","date":1426003200000,"type":1,"subtype":5,"value":0.21,"recordDate":1426176000000,"divPayDate":null,"isLock":null,"updated":null},{"symbol":"SEAS","date":1420732800000,"type":1,"subtype":5,"value":0.21,"recordDate":1421078400000,"divPayDate":null,"isLock":null,"updated":null},{"symbol":"SEAS","date":1411574400000,"type":1,"subtype":5,"value":0.21,"recordDate":1411920000000,"divPayDate":null,"isLock":null,"updated":null},{"symbol":"SEAS","date":1403020800000,"type":1,"subtype":5,"value":0.21,"recordDate":null,"divPayDate":null,"isLock":null,"updated":null},{"symbol":"SEAS","date":1395072000000,"type":1,"subtype":5,"value":0.2,"recordDate":null,"divPayDate":null,"isLock":null,"updated":null},{"symbol":"SEAS","date":1387296000000,"type":1,"subtype":5,"value":0.2,"recordDate":null,"divPayDate":null,"isLock":null,"updated":null},{"symbol":"SEAS","date":1379433600000,"type":1,"subtype":5,"value":0.2,"recordDate":null,"divPayDate":null,"isLock":null,"updated":null},{"symbol":"SEAS","date":1371484800000,"type":1,"subtype":5,"value":0.2,"recordDate":null,"divPayDate":null,"isLock":null,"updated":null}]}