{"list":[{"symbol":"SEM","date":1425225600000,"type":1,"subtype":5,"value":0.1,"recordDate":1425398400000,"divPayDate":null,"isLock":null,"updated":null},{"symbol":"SEM","date":1416153600000,"type":1,"subtype":5,"value":0.1,"recordDate":1416326400000,"divPayDate":null,"isLock":null,"updated":null},{"symbol":"SEM","date":1408291200000,"type":1,"subtype":5,"value":0.1,"recordDate":1408464000000,"divPayDate":null,"isLock":null,"updated":null},{"symbol":"SEM","date":1399996800000,"type":1,"subtype":5,"value":0.1,"recordDate":null,"divPayDate":null,"isLock":null,"updated":null},{"symbol":"SEM","date":1393430400000,"type":1,"subtype":5,"value":0.1,"recordDate":null,"divPayDate":null,"isLock":null,"updated":null},{"symbol":"SEM","date":1383753600000,"type":1,"subtype":5,"value":0.1,"recordDate":null,"divPayDate":null,"isLock":null,"updated":null},{"symbol":"SEM","date":1376582400000,"type":1,"subtype":5,"value":0.1,"recordDate":null,"divPayDate":null,"isLock":null,"updated":null},{"symbol":"SEM","date":1368633600000,"type":1,"subtype":5,"value":0.1,"recordDate":null,"divPayDate":null,"isLock":null,"updated":null},{"symbol":"SEM","date":1354464000000,"type":1,"subtype":5,"value":1.5,"recordDate":null,"divPayDate":null,"isLock":null,"updated":null},{"symbol":"SEM","date":1231776000000,"type":1,"subtype":5,"value":0.52554,"recordDate":null,"divPayDate":null,"isLock":null,"updated":null}]}