{"list":[{"symbol":"SGA","date":1560355200000,"type":1,"subtype":5,"value":0.3,"recordDate":1560441600000,"divPayDate":null,"isLock":null,"updated":null},{"symbol":"SGA","date":1552233600000,"type":1,"subtype":5,"value":0.3,"recordDate":1552320000000,"divPayDate":null,"isLock":null,"updated":null},{"symbol":"SGA","date":1544112000000,"type":1,"subtype":5,"value":0.55,"recordDate":1544371200000,"divPayDate":null,"isLock":null,"updated":null},{"symbol":"SGA","date":1535558400000,"type":1,"subtype":5,"value":0.3,"recordDate":1535644800000,"divPayDate":null,"isLock":null,"updated":null},{"symbol":"SGA","date":1527609600000,"type":1,"subtype":5,"value":0.3,"recordDate":null,"divPayDate":null,"isLock":null,"updated":null},{"symbol":"SGA","date":1520524800000,"type":1,"subtype":5,"value":0.3,"recordDate":1520784000000,"divPayDate":null,"isLock":null,"updated":null},{"symbol":"SGA","date":1513267200000,"type":1,"subtype":5,"value":1.1,"recordDate":1513526400000,"divPayDate":null,"isLock":null,"updated":null},{"symbol":"SGA","date":1506009600000,"type":1,"subtype":5,"value":0.3,"recordDate":1506268800000,"divPayDate":null,"isLock":null,"updated":null},{"symbol":"SGA","date":1495036800000,"type":1,"subtype":5,"value":0.3,"recordDate":1495382400000,"divPayDate":null,"isLock":null,"updated":null},{"symbol":"SGA","date":1490284800000,"type":1,"subtype":5,"value":0.3,"recordDate":1490630400000,"divPayDate":null,"isLock":null,"updated":null},{"symbol":"SGA","date":1480521600000,"type":1,"subtype":5,"value":0.5,"recordDate":1480867200000,"divPayDate":null,"isLock":null,"updated":null},{"symbol":"SGA","date":1473609600000,"type":1,"subtype":5,"value":0.3,"recordDate":1473782400000,"divPayDate":null,"isLock":null,"updated":null},{"symbol":"SGA","date":1465747200000,"type":1,"subtype":5,"value":0.25,"recordDate":1465920000000,"divPayDate":null,"isLock":null,"updated":null},{"symbol":"SGA","date":1458662400000,"type":1,"subtype":5,"value":0.25,"recordDate":1459094400000,"divPayDate":null,"isLock":null,"updated":null},{"symbol":"SGA","date":1448380800000,"type":1,"subtype":5,"value":0.5,"recordDate":1448812800000,"divPayDate":null,"isLock":null,"updated":null},{"symbol":"SGA","date":1441814400000,"type":1,"subtype":5,"value":0.2,"recordDate":1442160000000,"divPayDate":null,"isLock":null,"updated":null},{"symbol":"SGA","date":1434556800000,"type":1,"subtype":5,"value":0.2,"recordDate":1434902400000,"divPayDate":null,"isLock":null,"updated":null},{"symbol":"SGA","date":1427817600000,"type":1,"subtype":5,"value":0.2,"recordDate":1428249600000,"divPayDate":null,"isLock":null,"updated":null},{"symbol":"SGA","date":1418227200000,"type":1,"subtype":5,"value":1.4,"recordDate":1418572800000,"divPayDate":null,"isLock":null,"updated":null},{"symbol":"SGA","date":1412092800000,"type":1,"subtype":5,"value":0.2,"recordDate":1412265600000,"divPayDate":null,"isLock":null,"updated":null},{"symbol":"SGA","date":1404835200000,"type":1,"subtype":5,"value":0.2,"recordDate":1405008000000,"divPayDate":null,"isLock":null,"updated":null},{"symbol":"SGA","date":1385481600000,"type":1,"subtype":5,"value":1.8,"recordDate":null,"divPayDate":null,"isLock":null,"updated":null},{"symbol":"SGA","date":1358352000000,"type":2,"subtype":8,"value":1.33333,"recordDate":1434902400000,"divPayDate":null,"isLock":null,"updated":null},{"symbol":"SGA","date":1352736000000,"type":1,"subtype":5,"value":1.2375,"recordDate":null,"divPayDate":null,"isLock":null,"updated":null},{"symbol":"SGA","date":1233158400000,"type":2,"subtype":7,"value":0.25,"recordDate":null,"divPayDate":null,"isLock":null,"updated":null}]}