{"list":[{"symbol":"SILC","date":1490198400000,"type":1,"subtype":5,"value":1.0,"recordDate":1490544000000,"divPayDate":null,"isLock":null,"updated":null},{"symbol":"SILC","date":1459353600000,"type":1,"subtype":5,"value":1.0,"recordDate":1459699200000,"divPayDate":null,"isLock":null,"updated":null},{"symbol":"SILC","date":1427817600000,"type":1,"subtype":5,"value":1.0,"recordDate":1428249600000,"divPayDate":null,"isLock":null,"updated":null},{"symbol":"SILC","date":1396281600000,"type":1,"subtype":5,"value":1.0,"recordDate":null,"divPayDate":null,"isLock":null,"updated":null},{"symbol":"SILC","date":1364832000000,"type":1,"subtype":5,"value":0.55,"recordDate":null,"divPayDate":null,"isLock":null,"updated":null}]}