{"list":[{"symbol":"SNE","date":1506528000000,"type":1,"subtype":5,"value":0.09537,"recordDate":1506614400000,"divPayDate":null,"isLock":null,"updated":null},{"symbol":"SNE","date":1490630400000,"type":1,"subtype":5,"value":0.07833,"recordDate":1490803200000,"divPayDate":null,"isLock":null,"updated":null},{"symbol":"SNE","date":1474905600000,"type":1,"subtype":5,"value":0.07544,"recordDate":1475078400000,"divPayDate":null,"isLock":null,"updated":null},{"symbol":"SNE","date":1395763200000,"type":1,"subtype":5,"value":0.10462,"recordDate":null,"divPayDate":null,"isLock":null,"updated":null},{"symbol":"SNE","date":1380038400000,"type":1,"subtype":5,"value":0.11104,"recordDate":null,"divPayDate":null,"isLock":null,"updated":null},{"symbol":"SNE","date":1364227200000,"type":1,"subtype":5,"value":0.11416,"recordDate":null,"divPayDate":null,"isLock":null,"updated":null},{"symbol":"SNE","date":1348502400000,"type":1,"subtype":5,"value":0.13763,"recordDate":null,"divPayDate":null,"isLock":null,"updated":null},{"symbol":"SNE","date":1332777600000,"type":1,"subtype":5,"value":0.14253,"recordDate":null,"divPayDate":null,"isLock":null,"updated":null},{"symbol":"SNE","date":959184000000,"type":2,"subtype":8,"value":2.0,"recordDate":1395936000000,"divPayDate":null,"isLock":null,"updated":null},{"symbol":"SNE","date":685555200000,"type":2,"subtype":8,"value":1.1,"recordDate":null,"divPayDate":null,"isLock":null,"updated":null},{"symbol":"SNE","date":192211200000,"type":2,"subtype":8,"value":1.25,"recordDate":null,"divPayDate":null,"isLock":null,"updated":null}]}