{"list":[{"symbol":"SNP","date":1559232000000,"type":1,"subtype":5,"value":3.46439,"recordDate":null,"divPayDate":null,"isLock":null,"updated":null},{"symbol":"SNP","date":1536076800000,"type":1,"subtype":5,"value":2.08205,"recordDate":null,"divPayDate":null,"isLock":null,"updated":null},{"symbol":"SNP","date":1527091200000,"type":1,"subtype":5,"value":5.63452,"recordDate":null,"divPayDate":null,"isLock":null,"updated":null},{"symbol":"SNP","date":1505664000000,"type":1,"subtype":5,"value":1.33128,"recordDate":1505750400000,"divPayDate":null,"isLock":null,"updated":null},{"symbol":"SNP","date":1499961600000,"type":1,"subtype":5,"value":2.22217,"recordDate":1500307200000,"divPayDate":null,"isLock":null,"updated":null},{"symbol":"SNP","date":1473264000000,"type":1,"subtype":5,"value":1.05324,"recordDate":1473609600000,"divPayDate":null,"isLock":null,"updated":null},{"symbol":"SNP","date":1465833600000,"type":1,"subtype":5,"value":0.80805,"recordDate":1466006400000,"divPayDate":null,"isLock":null,"updated":null},{"symbol":"SNP","date":1442592000000,"type":1,"subtype":5,"value":1.24503,"recordDate":1442851200000,"divPayDate":null,"isLock":null,"updated":null},{"symbol":"SNP","date":1441900800000,"type":1,"subtype":5,"value":1.24687,"recordDate":1442246400000,"divPayDate":null,"isLock":null,"updated":null},{"symbol":"SNP","date":1433779200000,"type":1,"subtype":5,"value":1.59954,"recordDate":1433952000000,"divPayDate":null,"isLock":null,"updated":null},{"symbol":"SNP","date":1410451200000,"type":1,"subtype":5,"value":1.29375,"recordDate":1410796800000,"divPayDate":null,"isLock":null,"updated":null},{"symbol":"SNP","date":1400601600000,"type":1,"subtype":5,"value":2.17322,"recordDate":1400774400000,"divPayDate":null,"isLock":null,"updated":null},{"symbol":"SNP","date":1378224000000,"type":1,"subtype":5,"value":1.29267,"recordDate":null,"divPayDate":null,"isLock":null,"updated":null},{"symbol":"SNP","date":1372694400000,"type":2,"subtype":8,"value":1.3,"recordDate":1433952000000,"divPayDate":null,"isLock":null,"updated":null},{"symbol":"SNP","date":1370534400000,"type":1,"subtype":5,"value":1.97305,"recordDate":null,"divPayDate":null,"isLock":null,"updated":null},{"symbol":"SNP","date":1346774400000,"type":1,"subtype":5,"value":1.39829,"recordDate":null,"divPayDate":null,"isLock":null,"updated":null},{"symbol":"SNP","date":1337097600000,"type":1,"subtype":5,"value":2.85097,"recordDate":null,"divPayDate":null,"isLock":null,"updated":null}]}