{"list":[{"symbol":"SOCL","date":1514390400000,"type":1,"subtype":5,"value":0.4902,"recordDate":1483027200000,"divPayDate":null,"isLock":null,"updated":null},{"symbol":"SOCL","date":1482854400000,"type":1,"subtype":5,"value":0.03888,"recordDate":1451491200000,"divPayDate":null,"isLock":null,"updated":null},{"symbol":"SOCL","date":1451318400000,"type":1,"subtype":5,"value":0.00125,"recordDate":1419955200000,"divPayDate":null,"isLock":null,"updated":null},{"symbol":"SOCL","date":1419782400000,"type":1,"subtype":5,"value":0.00932,"recordDate":1419955200000,"divPayDate":null,"isLock":null,"updated":null},{"symbol":"SOCL","date":1388073600000,"type":1,"subtype":5,"value":3.0E-4,"recordDate":null,"divPayDate":null,"isLock":null,"updated":null},{"symbol":"SOCL","date":1356537600000,"type":1,"subtype":5,"value":0.10929,"recordDate":null,"divPayDate":null,"isLock":null,"updated":null}]}