{"list":[{"symbol":"SQLV","date":1560700800000,"type":1,"subtype":5,"value":0.105,"recordDate":null,"divPayDate":null,"isLock":null,"updated":null},{"symbol":"SQLV","date":1552838400000,"type":1,"subtype":5,"value":0.06333,"recordDate":null,"divPayDate":null,"isLock":null,"updated":null},{"symbol":"SQLV","date":1545753600000,"type":1,"subtype":5,"value":0.26,"recordDate":null,"divPayDate":null,"isLock":null,"updated":null},{"symbol":"SQLV","date":1514217600000,"type":1,"subtype":5,"value":0.11,"recordDate":null,"divPayDate":null,"isLock":null,"updated":null}]}