{"list":[{"symbol":"STC","date":1560355200000,"type":1,"subtype":5,"value":0.3,"recordDate":1560441600000,"divPayDate":null,"isLock":null,"updated":null},{"symbol":"STC","date":1552492800000,"type":1,"subtype":5,"value":0.3,"recordDate":1552579200000,"divPayDate":null,"isLock":null,"updated":null},{"symbol":"STC","date":1544544000000,"type":1,"subtype":5,"value":0.3,"recordDate":1544630400000,"divPayDate":null,"isLock":null,"updated":null},{"symbol":"STC","date":1536768000000,"type":1,"subtype":5,"value":0.3,"recordDate":1536854400000,"divPayDate":null,"isLock":null,"updated":null},{"symbol":"STC","date":1528905600000,"type":1,"subtype":5,"value":0.3,"recordDate":1528992000000,"divPayDate":null,"isLock":null,"updated":null},{"symbol":"STC","date":1520956800000,"type":1,"subtype":5,"value":0.3,"recordDate":1521043200000,"divPayDate":null,"isLock":null,"updated":null},{"symbol":"STC","date":1513180800000,"type":1,"subtype":5,"value":0.3,"recordDate":1513267200000,"divPayDate":null,"isLock":null,"updated":null},{"symbol":"STC","date":1505318400000,"type":1,"subtype":5,"value":0.3,"recordDate":1505404800000,"divPayDate":null,"isLock":null,"updated":null},{"symbol":"STC","date":1497283200000,"type":1,"subtype":5,"value":0.3,"recordDate":1497456000000,"divPayDate":null,"isLock":null,"updated":null},{"symbol":"STC","date":1489334400000,"type":1,"subtype":5,"value":0.3,"recordDate":1489507200000,"divPayDate":null,"isLock":null,"updated":null},{"symbol":"STC","date":1481558400000,"type":1,"subtype":5,"value":0.3,"recordDate":1481731200000,"divPayDate":null,"isLock":null,"updated":null},{"symbol":"STC","date":1473696000000,"type":1,"subtype":5,"value":0.3,"recordDate":1473868800000,"divPayDate":null,"isLock":null,"updated":null},{"symbol":"STC","date":1465401600000,"type":1,"subtype":5,"value":0.3,"recordDate":1465747200000,"divPayDate":null,"isLock":null,"updated":null},{"symbol":"STC","date":1457452800000,"type":1,"subtype":5,"value":0.3,"recordDate":1457625600000,"divPayDate":null,"isLock":null,"updated":null},{"symbol":"STC","date":1449590400000,"type":1,"subtype":5,"value":0.3,"recordDate":1449763200000,"divPayDate":null,"isLock":null,"updated":null},{"symbol":"STC","date":1441728000000,"type":1,"subtype":5,"value":0.25,"recordDate":1441900800000,"divPayDate":null,"isLock":null,"updated":null},{"symbol":"STC","date":1433865600000,"type":1,"subtype":5,"value":0.25,"recordDate":1434038400000,"divPayDate":null,"isLock":null,"updated":null},{"symbol":"STC","date":1418140800000,"type":1,"subtype":5,"value":0.1,"recordDate":1418313600000,"divPayDate":null,"isLock":null,"updated":null},{"symbol":"STC","date":1386172800000,"type":1,"subtype":5,"value":0.1,"recordDate":null,"divPayDate":null,"isLock":null,"updated":null},{"symbol":"STC","date":1355241600000,"type":1,"subtype":5,"value":0.1,"recordDate":null,"divPayDate":null,"isLock":null,"updated":null},{"symbol":"STC","date":1323705600000,"type":1,"subtype":5,"value":0.05,"recordDate":null,"divPayDate":null,"isLock":null,"updated":null},{"symbol":"STC","date":927475200000,"type":2,"subtype":8,"value":2.0,"recordDate":1434038400000,"divPayDate":null,"isLock":null,"updated":null},{"symbol":"STC","date":767548800000,"type":2,"subtype":8,"value":1.5,"recordDate":null,"divPayDate":null,"isLock":null,"updated":null},{"symbol":"STC","date":417110400000,"type":2,"subtype":8,"value":2.0,"recordDate":null,"divPayDate":null,"isLock":null,"updated":null}]}