{"list":[{"symbol":"SU","date":1559491200000,"type":1,"subtype":5,"value":0.31256,"recordDate":null,"divPayDate":null,"isLock":null,"updated":null},{"symbol":"SU","date":1551369600000,"type":1,"subtype":5,"value":0.31308,"recordDate":null,"divPayDate":null,"isLock":null,"updated":null},{"symbol":"SU","date":1543507200000,"type":1,"subtype":5,"value":0.26446,"recordDate":null,"divPayDate":null,"isLock":null,"updated":null},{"symbol":"SU","date":1535644800000,"type":1,"subtype":5,"value":0.27802,"recordDate":null,"divPayDate":null,"isLock":null,"updated":null},{"symbol":"SU","date":1527782400000,"type":1,"subtype":5,"value":0.27075,"recordDate":null,"divPayDate":null,"isLock":null,"updated":null},{"symbol":"SU","date":1519920000000,"type":1,"subtype":5,"value":0.27999,"recordDate":null,"divPayDate":null,"isLock":null,"updated":null},{"symbol":"SU","date":1511971200000,"type":1,"subtype":5,"value":0.25143,"recordDate":1512057600000,"divPayDate":null,"isLock":null,"updated":null},{"symbol":"SU","date":1504195200000,"type":1,"subtype":5,"value":0.247,"recordDate":1504540800000,"divPayDate":null,"isLock":null,"updated":null},{"symbol":"SU","date":1504108800000,"type":1,"subtype":5,"value":0.25876,"recordDate":1504540800000,"divPayDate":null,"isLock":null,"updated":null},{"symbol":"SU","date":1496246400000,"type":1,"subtype":5,"value":0.24154,"recordDate":1496592000000,"divPayDate":null,"isLock":null,"updated":null},{"symbol":"SU","date":1488297600000,"type":1,"subtype":5,"value":0.23925,"recordDate":1488470400000,"divPayDate":null,"isLock":null,"updated":null},{"symbol":"SU","date":1480435200000,"type":1,"subtype":5,"value":0.21407,"recordDate":1480608000000,"divPayDate":null,"isLock":null,"updated":null},{"symbol":"SU","date":1472659200000,"type":1,"subtype":5,"value":0.21915,"recordDate":1473091200000,"divPayDate":null,"isLock":null,"updated":null},{"symbol":"SU","date":1464710400000,"type":1,"subtype":5,"value":0.2236,"recordDate":1464883200000,"divPayDate":null,"isLock":null,"updated":null},{"symbol":"SU","date":1456848000000,"type":1,"subtype":5,"value":0.22002,"recordDate":1457020800000,"divPayDate":null,"isLock":null,"updated":null},{"symbol":"SU","date":1448812800000,"type":1,"subtype":5,"value":0.2095,"recordDate":1448985600000,"divPayDate":null,"isLock":null,"updated":null},{"symbol":"SU","date":1441123200000,"type":1,"subtype":5,"value":0.21769,"recordDate":1441296000000,"divPayDate":null,"isLock":null,"updated":null},{"symbol":"SU","date":1433174400000,"type":1,"subtype":5,"value":0.22722,"recordDate":1433347200000,"divPayDate":null,"isLock":null,"updated":null},{"symbol":"SU","date":1425225600000,"type":1,"subtype":5,"value":0.22369,"recordDate":1425398400000,"divPayDate":null,"isLock":null,"updated":null},{"symbol":"SU","date":1417363200000,"type":1,"subtype":5,"value":0.24078,"recordDate":1417536000000,"divPayDate":null,"isLock":null,"updated":null},{"symbol":"SU","date":1409587200000,"type":1,"subtype":5,"value":0.25231,"recordDate":1409760000000,"divPayDate":null,"isLock":null,"updated":null},{"symbol":"SU","date":1401638400000,"type":1,"subtype":5,"value":0.21452,"recordDate":1401811200000,"divPayDate":null,"isLock":null,"updated":null},{"symbol":"SU","date":1393516800000,"type":1,"subtype":5,"value":0.20614,"recordDate":null,"divPayDate":null,"isLock":null,"updated":null},{"symbol":"SU","date":1385654400000,"type":1,"subtype":5,"value":0.18832,"recordDate":null,"divPayDate":null,"isLock":null,"updated":null},{"symbol":"SU","date":1377792000000,"type":1,"subtype":5,"value":0.19396,"recordDate":null,"divPayDate":null,"isLock":null,"updated":null},{"symbol":"SU","date":1369929600000,"type":1,"subtype":5,"value":0.19044,"recordDate":null,"divPayDate":null,"isLock":null,"updated":null},{"symbol":"SU","date":1361980800000,"type":1,"subtype":5,"value":0.12724,"recordDate":null,"divPayDate":null,"isLock":null,"updated":null},{"symbol":"SU","date":1354118400000,"type":1,"subtype":5,"value":0.13095,"recordDate":null,"divPayDate":null,"isLock":null,"updated":null},{"symbol":"SU","date":1346256000000,"type":1,"subtype":5,"value":0.13261,"recordDate":null,"divPayDate":null,"isLock":null,"updated":null}]}