{"list":[{"symbol":"SUP","date":1562083200000,"type":1,"subtype":5,"value":0.09,"recordDate":1562256000000,"divPayDate":null,"isLock":null,"updated":null},{"symbol":"SUP","date":1554220800000,"type":1,"subtype":5,"value":0.09,"recordDate":1554307200000,"divPayDate":null,"isLock":null,"updated":null},{"symbol":"SUP","date":1546444800000,"type":1,"subtype":5,"value":0.09,"recordDate":1546531200000,"divPayDate":null,"isLock":null,"updated":null},{"symbol":"SUP","date":1538582400000,"type":1,"subtype":5,"value":0.09,"recordDate":1538668800000,"divPayDate":null,"isLock":null,"updated":null},{"symbol":"SUP","date":1530547200000,"type":1,"subtype":5,"value":0.09,"recordDate":null,"divPayDate":null,"isLock":null,"updated":null},{"symbol":"SUP","date":1522771200000,"type":1,"subtype":5,"value":0.09,"recordDate":1522857600000,"divPayDate":null,"isLock":null,"updated":null},{"symbol":"SUP","date":1514908800000,"type":1,"subtype":5,"value":0.09,"recordDate":1514995200000,"divPayDate":null,"isLock":null,"updated":null},{"symbol":"SUP","date":1507046400000,"type":1,"subtype":5,"value":0.09,"recordDate":1507132800000,"divPayDate":null,"isLock":null,"updated":null},{"symbol":"SUP","date":1498752000000,"type":1,"subtype":5,"value":0.09,"recordDate":1499184000000,"divPayDate":null,"isLock":null,"updated":null},{"symbol":"SUP","date":1490889600000,"type":1,"subtype":5,"value":0.18,"recordDate":1491235200000,"divPayDate":null,"isLock":null,"updated":null},{"symbol":"SUP","date":1483372800000,"type":1,"subtype":5,"value":0.18,"recordDate":1483545600000,"divPayDate":null,"isLock":null,"updated":null},{"symbol":"SUP","date":1475424000000,"type":1,"subtype":5,"value":0.18,"recordDate":1475596800000,"divPayDate":null,"isLock":null,"updated":null},{"symbol":"SUP","date":1467216000000,"type":1,"subtype":5,"value":0.18,"recordDate":1467648000000,"divPayDate":null,"isLock":null,"updated":null},{"symbol":"SUP","date":1459267200000,"type":1,"subtype":5,"value":0.18,"recordDate":1459612800000,"divPayDate":null,"isLock":null,"updated":null},{"symbol":"SUP","date":1451404800000,"type":1,"subtype":5,"value":0.18,"recordDate":1451836800000,"divPayDate":null,"isLock":null,"updated":null},{"symbol":"SUP","date":1443628800000,"type":1,"subtype":5,"value":0.18,"recordDate":1443974400000,"divPayDate":null,"isLock":null,"updated":null},{"symbol":"SUP","date":1435680000000,"type":1,"subtype":5,"value":0.18,"recordDate":1436112000000,"divPayDate":null,"isLock":null,"updated":null},{"symbol":"SUP","date":1427731200000,"type":1,"subtype":5,"value":0.18,"recordDate":1427990400000,"divPayDate":null,"isLock":null,"updated":null},{"symbol":"SUP","date":1419868800000,"type":1,"subtype":5,"value":0.18,"recordDate":1420128000000,"divPayDate":null,"isLock":null,"updated":null},{"symbol":"SUP","date":1412092800000,"type":1,"subtype":5,"value":0.18,"recordDate":1412265600000,"divPayDate":null,"isLock":null,"updated":null},{"symbol":"SUP","date":1404144000000,"type":1,"subtype":5,"value":0.18,"recordDate":null,"divPayDate":null,"isLock":null,"updated":null},{"symbol":"SUP","date":1397059200000,"type":1,"subtype":5,"value":0.18,"recordDate":null,"divPayDate":null,"isLock":null,"updated":null},{"symbol":"SUP","date":1388419200000,"type":1,"subtype":5,"value":0.18,"recordDate":null,"divPayDate":null,"isLock":null,"updated":null},{"symbol":"SUP","date":1380038400000,"type":1,"subtype":5,"value":0.02,"recordDate":null,"divPayDate":null,"isLock":null,"updated":null},{"symbol":"SUP","date":1355846400000,"type":1,"subtype":5,"value":0.64,"recordDate":null,"divPayDate":null,"isLock":null,"updated":null},{"symbol":"SUP","date":1348588800000,"type":1,"subtype":5,"value":0.16,"recordDate":null,"divPayDate":null,"isLock":null,"updated":null},{"symbol":"SUP","date":743184000000,"type":2,"subtype":8,"value":1.5,"recordDate":1436112000000,"divPayDate":null,"isLock":null,"updated":null},{"symbol":"SUP","date":713376000000,"type":2,"subtype":8,"value":2.0,"recordDate":null,"divPayDate":null,"isLock":null,"updated":null},{"symbol":"SUP","date":680108400000,"type":2,"subtype":8,"value":1.1,"recordDate":null,"divPayDate":null,"isLock":null,"updated":null}]}