{"list":[{"symbol":"SUPV","date":1557676800000,"type":1,"subtype":5,"value":0.07156,"recordDate":null,"divPayDate":null,"isLock":null,"updated":null},{"symbol":"SUPV","date":1526572800000,"type":1,"subtype":5,"value":0.10734,"recordDate":null,"divPayDate":null,"isLock":null,"updated":null},{"symbol":"SUPV","date":1505232000000,"type":1,"subtype":5,"value":0.00104,"recordDate":1505318400000,"divPayDate":null,"isLock":null,"updated":null},{"symbol":"SUPV","date":1500393600000,"type":1,"subtype":5,"value":0.03639,"recordDate":1500566400000,"divPayDate":null,"isLock":null,"updated":null},{"symbol":"SUPV","date":1495036800000,"type":1,"subtype":5,"value":0.04957,"recordDate":1495382400000,"divPayDate":null,"isLock":null,"updated":null}]}