{"list":[{"symbol":"SYF","date":1556812800000,"type":1,"subtype":5,"value":0.21,"recordDate":1557072000000,"divPayDate":null,"isLock":null,"updated":null},{"symbol":"SYF","date":1548950400000,"type":1,"subtype":5,"value":0.21,"recordDate":1549209600000,"divPayDate":null,"isLock":null,"updated":null},{"symbol":"SYF","date":1541088000000,"type":1,"subtype":5,"value":0.21,"recordDate":1541347200000,"divPayDate":null,"isLock":null,"updated":null},{"symbol":"SYF","date":1533225600000,"type":1,"subtype":5,"value":0.21,"recordDate":1533484800000,"divPayDate":null,"isLock":null,"updated":null},{"symbol":"SYF","date":1525363200000,"type":1,"subtype":5,"value":0.15,"recordDate":1525622400000,"divPayDate":null,"isLock":null,"updated":null},{"symbol":"SYF","date":1517500800000,"type":1,"subtype":5,"value":0.15,"recordDate":1517760000000,"divPayDate":null,"isLock":null,"updated":null},{"symbol":"SYF","date":1509638400000,"type":1,"subtype":5,"value":0.15,"recordDate":1509897600000,"divPayDate":null,"isLock":null,"updated":null},{"symbol":"SYF","date":1501689600000,"type":1,"subtype":5,"value":0.15,"recordDate":1502035200000,"divPayDate":null,"isLock":null,"updated":null},{"symbol":"SYF","date":1493827200000,"type":1,"subtype":5,"value":0.13,"recordDate":1494172800000,"divPayDate":null,"isLock":null,"updated":null},{"symbol":"SYF","date":1485964800000,"type":1,"subtype":5,"value":0.13,"recordDate":1486310400000,"divPayDate":null,"isLock":null,"updated":null},{"symbol":"SYF","date":1478102400000,"type":1,"subtype":5,"value":0.13,"recordDate":1478448000000,"divPayDate":null,"isLock":null,"updated":null},{"symbol":"SYF","date":1470758400000,"type":1,"subtype":5,"value":0.13,"recordDate":1470931200000,"divPayDate":null,"isLock":null,"updated":null}]}