{"list":[{"symbol":"T","date":1554739200000,"type":1,"subtype":5,"value":0.51,"recordDate":1554825600000,"divPayDate":null,"isLock":null,"updated":null},{"symbol":"T","date":1546963200000,"type":1,"subtype":5,"value":0.51,"recordDate":1547049600000,"divPayDate":null,"isLock":null,"updated":null},{"symbol":"T","date":1539014400000,"type":1,"subtype":5,"value":0.5,"recordDate":1539100800000,"divPayDate":null,"isLock":null,"updated":null},{"symbol":"T","date":1531065600000,"type":1,"subtype":5,"value":0.5,"recordDate":null,"divPayDate":null,"isLock":null,"updated":null},{"symbol":"T","date":1523203200000,"type":1,"subtype":5,"value":0.5,"recordDate":1523289600000,"divPayDate":null,"isLock":null,"updated":null},{"symbol":"T","date":1515427200000,"type":1,"subtype":5,"value":0.5,"recordDate":1515513600000,"divPayDate":null,"isLock":null,"updated":null},{"symbol":"T","date":1507219200000,"type":1,"subtype":5,"value":0.49,"recordDate":1507564800000,"divPayDate":null,"isLock":null,"updated":null},{"symbol":"T","date":1499270400000,"type":1,"subtype":5,"value":0.49,"recordDate":1499616000000,"divPayDate":null,"isLock":null,"updated":null},{"symbol":"T","date":1491408000000,"type":1,"subtype":5,"value":0.49,"recordDate":1491753600000,"divPayDate":null,"isLock":null,"updated":null},{"symbol":"T","date":1483632000000,"type":1,"subtype":5,"value":0.49,"recordDate":1483977600000,"divPayDate":null,"isLock":null,"updated":null},{"symbol":"T","date":1475596800000,"type":1,"subtype":5,"value":0.48,"recordDate":1476028800000,"divPayDate":null,"isLock":null,"updated":null},{"symbol":"T","date":1467734400000,"type":1,"subtype":5,"value":0.48,"recordDate":1467907200000,"divPayDate":null,"isLock":null,"updated":null},{"symbol":"T","date":1459872000000,"type":1,"subtype":5,"value":0.48,"recordDate":1460044800000,"divPayDate":null,"isLock":null,"updated":null},{"symbol":"T","date":1452009600000,"type":1,"subtype":5,"value":0.48,"recordDate":1452182400000,"divPayDate":null,"isLock":null,"updated":null},{"symbol":"T","date":1444147200000,"type":1,"subtype":5,"value":0.47,"recordDate":1444320000000,"divPayDate":null,"isLock":null,"updated":null},{"symbol":"T","date":1436284800000,"type":1,"subtype":5,"value":0.47,"recordDate":1436457600000,"divPayDate":null,"isLock":null,"updated":null},{"symbol":"T","date":1428422400000,"type":1,"subtype":5,"value":0.47,"recordDate":1428595200000,"divPayDate":null,"isLock":null,"updated":null},{"symbol":"T","date":1420560000000,"type":1,"subtype":5,"value":0.47,"recordDate":1420732800000,"divPayDate":null,"isLock":null,"updated":null},{"symbol":"T","date":1412697600000,"type":1,"subtype":5,"value":0.46,"recordDate":1412870400000,"divPayDate":null,"isLock":null,"updated":null},{"symbol":"T","date":1404748800000,"type":1,"subtype":5,"value":0.46,"recordDate":1404921600000,"divPayDate":null,"isLock":null,"updated":null},{"symbol":"T","date":1396886400000,"type":1,"subtype":5,"value":0.46,"recordDate":null,"divPayDate":null,"isLock":null,"updated":null},{"symbol":"T","date":1389110400000,"type":1,"subtype":5,"value":0.46,"recordDate":null,"divPayDate":null,"isLock":null,"updated":null},{"symbol":"T","date":1381161600000,"type":1,"subtype":5,"value":0.45,"recordDate":null,"divPayDate":null,"isLock":null,"updated":null},{"symbol":"T","date":1373212800000,"type":1,"subtype":5,"value":0.45,"recordDate":null,"divPayDate":null,"isLock":null,"updated":null},{"symbol":"T","date":1365350400000,"type":1,"subtype":5,"value":0.45,"recordDate":null,"divPayDate":null,"isLock":null,"updated":null},{"symbol":"T","date":1357574400000,"type":1,"subtype":5,"value":0.45,"recordDate":null,"divPayDate":null,"isLock":null,"updated":null},{"symbol":"T","date":1349366400000,"type":1,"subtype":5,"value":0.44,"recordDate":null,"divPayDate":null,"isLock":null,"updated":null},{"symbol":"T","date":1341504000000,"type":1,"subtype":5,"value":0.44,"recordDate":null,"divPayDate":null,"isLock":null,"updated":null},{"symbol":"T","date":890323200000,"type":2,"subtype":8,"value":2.0,"recordDate":1436457600000,"divPayDate":null,"isLock":null,"updated":null},{"symbol":"T","date":738345600000,"type":2,"subtype":8,"value":2.0,"recordDate":null,"divPayDate":null,"isLock":null,"updated":null},{"symbol":"T","date":548953200000,"type":2,"subtype":8,"value":3.0,"recordDate":null,"divPayDate":null,"isLock":null,"updated":null}]}