{"list":[{"symbol":"TANNL","date":1573660800000,"type":1,"subtype":5,"value":0.5,"recordDate":null,"divPayDate":null,"isLock":null,"updated":null},{"symbol":"TANNL","date":1557763200000,"type":1,"subtype":5,"value":0.5,"recordDate":null,"divPayDate":null,"isLock":null,"updated":null},{"symbol":"TANNL","date":1549987200000,"type":1,"subtype":5,"value":0.5,"recordDate":null,"divPayDate":null,"isLock":null,"updated":null},{"symbol":"TANNL","date":1542124800000,"type":1,"subtype":5,"value":0.5,"recordDate":null,"divPayDate":null,"isLock":null,"updated":null},{"symbol":"TANNL","date":1534176000000,"type":1,"subtype":5,"value":0.5,"recordDate":null,"divPayDate":null,"isLock":null,"updated":null},{"symbol":"TANNL","date":1526227200000,"type":1,"subtype":5,"value":0.5,"recordDate":1526313600000,"divPayDate":null,"isLock":null,"updated":null},{"symbol":"TANNL","date":1518451200000,"type":1,"subtype":5,"value":0.5,"recordDate":1518537600000,"divPayDate":null,"isLock":null,"updated":null},{"symbol":"TANNL","date":1510588800000,"type":1,"subtype":5,"value":0.5,"recordDate":1510675200000,"divPayDate":null,"isLock":null,"updated":null},{"symbol":"TANNL","date":1502380800000,"type":1,"subtype":5,"value":0.5,"recordDate":1502726400000,"divPayDate":null,"isLock":null,"updated":null},{"symbol":"TANNL","date":1494432000000,"type":1,"subtype":5,"value":0.5,"recordDate":1494777600000,"divPayDate":null,"isLock":null,"updated":null},{"symbol":"TANNL","date":1486656000000,"type":1,"subtype":5,"value":0.5,"recordDate":1487001600000,"divPayDate":null,"isLock":null,"updated":null},{"symbol":"TANNL","date":1478707200000,"type":1,"subtype":5,"value":0.5,"recordDate":1479139200000,"divPayDate":null,"isLock":null,"updated":null},{"symbol":"TANNL","date":1470844800000,"type":1,"subtype":5,"value":0.5,"recordDate":1471190400000,"divPayDate":null,"isLock":null,"updated":null}]}