{"list":[{"symbol":"TDI","date":1561564800000,"type":1,"subtype":5,"value":0.41406,"recordDate":null,"divPayDate":null,"isLock":null,"updated":null},{"symbol":"TDI","date":1553702400000,"type":1,"subtype":5,"value":0.41406,"recordDate":null,"divPayDate":null,"isLock":null,"updated":null},{"symbol":"TDI","date":1545840000000,"type":1,"subtype":5,"value":0.41406,"recordDate":null,"divPayDate":null,"isLock":null,"updated":null},{"symbol":"TDI","date":1537977600000,"type":1,"subtype":5,"value":0.41406,"recordDate":null,"divPayDate":null,"isLock":null,"updated":null},{"symbol":"TDI","date":1530115200000,"type":1,"subtype":5,"value":0.41406,"recordDate":null,"divPayDate":null,"isLock":null,"updated":null},{"symbol":"TDI","date":1522166400000,"type":1,"subtype":5,"value":0.41406,"recordDate":1522252800000,"divPayDate":null,"isLock":null,"updated":null},{"symbol":"TDI","date":1514390400000,"type":1,"subtype":5,"value":0.41406,"recordDate":1514476800000,"divPayDate":null,"isLock":null,"updated":null},{"symbol":"TDI","date":1506528000000,"type":1,"subtype":5,"value":0.41406,"recordDate":1506614400000,"divPayDate":null,"isLock":null,"updated":null},{"symbol":"TDI","date":1498492800000,"type":1,"subtype":5,"value":0.41406,"recordDate":1498665600000,"divPayDate":null,"isLock":null,"updated":null},{"symbol":"TDI","date":1490630400000,"type":1,"subtype":5,"value":0.41406,"recordDate":1490803200000,"divPayDate":null,"isLock":null,"updated":null},{"symbol":"TDI","date":1482854400000,"type":1,"subtype":5,"value":0.41406,"recordDate":1483027200000,"divPayDate":null,"isLock":null,"updated":null},{"symbol":"TDI","date":1474905600000,"type":1,"subtype":5,"value":0.41406,"recordDate":1475078400000,"divPayDate":null,"isLock":null,"updated":null},{"symbol":"TDI","date":1466956800000,"type":1,"subtype":5,"value":0.41406,"recordDate":1467129600000,"divPayDate":null,"isLock":null,"updated":null},{"symbol":"TDI","date":1459094400000,"type":1,"subtype":5,"value":0.41406,"recordDate":1459267200000,"divPayDate":null,"isLock":null,"updated":null},{"symbol":"TDI","date":1451232000000,"type":1,"subtype":5,"value":0.41406,"recordDate":1451404800000,"divPayDate":null,"isLock":null,"updated":null},{"symbol":"TDI","date":1443110400000,"type":1,"subtype":5,"value":0.41406,"recordDate":1443456000000,"divPayDate":null,"isLock":null,"updated":null},{"symbol":"TDI","date":1435161600000,"type":1,"subtype":5,"value":0.41406,"recordDate":1435507200000,"divPayDate":null,"isLock":null,"updated":null},{"symbol":"TDI","date":1427299200000,"type":1,"subtype":5,"value":0.41406,"recordDate":1427644800000,"divPayDate":null,"isLock":null,"updated":null},{"symbol":"TDI","date":1419523200000,"type":1,"subtype":5,"value":0.41406,"recordDate":1419868800000,"divPayDate":null,"isLock":null,"updated":null},{"symbol":"TDI","date":1411574400000,"type":1,"subtype":5,"value":0.41406,"recordDate":1411920000000,"divPayDate":null,"isLock":null,"updated":null},{"symbol":"TDI","date":1403625600000,"type":1,"subtype":5,"value":0.41406,"recordDate":null,"divPayDate":null,"isLock":null,"updated":null},{"symbol":"TDI","date":1395763200000,"type":1,"subtype":5,"value":0.41406,"recordDate":null,"divPayDate":null,"isLock":null,"updated":null},{"symbol":"TDI","date":1387987200000,"type":1,"subtype":5,"value":0.41406,"recordDate":null,"divPayDate":null,"isLock":null,"updated":null},{"symbol":"TDI","date":1380038400000,"type":1,"subtype":5,"value":0.41406,"recordDate":null,"divPayDate":null,"isLock":null,"updated":null},{"symbol":"TDI","date":1372176000000,"type":1,"subtype":5,"value":0.41406,"recordDate":null,"divPayDate":null,"isLock":null,"updated":null},{"symbol":"TDI","date":1364227200000,"type":1,"subtype":5,"value":0.41406,"recordDate":null,"divPayDate":null,"isLock":null,"updated":null},{"symbol":"TDI","date":1356451200000,"type":1,"subtype":5,"value":0.41406,"recordDate":null,"divPayDate":null,"isLock":null,"updated":null},{"symbol":"TDI","date":1348588800000,"type":1,"subtype":5,"value":0.41406,"recordDate":null,"divPayDate":null,"isLock":null,"updated":null},{"symbol":"TDI","date":1340726400000,"type":1,"subtype":5,"value":0.41406,"recordDate":null,"divPayDate":null,"isLock":null,"updated":null}]}