{"list":[{"symbol":"TEO","date":1556812800000,"type":1,"subtype":5,"value":0.32577,"recordDate":null,"divPayDate":null,"isLock":null,"updated":null},{"symbol":"TEO","date":1521388800000,"type":1,"subtype":5,"value":0.78764,"recordDate":null,"divPayDate":null,"isLock":null,"updated":null},{"symbol":"TEO","date":1518451200000,"type":1,"subtype":5,"value":1.50791,"recordDate":1518537600000,"divPayDate":null,"isLock":null,"updated":null},{"symbol":"TEO","date":1514304000000,"type":1,"subtype":5,"value":1.13712,"recordDate":1514390400000,"divPayDate":null,"isLock":null,"updated":null},{"symbol":"TEO","date":1471881600000,"type":1,"subtype":5,"value":0.45043,"recordDate":1472054400000,"divPayDate":null,"isLock":null,"updated":null},{"symbol":"TEO","date":1462809600000,"type":1,"subtype":5,"value":0.19896,"recordDate":1462982400000,"divPayDate":null,"isLock":null,"updated":null},{"symbol":"TEO","date":1430841600000,"type":1,"subtype":5,"value":0.37775,"recordDate":1431014400000,"divPayDate":null,"isLock":null,"updated":null},{"symbol":"TEO","date":1410883200000,"type":1,"subtype":5,"value":0.33127,"recordDate":1411056000000,"divPayDate":null,"isLock":null,"updated":null},{"symbol":"TEO","date":1401897600000,"type":1,"subtype":5,"value":0.30739,"recordDate":null,"divPayDate":null,"isLock":null,"updated":null},{"symbol":"TEO","date":1399219200000,"type":1,"subtype":5,"value":0.31247,"recordDate":null,"divPayDate":null,"isLock":null,"updated":null},{"symbol":"TEO","date":1387728000000,"type":1,"subtype":5,"value":0.68456,"recordDate":null,"divPayDate":null,"isLock":null,"updated":null},{"symbol":"TEO","date":1336406400000,"type":1,"subtype":5,"value":0.8803,"recordDate":null,"divPayDate":null,"isLock":null,"updated":null},{"symbol":"TEO","date":872697600000,"type":2,"subtype":8,"value":2.0,"recordDate":1431014400000,"divPayDate":null,"isLock":null,"updated":null}]}