{"list":[{"symbol":"TESS","date":1558368000000,"type":1,"subtype":5,"value":0.2,"recordDate":1558454400000,"divPayDate":null,"isLock":null,"updated":null},{"symbol":"TESS","date":1549900800000,"type":1,"subtype":5,"value":0.2,"recordDate":1549987200000,"divPayDate":null,"isLock":null,"updated":null},{"symbol":"TESS","date":1542038400000,"type":1,"subtype":5,"value":0.2,"recordDate":1542124800000,"divPayDate":null,"isLock":null,"updated":null},{"symbol":"TESS","date":1532966400000,"type":1,"subtype":5,"value":0.2,"recordDate":1533052800000,"divPayDate":null,"isLock":null,"updated":null},{"symbol":"TESS","date":1526572800000,"type":1,"subtype":5,"value":0.2,"recordDate":1526832000000,"divPayDate":null,"isLock":null,"updated":null},{"symbol":"TESS","date":1518451200000,"type":1,"subtype":5,"value":0.2,"recordDate":1518537600000,"divPayDate":null,"isLock":null,"updated":null},{"symbol":"TESS","date":1509984000000,"type":1,"subtype":5,"value":0.2,"recordDate":1510070400000,"divPayDate":null,"isLock":null,"updated":null},{"symbol":"TESS","date":1502035200000,"type":1,"subtype":5,"value":0.2,"recordDate":1502208000000,"divPayDate":null,"isLock":null,"updated":null},{"symbol":"TESS","date":1495382400000,"type":1,"subtype":5,"value":0.2,"recordDate":1495555200000,"divPayDate":null,"isLock":null,"updated":null},{"symbol":"TESS","date":1486915200000,"type":1,"subtype":5,"value":0.2,"recordDate":1487088000000,"divPayDate":null,"isLock":null,"updated":null},{"symbol":"TESS","date":1478448000000,"type":1,"subtype":5,"value":0.2,"recordDate":1478620800000,"divPayDate":null,"isLock":null,"updated":null},{"symbol":"TESS","date":1469980800000,"type":1,"subtype":5,"value":0.2,"recordDate":1470153600000,"divPayDate":null,"isLock":null,"updated":null},{"symbol":"TESS","date":1463932800000,"type":1,"subtype":5,"value":0.2,"recordDate":1464105600000,"divPayDate":null,"isLock":null,"updated":null},{"symbol":"TESS","date":1454860800000,"type":1,"subtype":5,"value":0.2,"recordDate":1455033600000,"divPayDate":null,"isLock":null,"updated":null},{"symbol":"TESS","date":1446739200000,"type":1,"subtype":5,"value":0.2,"recordDate":1447171200000,"divPayDate":null,"isLock":null,"updated":null},{"symbol":"TESS","date":1438099200000,"type":1,"subtype":5,"value":0.2,"recordDate":1438272000000,"divPayDate":null,"isLock":null,"updated":null},{"symbol":"TESS","date":1431878400000,"type":1,"subtype":5,"value":0.2,"recordDate":1432051200000,"divPayDate":null,"isLock":null,"updated":null},{"symbol":"TESS","date":1422806400000,"type":1,"subtype":5,"value":0.2,"recordDate":1422979200000,"divPayDate":null,"isLock":null,"updated":null},{"symbol":"TESS","date":1414944000000,"type":1,"subtype":5,"value":0.2,"recordDate":1415116800000,"divPayDate":null,"isLock":null,"updated":null},{"symbol":"TESS","date":1407081600000,"type":1,"subtype":5,"value":0.2,"recordDate":1407254400000,"divPayDate":null,"isLock":null,"updated":null},{"symbol":"TESS","date":1400515200000,"type":1,"subtype":5,"value":0.2,"recordDate":null,"divPayDate":null,"isLock":null,"updated":null},{"symbol":"TESS","date":1391356800000,"type":1,"subtype":5,"value":0.2,"recordDate":null,"divPayDate":null,"isLock":null,"updated":null},{"symbol":"TESS","date":1383494400000,"type":1,"subtype":5,"value":0.18,"recordDate":null,"divPayDate":null,"isLock":null,"updated":null},{"symbol":"TESS","date":1375632000000,"type":1,"subtype":5,"value":0.18,"recordDate":null,"divPayDate":null,"isLock":null,"updated":null},{"symbol":"TESS","date":1368979200000,"type":1,"subtype":5,"value":0.18,"recordDate":null,"divPayDate":null,"isLock":null,"updated":null},{"symbol":"TESS","date":1359302400000,"type":1,"subtype":5,"value":0.18,"recordDate":null,"divPayDate":null,"isLock":null,"updated":null},{"symbol":"TESS","date":1355155200000,"type":1,"subtype":5,"value":0.75,"recordDate":null,"divPayDate":null,"isLock":null,"updated":null},{"symbol":"TESS","date":1352390400000,"type":1,"subtype":5,"value":0.18,"recordDate":null,"divPayDate":null,"isLock":null,"updated":null},{"symbol":"TESS","date":1344182400000,"type":1,"subtype":5,"value":0.18,"recordDate":null,"divPayDate":null,"isLock":null,"updated":null},{"symbol":"TESS","date":1274889600000,"type":2,"subtype":8,"value":1.5,"recordDate":1438272000000,"divPayDate":null,"isLock":null,"updated":null},{"symbol":"TESS","date":1164816000000,"type":2,"subtype":8,"value":1.5,"recordDate":null,"divPayDate":null,"isLock":null,"updated":null}]}