{"list":[{"symbol":"TEVA","date":1511712000000,"type":1,"subtype":5,"value":0.07225,"recordDate":1511798400000,"divPayDate":null,"isLock":null,"updated":null},{"symbol":"TEVA","date":1503590400000,"type":1,"subtype":5,"value":0.07225,"recordDate":1503936000000,"divPayDate":null,"isLock":null,"updated":null},{"symbol":"TEVA","date":1496246400000,"type":1,"subtype":5,"value":0.289,"recordDate":1496592000000,"divPayDate":null,"isLock":null,"updated":null},{"symbol":"TEVA","date":1488211200000,"type":1,"subtype":5,"value":0.289,"recordDate":1488384000000,"divPayDate":null,"isLock":null,"updated":null},{"symbol":"TEVA","date":1480521600000,"type":1,"subtype":5,"value":0.289,"recordDate":1480867200000,"divPayDate":null,"isLock":null,"updated":null},{"symbol":"TEVA","date":1471449600000,"type":1,"subtype":5,"value":0.289,"recordDate":1471795200000,"divPayDate":null,"isLock":null,"updated":null},{"symbol":"TEVA","date":1463673600000,"type":1,"subtype":5,"value":0.289,"recordDate":1464019200000,"divPayDate":null,"isLock":null,"updated":null},{"symbol":"TEVA","date":1456329600000,"type":1,"subtype":5,"value":0.289,"recordDate":1456675200000,"divPayDate":null,"isLock":null,"updated":null},{"symbol":"TEVA","date":1447344000000,"type":1,"subtype":5,"value":0.289,"recordDate":1447689600000,"divPayDate":null,"isLock":null,"updated":null},{"symbol":"TEVA","date":1439827200000,"type":1,"subtype":5,"value":0.289,"recordDate":1440000000000,"divPayDate":null,"isLock":null,"updated":null},{"symbol":"TEVA","date":1431619200000,"type":1,"subtype":5,"value":0.289,"recordDate":1431964800000,"divPayDate":null,"isLock":null,"updated":null},{"symbol":"TEVA","date":1424102400000,"type":1,"subtype":5,"value":0.29364,"recordDate":1424275200000,"divPayDate":null,"isLock":null,"updated":null},{"symbol":"TEVA","date":1415808000000,"type":1,"subtype":5,"value":0.26959,"recordDate":1416153600000,"divPayDate":null,"isLock":null,"updated":null},{"symbol":"TEVA","date":1408377600000,"type":1,"subtype":5,"value":0.29111,"recordDate":1408550400000,"divPayDate":null,"isLock":null,"updated":null},{"symbol":"TEVA","date":1400169600000,"type":1,"subtype":5,"value":0.29777,"recordDate":null,"divPayDate":null,"isLock":null,"updated":null},{"symbol":"TEVA","date":1392825600000,"type":1,"subtype":5,"value":0.29302,"recordDate":null,"divPayDate":null,"isLock":null,"updated":null},{"symbol":"TEVA","date":1384704000000,"type":1,"subtype":5,"value":0.27754,"recordDate":null,"divPayDate":null,"isLock":null,"updated":null},{"symbol":"TEVA","date":1376582400000,"type":1,"subtype":5,"value":0.27366,"recordDate":null,"divPayDate":null,"isLock":null,"updated":null},{"symbol":"TEVA","date":1368633600000,"type":1,"subtype":5,"value":0.26825,"recordDate":null,"divPayDate":null,"isLock":null,"updated":null},{"symbol":"TEVA","date":1361203200000,"type":1,"subtype":5,"value":0.26686,"recordDate":null,"divPayDate":null,"isLock":null,"updated":null},{"symbol":"TEVA","date":1352736000000,"type":1,"subtype":5,"value":0.2024,"recordDate":null,"divPayDate":null,"isLock":null,"updated":null},{"symbol":"TEVA","date":1344787200000,"type":1,"subtype":5,"value":0.20828,"recordDate":null,"divPayDate":null,"isLock":null,"updated":null},{"symbol":"TEVA","date":1088611200000,"type":2,"subtype":8,"value":2.0,"recordDate":1440000000000,"divPayDate":null,"isLock":null,"updated":null},{"symbol":"TEVA","date":1039104000000,"type":2,"subtype":8,"value":2.0,"recordDate":null,"divPayDate":null,"isLock":null,"updated":null},{"symbol":"TEVA","date":951235200000,"type":2,"subtype":8,"value":2.0,"recordDate":null,"divPayDate":null,"isLock":null,"updated":null}]}