{"list":[{"symbol":"TG","date":1560355200000,"type":1,"subtype":5,"value":0.11,"recordDate":1560441600000,"divPayDate":null,"isLock":null,"updated":null},{"symbol":"TG","date":1552492800000,"type":1,"subtype":5,"value":0.11,"recordDate":1552579200000,"divPayDate":null,"isLock":null,"updated":null},{"symbol":"TG","date":1544630400000,"type":1,"subtype":5,"value":0.11,"recordDate":1544716800000,"divPayDate":null,"isLock":null,"updated":null},{"symbol":"TG","date":1536768000000,"type":1,"subtype":5,"value":0.11,"recordDate":1536854400000,"divPayDate":null,"isLock":null,"updated":null},{"symbol":"TG","date":1528905600000,"type":1,"subtype":5,"value":0.11,"recordDate":1528992000000,"divPayDate":null,"isLock":null,"updated":null},{"symbol":"TG","date":1521043200000,"type":1,"subtype":5,"value":0.11,"recordDate":1521129600000,"divPayDate":null,"isLock":null,"updated":null},{"symbol":"TG","date":1513180800000,"type":1,"subtype":5,"value":0.11,"recordDate":1513267200000,"divPayDate":null,"isLock":null,"updated":null},{"symbol":"TG","date":1505318400000,"type":1,"subtype":5,"value":0.11,"recordDate":1505404800000,"divPayDate":null,"isLock":null,"updated":null},{"symbol":"TG","date":1497369600000,"type":1,"subtype":5,"value":0.11,"recordDate":1497542400000,"divPayDate":null,"isLock":null,"updated":null},{"symbol":"TG","date":1489507200000,"type":1,"subtype":5,"value":0.11,"recordDate":1489680000000,"divPayDate":null,"isLock":null,"updated":null},{"symbol":"TG","date":1481644800000,"type":1,"subtype":5,"value":0.11,"recordDate":1481817600000,"divPayDate":null,"isLock":null,"updated":null},{"symbol":"TG","date":1473782400000,"type":1,"subtype":5,"value":0.11,"recordDate":1473955200000,"divPayDate":null,"isLock":null,"updated":null},{"symbol":"TG","date":1465920000000,"type":1,"subtype":5,"value":0.11,"recordDate":1466092800000,"divPayDate":null,"isLock":null,"updated":null},{"symbol":"TG","date":1458057600000,"type":1,"subtype":5,"value":0.11,"recordDate":1458230400000,"divPayDate":null,"isLock":null,"updated":null},{"symbol":"TG","date":1450195200000,"type":1,"subtype":5,"value":0.11,"recordDate":1450368000000,"divPayDate":null,"isLock":null,"updated":null},{"symbol":"TG","date":1442332800000,"type":1,"subtype":5,"value":0.11,"recordDate":1442505600000,"divPayDate":null,"isLock":null,"updated":null},{"symbol":"TG","date":1434470400000,"type":1,"subtype":5,"value":0.11,"recordDate":1434643200000,"divPayDate":null,"isLock":null,"updated":null},{"symbol":"TG","date":1426608000000,"type":1,"subtype":5,"value":0.09,"recordDate":1426780800000,"divPayDate":null,"isLock":null,"updated":null},{"symbol":"TG","date":1418140800000,"type":1,"subtype":5,"value":0.09,"recordDate":1418313600000,"divPayDate":null,"isLock":null,"updated":null},{"symbol":"TG","date":1410278400000,"type":1,"subtype":5,"value":0.09,"recordDate":1410451200000,"divPayDate":null,"isLock":null,"updated":null},{"symbol":"TG","date":1402416000000,"type":1,"subtype":5,"value":0.09,"recordDate":null,"divPayDate":null,"isLock":null,"updated":null},{"symbol":"TG","date":1394553600000,"type":1,"subtype":5,"value":0.07,"recordDate":null,"divPayDate":null,"isLock":null,"updated":null},{"symbol":"TG","date":1386691200000,"type":1,"subtype":5,"value":0.07,"recordDate":null,"divPayDate":null,"isLock":null,"updated":null},{"symbol":"TG","date":1378828800000,"type":1,"subtype":5,"value":0.07,"recordDate":null,"divPayDate":null,"isLock":null,"updated":null},{"symbol":"TG","date":1370966400000,"type":1,"subtype":5,"value":0.07,"recordDate":null,"divPayDate":null,"isLock":null,"updated":null},{"symbol":"TG","date":1363104000000,"type":1,"subtype":5,"value":0.07,"recordDate":null,"divPayDate":null,"isLock":null,"updated":null},{"symbol":"TG","date":1355241600000,"type":1,"subtype":5,"value":0.06,"recordDate":null,"divPayDate":null,"isLock":null,"updated":null},{"symbol":"TG","date":1354636800000,"type":1,"subtype":5,"value":0.75,"recordDate":null,"divPayDate":null,"isLock":null,"updated":null},{"symbol":"TG","date":1347379200000,"type":1,"subtype":5,"value":0.06,"recordDate":null,"divPayDate":null,"isLock":null,"updated":null},{"symbol":"TG","date":899308800000,"type":2,"subtype":8,"value":3.0,"recordDate":1434643200000,"divPayDate":null,"isLock":null,"updated":null},{"symbol":"TG","date":820598400000,"type":2,"subtype":8,"value":1.5,"recordDate":null,"divPayDate":null,"isLock":null,"updated":null}]}