{"list":[{"symbol":"TGLS","date":1556467200000,"type":1,"subtype":5,"value":0.14,"recordDate":1556553600000,"divPayDate":null,"isLock":null,"updated":null},{"symbol":"TGLS","date":1548777600000,"type":1,"subtype":5,"value":0.14,"recordDate":1548864000000,"divPayDate":null,"isLock":null,"updated":null},{"symbol":"TGLS","date":1540396800000,"type":2,"subtype":7,"value":0.14,"recordDate":null,"divPayDate":null,"isLock":null,"updated":null},{"symbol":"TGLS","date":1540396800000,"type":1,"subtype":5,"value":0.14,"recordDate":1540483200000,"divPayDate":null,"isLock":null,"updated":null},{"symbol":"TGLS","date":1530115200000,"type":2,"subtype":7,"value":0.14,"recordDate":null,"divPayDate":null,"isLock":null,"updated":null},{"symbol":"TGLS","date":1530115200000,"type":1,"subtype":5,"value":0.14,"recordDate":null,"divPayDate":null,"isLock":null,"updated":null},{"symbol":"TGLS","date":1522166400000,"type":1,"subtype":5,"value":0.14,"recordDate":1522252800000,"divPayDate":null,"isLock":null,"updated":null},{"symbol":"TGLS","date":1514390400000,"type":2,"subtype":7,"value":0.14,"recordDate":1514476800000,"divPayDate":null,"isLock":null,"updated":null},{"symbol":"TGLS","date":1514390400000,"type":1,"subtype":5,"value":0.14,"recordDate":null,"divPayDate":null,"isLock":null,"updated":null},{"symbol":"TGLS","date":1506528000000,"type":1,"subtype":5,"value":0.14,"recordDate":1506614400000,"divPayDate":null,"isLock":null,"updated":null},{"symbol":"TGLS","date":1498579200000,"type":2,"subtype":7,"value":0.125,"recordDate":1498752000000,"divPayDate":null,"isLock":null,"updated":null},{"symbol":"TGLS","date":1498579200000,"type":1,"subtype":5,"value":0.125,"recordDate":1498752000000,"divPayDate":null,"isLock":null,"updated":null},{"symbol":"TGLS","date":1490716800000,"type":1,"subtype":5,"value":0.125,"recordDate":1490889600000,"divPayDate":null,"isLock":null,"updated":null},{"symbol":"TGLS","date":1482768000000,"type":1,"subtype":5,"value":0.125,"recordDate":1482940800000,"divPayDate":null,"isLock":null,"updated":null},{"symbol":"TGLS","date":1474387200000,"type":1,"subtype":5,"value":0.125,"recordDate":1474560000000,"divPayDate":null,"isLock":null,"updated":null}]}