{"list":[{"symbol":"TK","date":1548864000000,"type":1,"subtype":5,"value":0.055,"recordDate":1548950400000,"divPayDate":null,"isLock":null,"updated":null},{"symbol":"TK","date":1541001600000,"type":1,"subtype":5,"value":0.055,"recordDate":1541088000000,"divPayDate":null,"isLock":null,"updated":null},{"symbol":"TK","date":1533139200000,"type":1,"subtype":5,"value":0.055,"recordDate":1533225600000,"divPayDate":null,"isLock":null,"updated":null},{"symbol":"TK","date":1525276800000,"type":1,"subtype":5,"value":0.055,"recordDate":1525363200000,"divPayDate":null,"isLock":null,"updated":null},{"symbol":"TK","date":1517414400000,"type":1,"subtype":5,"value":0.055,"recordDate":1517500800000,"divPayDate":null,"isLock":null,"updated":null},{"symbol":"TK","date":1509552000000,"type":1,"subtype":5,"value":0.055,"recordDate":1509638400000,"divPayDate":null,"isLock":null,"updated":null},{"symbol":"TK","date":1501603200000,"type":1,"subtype":5,"value":0.055,"recordDate":1501776000000,"divPayDate":null,"isLock":null,"updated":null},{"symbol":"TK","date":1493740800000,"type":1,"subtype":5,"value":0.055,"recordDate":1493913600000,"divPayDate":null,"isLock":null,"updated":null},{"symbol":"TK","date":1485273600000,"type":1,"subtype":5,"value":0.055,"recordDate":1485446400000,"divPayDate":null,"isLock":null,"updated":null},{"symbol":"TK","date":1477411200000,"type":1,"subtype":5,"value":0.055,"recordDate":1477584000000,"divPayDate":null,"isLock":null,"updated":null},{"symbol":"TK","date":1469548800000,"type":1,"subtype":5,"value":0.055,"recordDate":1469721600000,"divPayDate":null,"isLock":null,"updated":null},{"symbol":"TK","date":1461686400000,"type":1,"subtype":5,"value":0.055,"recordDate":1461859200000,"divPayDate":null,"isLock":null,"updated":null},{"symbol":"TK","date":1454428800000,"type":1,"subtype":5,"value":0.055,"recordDate":1454601600000,"divPayDate":null,"isLock":null,"updated":null},{"symbol":"TK","date":1444752000000,"type":1,"subtype":5,"value":0.55,"recordDate":1444924800000,"divPayDate":null,"isLock":null,"updated":null},{"symbol":"TK","date":1436889600000,"type":1,"subtype":5,"value":0.55,"recordDate":1437062400000,"divPayDate":null,"isLock":null,"updated":null},{"symbol":"TK","date":1429027200000,"type":1,"subtype":5,"value":0.31625,"recordDate":1429200000000,"divPayDate":null,"isLock":null,"updated":null},{"symbol":"TK","date":1421251200000,"type":1,"subtype":5,"value":0.31625,"recordDate":1421683200000,"divPayDate":null,"isLock":null,"updated":null},{"symbol":"TK","date":1413302400000,"type":1,"subtype":5,"value":0.31625,"recordDate":1413475200000,"divPayDate":null,"isLock":null,"updated":null},{"symbol":"TK","date":1405440000000,"type":1,"subtype":5,"value":0.31625,"recordDate":1405612800000,"divPayDate":null,"isLock":null,"updated":null},{"symbol":"TK","date":1397491200000,"type":1,"subtype":5,"value":0.31625,"recordDate":null,"divPayDate":null,"isLock":null,"updated":null},{"symbol":"TK","date":1389715200000,"type":1,"subtype":5,"value":0.31625,"recordDate":null,"divPayDate":null,"isLock":null,"updated":null},{"symbol":"TK","date":1381420800000,"type":1,"subtype":5,"value":0.31625,"recordDate":null,"divPayDate":null,"isLock":null,"updated":null},{"symbol":"TK","date":1373558400000,"type":1,"subtype":5,"value":0.31625,"recordDate":null,"divPayDate":null,"isLock":null,"updated":null},{"symbol":"TK","date":1365696000000,"type":1,"subtype":5,"value":0.31625,"recordDate":null,"divPayDate":null,"isLock":null,"updated":null},{"symbol":"TK","date":1361980800000,"type":1,"subtype":5,"value":0.03,"recordDate":null,"divPayDate":null,"isLock":null,"updated":null},{"symbol":"TK","date":1358092800000,"type":1,"subtype":5,"value":0.31625,"recordDate":null,"divPayDate":null,"isLock":null,"updated":null},{"symbol":"TK","date":1350230400000,"type":1,"subtype":5,"value":0.31625,"recordDate":null,"divPayDate":null,"isLock":null,"updated":null},{"symbol":"TK","date":1342108800000,"type":1,"subtype":5,"value":0.31625,"recordDate":null,"divPayDate":null,"isLock":null,"updated":null},{"symbol":"TK","date":1084809600000,"type":2,"subtype":8,"value":2.0,"recordDate":1437062400000,"divPayDate":null,"isLock":null,"updated":null}]}