{"list":[{"symbol":"TLK","date":1560182400000,"type":1,"subtype":5,"value":0.91883,"recordDate":null,"divPayDate":null,"isLock":null,"updated":null},{"symbol":"TLK","date":1525968000000,"type":1,"subtype":5,"value":0.9784,"recordDate":null,"divPayDate":null,"isLock":null,"updated":null},{"symbol":"TLK","date":1493827200000,"type":1,"subtype":5,"value":0.70135,"recordDate":1494172800000,"divPayDate":null,"isLock":null,"updated":null},{"symbol":"TLK","date":1481731200000,"type":1,"subtype":5,"value":0.09935,"recordDate":1482076800000,"divPayDate":null,"isLock":null,"updated":null},{"symbol":"TLK","date":1477411200000,"type":2,"subtype":8,"value":2.0,"recordDate":1462464000000,"divPayDate":null,"isLock":null,"updated":null},{"symbol":"TLK","date":1462291200000,"type":1,"subtype":5,"value":0.56817,"recordDate":1462464000000,"divPayDate":null,"isLock":null,"updated":null},{"symbol":"TLK","date":1430150400000,"type":1,"subtype":5,"value":1.10015,"recordDate":1430323200000,"divPayDate":null,"isLock":null,"updated":null},{"symbol":"TLK","date":1398700800000,"type":1,"subtype":5,"value":1.46929,"recordDate":null,"divPayDate":null,"isLock":null,"updated":null},{"symbol":"TLK","date":1369756800000,"type":1,"subtype":5,"value":1.41846,"recordDate":null,"divPayDate":null,"isLock":null,"updated":null},{"symbol":"TLK","date":1338825600000,"type":1,"subtype":5,"value":1.27651,"recordDate":null,"divPayDate":null,"isLock":null,"updated":null},{"symbol":"TLK","date":930672000000,"type":2,"subtype":8,"value":1.08,"recordDate":1430323200000,"divPayDate":null,"isLock":null,"updated":null}]}