{"list":[{"symbol":"TMST","date":1440432000000,"type":1,"subtype":5,"value":0.14,"recordDate":1440604800000,"divPayDate":null,"isLock":null,"updated":null},{"symbol":"TMST","date":1431964800000,"type":1,"subtype":5,"value":0.14,"recordDate":1432137600000,"divPayDate":null,"isLock":null,"updated":null},{"symbol":"TMST","date":1423584000000,"type":1,"subtype":5,"value":0.14,"recordDate":1423756800000,"divPayDate":null,"isLock":null,"updated":null},{"symbol":"TMST","date":1416412800000,"type":1,"subtype":5,"value":0.14,"recordDate":1416758400000,"divPayDate":null,"isLock":null,"updated":null},{"symbol":"TMST","date":1408291200000,"type":1,"subtype":5,"value":0.14,"recordDate":1408464000000,"divPayDate":null,"isLock":null,"updated":null}]}