{"list":[{"symbol":"TOT","date":1559836800000,"type":1,"subtype":5,"value":0.58791,"recordDate":null,"divPayDate":null,"isLock":null,"updated":null},{"symbol":"TOT","date":1552579200000,"type":1,"subtype":5,"value":0.59182,"recordDate":null,"divPayDate":null,"isLock":null,"updated":null},{"symbol":"TOT","date":1544716800000,"type":1,"subtype":5,"value":0.61738,"recordDate":null,"divPayDate":null,"isLock":null,"updated":null},{"symbol":"TOT","date":1537459200000,"type":1,"subtype":5,"value":0.61961,"recordDate":null,"divPayDate":null,"isLock":null,"updated":null},{"symbol":"TOT","date":1528300800000,"type":1,"subtype":5,"value":0.6009,"recordDate":null,"divPayDate":null,"isLock":null,"updated":null},{"symbol":"TOT","date":1521043200000,"type":2,"subtype":7,"value":0.76365,"recordDate":null,"divPayDate":null,"isLock":null,"updated":null},{"symbol":"TOT","date":1521043200000,"type":1,"subtype":5,"value":0.63947,"recordDate":null,"divPayDate":null,"isLock":null,"updated":null},{"symbol":"TOT","date":1513267200000,"type":2,"subtype":7,"value":0.73395,"recordDate":1513526400000,"divPayDate":null,"isLock":null,"updated":null},{"symbol":"TOT","date":1513267200000,"type":1,"subtype":5,"value":0.62801,"recordDate":1513526400000,"divPayDate":null,"isLock":null,"updated":null},{"symbol":"TOT","date":1505923200000,"type":1,"subtype":5,"value":0.61778,"recordDate":1506009600000,"divPayDate":null,"isLock":null,"updated":null},{"symbol":"TOT","date":1496160000000,"type":1,"subtype":5,"value":0.58153,"recordDate":1496332800000,"divPayDate":null,"isLock":null,"updated":null},{"symbol":"TOT","date":1489507200000,"type":1,"subtype":5,"value":0.54658,"recordDate":1489680000000,"divPayDate":null,"isLock":null,"updated":null},{"symbol":"TOT","date":1481817600000,"type":1,"subtype":5,"value":0.54622,"recordDate":1482163200000,"divPayDate":null,"isLock":null,"updated":null},{"symbol":"TOT","date":1474473600000,"type":1,"subtype":5,"value":0.56431,"recordDate":1474819200000,"divPayDate":null,"isLock":null,"updated":null},{"symbol":"TOT","date":1464710400000,"type":1,"subtype":5,"value":0.58303,"recordDate":1464883200000,"divPayDate":null,"isLock":null,"updated":null},{"symbol":"TOT","date":1458057600000,"type":1,"subtype":5,"value":0.5836,"recordDate":1458230400000,"divPayDate":null,"isLock":null,"updated":null},{"symbol":"TOT","date":1450195200000,"type":1,"subtype":5,"value":0.55679,"recordDate":1450368000000,"divPayDate":null,"isLock":null,"updated":null},{"symbol":"TOT","date":1442937600000,"type":1,"subtype":5,"value":0.58277,"recordDate":1443110400000,"divPayDate":null,"isLock":null,"updated":null},{"symbol":"TOT","date":1433260800000,"type":1,"subtype":5,"value":0.56945,"recordDate":1433433600000,"divPayDate":null,"isLock":null,"updated":null},{"symbol":"TOT","date":1426608000000,"type":1,"subtype":5,"value":0.56373,"recordDate":1426780800000,"divPayDate":null,"isLock":null,"updated":null},{"symbol":"TOT","date":1418140800000,"type":1,"subtype":5,"value":0.6351,"recordDate":1418313600000,"divPayDate":null,"isLock":null,"updated":null},{"symbol":"TOT","date":1410969600000,"type":1,"subtype":5,"value":0.6522,"recordDate":1411315200000,"divPayDate":null,"isLock":null,"updated":null},{"symbol":"TOT","date":1401206400000,"type":1,"subtype":5,"value":0.69641,"recordDate":null,"divPayDate":null,"isLock":null,"updated":null},{"symbol":"TOT","date":1395158400000,"type":1,"subtype":5,"value":0.6848,"recordDate":null,"divPayDate":null,"isLock":null,"updated":null},{"symbol":"TOT","date":1386691200000,"type":1,"subtype":5,"value":0.67978,"recordDate":null,"divPayDate":null,"isLock":null,"updated":null},{"symbol":"TOT","date":1379520000000,"type":1,"subtype":5,"value":0.6682,"recordDate":null,"divPayDate":null,"isLock":null,"updated":null},{"symbol":"TOT","date":1371571200000,"type":1,"subtype":5,"value":0.64596,"recordDate":null,"divPayDate":null,"isLock":null,"updated":null},{"symbol":"TOT","date":1363104000000,"type":1,"subtype":5,"value":0.64131,"recordDate":null,"divPayDate":null,"isLock":null,"updated":null},{"symbol":"TOT","date":1355241600000,"type":1,"subtype":5,"value":0.6576,"recordDate":null,"divPayDate":null,"isLock":null,"updated":null},{"symbol":"TOT","date":1347984000000,"type":1,"subtype":5,"value":0.61902,"recordDate":null,"divPayDate":null,"isLock":null,"updated":null},{"symbol":"TOT","date":1148313600000,"type":2,"subtype":8,"value":2.0,"recordDate":1433433600000,"divPayDate":null,"isLock":null,"updated":null}]}