{"list":[{"symbol":"TR","date":1560441600000,"type":1,"subtype":5,"value":0.09,"recordDate":1560700800000,"divPayDate":null,"isLock":null,"updated":null},{"symbol":"TR","date":1551628800000,"type":2,"subtype":8,"value":1.03,"recordDate":null,"divPayDate":null,"isLock":null,"updated":null},{"symbol":"TR","date":1551628800000,"type":1,"subtype":5,"value":0.09,"recordDate":1551715200000,"divPayDate":null,"isLock":null,"updated":null},{"symbol":"TR","date":1544716800000,"type":1,"subtype":5,"value":0.09,"recordDate":1544976000000,"divPayDate":null,"isLock":null,"updated":null},{"symbol":"TR","date":1538582400000,"type":1,"subtype":5,"value":0.09,"recordDate":null,"divPayDate":null,"isLock":null,"updated":null},{"symbol":"TR","date":1528992000000,"type":1,"subtype":5,"value":0.09,"recordDate":1529251200000,"divPayDate":null,"isLock":null,"updated":null},{"symbol":"TR","date":1520179200000,"type":2,"subtype":8,"value":1.03,"recordDate":1520265600000,"divPayDate":null,"isLock":null,"updated":null},{"symbol":"TR","date":1520179200000,"type":1,"subtype":5,"value":0.09,"recordDate":1520265600000,"divPayDate":null,"isLock":null,"updated":null},{"symbol":"TR","date":1513267200000,"type":1,"subtype":5,"value":0.09,"recordDate":1513526400000,"divPayDate":null,"isLock":null,"updated":null},{"symbol":"TR","date":1506614400000,"type":1,"subtype":5,"value":0.09,"recordDate":1506873600000,"divPayDate":null,"isLock":null,"updated":null},{"symbol":"TR","date":1497456000000,"type":1,"subtype":5,"value":0.09,"recordDate":1497801600000,"divPayDate":null,"isLock":null,"updated":null},{"symbol":"TR","date":1488470400000,"type":2,"subtype":8,"value":1.03,"recordDate":1488816000000,"divPayDate":null,"isLock":null,"updated":null},{"symbol":"TR","date":1488470400000,"type":1,"subtype":5,"value":0.09,"recordDate":1488816000000,"divPayDate":null,"isLock":null,"updated":null},{"symbol":"TR","date":1481731200000,"type":1,"subtype":5,"value":0.09,"recordDate":1482076800000,"divPayDate":null,"isLock":null,"updated":null},{"symbol":"TR","date":1475596800000,"type":1,"subtype":5,"value":0.09,"recordDate":1476028800000,"divPayDate":null,"isLock":null,"updated":null},{"symbol":"TR","date":1466006400000,"type":1,"subtype":5,"value":0.09,"recordDate":1466352000000,"divPayDate":null,"isLock":null,"updated":null},{"symbol":"TR","date":1457020800000,"type":2,"subtype":8,"value":1.03,"recordDate":1457366400000,"divPayDate":null,"isLock":null,"updated":null},{"symbol":"TR","date":1457020800000,"type":1,"subtype":5,"value":0.09,"recordDate":1457366400000,"divPayDate":null,"isLock":null,"updated":null},{"symbol":"TR","date":1450281600000,"type":1,"subtype":5,"value":0.09,"recordDate":1450627200000,"divPayDate":null,"isLock":null,"updated":null},{"symbol":"TR","date":1443628800000,"type":1,"subtype":5,"value":0.09,"recordDate":1443974400000,"divPayDate":null,"isLock":null,"updated":null},{"symbol":"TR","date":1433952000000,"type":1,"subtype":5,"value":0.09,"recordDate":1434297600000,"divPayDate":null,"isLock":null,"updated":null},{"symbol":"TR","date":1425571200000,"type":2,"subtype":8,"value":1.03,"recordDate":1434297600000,"divPayDate":null,"isLock":null,"updated":null},{"symbol":"TR","date":1425571200000,"type":1,"subtype":5,"value":0.08,"recordDate":1425916800000,"divPayDate":null,"isLock":null,"updated":null},{"symbol":"TR","date":1418832000000,"type":1,"subtype":5,"value":0.08,"recordDate":1419177600000,"divPayDate":null,"isLock":null,"updated":null},{"symbol":"TR","date":1412179200000,"type":1,"subtype":5,"value":0.08,"recordDate":1412524800000,"divPayDate":null,"isLock":null,"updated":null},{"symbol":"TR","date":1402502400000,"type":1,"subtype":5,"value":0.08,"recordDate":null,"divPayDate":null,"isLock":null,"updated":null},{"symbol":"TR","date":1393516800000,"type":2,"subtype":8,"value":1.03,"recordDate":1425916800000,"divPayDate":null,"isLock":null,"updated":null},{"symbol":"TR","date":1393516800000,"type":1,"subtype":5,"value":0.08,"recordDate":null,"divPayDate":null,"isLock":null,"updated":null},{"symbol":"TR","date":1387382400000,"type":1,"subtype":5,"value":0.08,"recordDate":null,"divPayDate":null,"isLock":null,"updated":null},{"symbol":"TR","date":1380729600000,"type":1,"subtype":5,"value":0.08,"recordDate":null,"divPayDate":null,"isLock":null,"updated":null},{"symbol":"TR","date":1371052800000,"type":1,"subtype":5,"value":0.08,"recordDate":null,"divPayDate":null,"isLock":null,"updated":null},{"symbol":"TR","date":1362067200000,"type":2,"subtype":8,"value":1.03,"recordDate":null,"divPayDate":null,"isLock":null,"updated":null},{"symbol":"TR","date":1362067200000,"type":1,"subtype":5,"value":0.08,"recordDate":null,"divPayDate":null,"isLock":null,"updated":null},{"symbol":"TR","date":1355328000000,"type":1,"subtype":5,"value":0.58,"recordDate":null,"divPayDate":null,"isLock":null,"updated":null},{"symbol":"TR","date":1348675200000,"type":1,"subtype":5,"value":0.08,"recordDate":null,"divPayDate":null,"isLock":null,"updated":null},{"symbol":"TR","date":1339603200000,"type":1,"subtype":5,"value":0.08,"recordDate":null,"divPayDate":null,"isLock":null,"updated":null},{"symbol":"TR","date":1330617600000,"type":2,"subtype":8,"value":1.03,"recordDate":null,"divPayDate":null,"isLock":null,"updated":null},{"symbol":"TR","date":1299168000000,"type":2,"subtype":8,"value":1.03,"recordDate":null,"divPayDate":null,"isLock":null,"updated":null},{"symbol":"TR","date":1267718400000,"type":2,"subtype":8,"value":1.03,"recordDate":null,"divPayDate":null,"isLock":null,"updated":null}]}