{"list":[{"symbol":"TRMD","date":1503504000000,"type":1,"subtype":5,"value":0.02,"recordDate":null,"divPayDate":null,"isLock":null,"updated":null},{"symbol":"TRMD","date":1353945600000,"type":2,"subtype":7,"value":0.1,"recordDate":null,"divPayDate":null,"isLock":null,"updated":null},{"symbol":"TRMD","date":1240416000000,"type":1,"subtype":5,"value":4.84,"recordDate":null,"divPayDate":null,"isLock":null,"updated":null},{"symbol":"TRMD","date":1180627200000,"type":2,"subtype":8,"value":2.0,"recordDate":null,"divPayDate":null,"isLock":null,"updated":null},{"symbol":"TRMD","date":1084204800000,"type":2,"subtype":8,"value":2.0,"recordDate":null,"divPayDate":null,"isLock":null,"updated":null}]}