{"list":[{"symbol":"TSCAP","date":1560355200000,"type":1,"subtype":5,"value":0.42187,"recordDate":null,"divPayDate":null,"isLock":null,"updated":null},{"symbol":"TSCAP","date":1552579200000,"type":1,"subtype":5,"value":0.42187,"recordDate":null,"divPayDate":null,"isLock":null,"updated":null},{"symbol":"TSCAP","date":1544976000000,"type":1,"subtype":5,"value":0.42187,"recordDate":null,"divPayDate":null,"isLock":null,"updated":null},{"symbol":"TSCAP","date":1536768000000,"type":1,"subtype":5,"value":0.42187,"recordDate":null,"divPayDate":null,"isLock":null,"updated":null},{"symbol":"TSCAP","date":1528905600000,"type":1,"subtype":5,"value":0.47344,"recordDate":null,"divPayDate":null,"isLock":null,"updated":null}]}