{"list":[{"symbol":"TSCO","date":1558627200000,"type":1,"subtype":5,"value":0.35,"recordDate":1558972800000,"divPayDate":null,"isLock":null,"updated":null},{"symbol":"TSCO","date":1550764800000,"type":1,"subtype":5,"value":0.31,"recordDate":1551024000000,"divPayDate":null,"isLock":null,"updated":null},{"symbol":"TSCO","date":1542902400000,"type":1,"subtype":5,"value":0.31,"recordDate":1543161600000,"divPayDate":null,"isLock":null,"updated":null},{"symbol":"TSCO","date":1535040000000,"type":1,"subtype":5,"value":0.31,"recordDate":1535299200000,"divPayDate":null,"isLock":null,"updated":null},{"symbol":"TSCO","date":1527177600000,"type":1,"subtype":5,"value":0.31,"recordDate":1527523200000,"divPayDate":null,"isLock":null,"updated":null},{"symbol":"TSCO","date":1519315200000,"type":1,"subtype":5,"value":0.27,"recordDate":1519574400000,"divPayDate":null,"isLock":null,"updated":null},{"symbol":"TSCO","date":1510848000000,"type":1,"subtype":5,"value":0.27,"recordDate":1511107200000,"divPayDate":null,"isLock":null,"updated":null},{"symbol":"TSCO","date":1502899200000,"type":1,"subtype":5,"value":0.27,"recordDate":1503244800000,"divPayDate":null,"isLock":null,"updated":null},{"symbol":"TSCO","date":1495036800000,"type":1,"subtype":5,"value":0.27,"recordDate":1495382400000,"divPayDate":null,"isLock":null,"updated":null},{"symbol":"TSCO","date":1487779200000,"type":1,"subtype":5,"value":0.24,"recordDate":1488124800000,"divPayDate":null,"isLock":null,"updated":null},{"symbol":"TSCO","date":1478620800000,"type":1,"subtype":5,"value":0.24,"recordDate":1479052800000,"divPayDate":null,"isLock":null,"updated":null},{"symbol":"TSCO","date":1470844800000,"type":1,"subtype":5,"value":0.24,"recordDate":1471190400000,"divPayDate":null,"isLock":null,"updated":null},{"symbol":"TSCO","date":1462982400000,"type":1,"subtype":5,"value":0.24,"recordDate":1463328000000,"divPayDate":null,"isLock":null,"updated":null},{"symbol":"TSCO","date":1455724800000,"type":1,"subtype":5,"value":0.2,"recordDate":1456070400000,"divPayDate":null,"isLock":null,"updated":null},{"symbol":"TSCO","date":1447257600000,"type":1,"subtype":5,"value":0.2,"recordDate":1447603200000,"divPayDate":null,"isLock":null,"updated":null},{"symbol":"TSCO","date":1439395200000,"type":1,"subtype":5,"value":0.2,"recordDate":1439740800000,"divPayDate":null,"isLock":null,"updated":null},{"symbol":"TSCO","date":1431532800000,"type":1,"subtype":5,"value":0.2,"recordDate":1431878400000,"divPayDate":null,"isLock":null,"updated":null},{"symbol":"TSCO","date":1424275200000,"type":1,"subtype":5,"value":0.16,"recordDate":1424620800000,"divPayDate":null,"isLock":null,"updated":null},{"symbol":"TSCO","date":1415808000000,"type":1,"subtype":5,"value":0.16,"recordDate":1416153600000,"divPayDate":null,"isLock":null,"updated":null},{"symbol":"TSCO","date":1407945600000,"type":1,"subtype":5,"value":0.16,"recordDate":1408291200000,"divPayDate":null,"isLock":null,"updated":null},{"symbol":"TSCO","date":1400083200000,"type":1,"subtype":5,"value":0.16,"recordDate":null,"divPayDate":null,"isLock":null,"updated":null},{"symbol":"TSCO","date":1392825600000,"type":1,"subtype":5,"value":0.13,"recordDate":null,"divPayDate":null,"isLock":null,"updated":null},{"symbol":"TSCO","date":1384358400000,"type":1,"subtype":5,"value":0.13,"recordDate":null,"divPayDate":null,"isLock":null,"updated":null},{"symbol":"TSCO","date":1380211200000,"type":2,"subtype":8,"value":2.0,"recordDate":1439740800000,"divPayDate":null,"isLock":null,"updated":null},{"symbol":"TSCO","date":1376496000000,"type":1,"subtype":5,"value":0.13,"recordDate":null,"divPayDate":null,"isLock":null,"updated":null},{"symbol":"TSCO","date":1368633600000,"type":1,"subtype":5,"value":0.26,"recordDate":null,"divPayDate":null,"isLock":null,"updated":null},{"symbol":"TSCO","date":1361376000000,"type":1,"subtype":5,"value":0.2,"recordDate":null,"divPayDate":null,"isLock":null,"updated":null},{"symbol":"TSCO","date":1352908800000,"type":1,"subtype":5,"value":0.2,"recordDate":null,"divPayDate":null,"isLock":null,"updated":null},{"symbol":"TSCO","date":1345046400000,"type":1,"subtype":5,"value":0.2,"recordDate":null,"divPayDate":null,"isLock":null,"updated":null},{"symbol":"TSCO","date":1283443200000,"type":2,"subtype":8,"value":2.0,"recordDate":null,"divPayDate":null,"isLock":null,"updated":null},{"symbol":"TSCO","date":1061481600000,"type":2,"subtype":8,"value":2.0,"recordDate":null,"divPayDate":null,"isLock":null,"updated":null},{"symbol":"TSCO","date":1029772800000,"type":2,"subtype":8,"value":2.0,"recordDate":null,"divPayDate":null,"isLock":null,"updated":null}]}