{"list":[{"symbol":"TSLF","date":1565798400000,"type":1,"subtype":5,"value":0.101,"recordDate":null,"divPayDate":null,"isLock":null,"updated":null},{"symbol":"TSLF","date":1560441600000,"type":1,"subtype":5,"value":0.101,"recordDate":1560700800000,"divPayDate":null,"isLock":null,"updated":null},{"symbol":"TSLF","date":1557936000000,"type":1,"subtype":5,"value":0.101,"recordDate":1558022400000,"divPayDate":null,"isLock":null,"updated":null},{"symbol":"TSLF","date":1555344000000,"type":1,"subtype":5,"value":0.101,"recordDate":1555430400000,"divPayDate":null,"isLock":null,"updated":null},{"symbol":"TSLF","date":1552579200000,"type":1,"subtype":5,"value":0.101,"recordDate":1552838400000,"divPayDate":null,"isLock":null,"updated":null},{"symbol":"TSLF","date":1550073600000,"type":1,"subtype":5,"value":0.101,"recordDate":1550160000000,"divPayDate":null,"isLock":null,"updated":null},{"symbol":"TSLF","date":1547654400000,"type":1,"subtype":5,"value":0.101,"recordDate":1547740800000,"divPayDate":null,"isLock":null,"updated":null},{"symbol":"TSLF","date":1544716800000,"type":1,"subtype":5,"value":0.101,"recordDate":1544976000000,"divPayDate":null,"isLock":null,"updated":null},{"symbol":"TSLF","date":1542297600000,"type":1,"subtype":5,"value":0.096,"recordDate":1542556800000,"divPayDate":null,"isLock":null,"updated":null},{"symbol":"TSLF","date":1539792000000,"type":1,"subtype":5,"value":0.096,"recordDate":1539878400000,"divPayDate":null,"isLock":null,"updated":null},{"symbol":"TSLF","date":1536854400000,"type":1,"subtype":5,"value":0.096,"recordDate":1537113600000,"divPayDate":null,"isLock":null,"updated":null},{"symbol":"TSLF","date":1534435200000,"type":1,"subtype":5,"value":0.096,"recordDate":1534694400000,"divPayDate":null,"isLock":null,"updated":null},{"symbol":"TSLF","date":1531843200000,"type":1,"subtype":5,"value":0.096,"recordDate":null,"divPayDate":null,"isLock":null,"updated":null},{"symbol":"TSLF","date":1528992000000,"type":1,"subtype":5,"value":0.096,"recordDate":1529251200000,"divPayDate":null,"isLock":null,"updated":null},{"symbol":"TSLF","date":1526486400000,"type":1,"subtype":5,"value":0.096,"recordDate":1526572800000,"divPayDate":null,"isLock":null,"updated":null},{"symbol":"TSLF","date":1523548800000,"type":1,"subtype":5,"value":0.096,"recordDate":1523808000000,"divPayDate":null,"isLock":null,"updated":null},{"symbol":"TSLF","date":1521043200000,"type":1,"subtype":5,"value":0.096,"recordDate":1521129600000,"divPayDate":null,"isLock":null,"updated":null},{"symbol":"TSLF","date":1518624000000,"type":1,"subtype":5,"value":0.096,"recordDate":1518710400000,"divPayDate":null,"isLock":null,"updated":null},{"symbol":"TSLF","date":1516204800000,"type":1,"subtype":5,"value":0.096,"recordDate":1516291200000,"divPayDate":null,"isLock":null,"updated":null},{"symbol":"TSLF","date":1513267200000,"type":1,"subtype":5,"value":0.096,"recordDate":1513526400000,"divPayDate":null,"isLock":null,"updated":null},{"symbol":"TSLF","date":1510848000000,"type":1,"subtype":5,"value":0.096,"recordDate":1511107200000,"divPayDate":null,"isLock":null,"updated":null},{"symbol":"TSLF","date":1508256000000,"type":1,"subtype":5,"value":0.096,"recordDate":1508342400000,"divPayDate":null,"isLock":null,"updated":null},{"symbol":"TSLF","date":1505404800000,"type":1,"subtype":5,"value":0.096,"recordDate":1505664000000,"divPayDate":null,"isLock":null,"updated":null},{"symbol":"TSLF","date":1502899200000,"type":1,"subtype":5,"value":0.105,"recordDate":1503244800000,"divPayDate":null,"isLock":null,"updated":null},{"symbol":"TSLF","date":1499961600000,"type":1,"subtype":5,"value":0.105,"recordDate":1500307200000,"divPayDate":null,"isLock":null,"updated":null},{"symbol":"TSLF","date":1497456000000,"type":1,"subtype":5,"value":0.105,"recordDate":1497801600000,"divPayDate":null,"isLock":null,"updated":null},{"symbol":"TSLF","date":1494950400000,"type":1,"subtype":5,"value":0.105,"recordDate":1495123200000,"divPayDate":null,"isLock":null,"updated":null},{"symbol":"TSLF","date":1491926400000,"type":1,"subtype":5,"value":0.105,"recordDate":1492358400000,"divPayDate":null,"isLock":null,"updated":null},{"symbol":"TSLF","date":1489507200000,"type":1,"subtype":5,"value":0.105,"recordDate":1489680000000,"divPayDate":null,"isLock":null,"updated":null},{"symbol":"TSLF","date":1487174400000,"type":1,"subtype":5,"value":0.105,"recordDate":1487606400000,"divPayDate":null,"isLock":null,"updated":null},{"symbol":"TSLF","date":1484668800000,"type":1,"subtype":5,"value":0.105,"recordDate":1484841600000,"divPayDate":null,"isLock":null,"updated":null},{"symbol":"TSLF","date":1481731200000,"type":1,"subtype":5,"value":0.105,"recordDate":1482076800000,"divPayDate":null,"isLock":null,"updated":null},{"symbol":"TSLF","date":1479139200000,"type":1,"subtype":5,"value":0.105,"recordDate":1479312000000,"divPayDate":null,"isLock":null,"updated":null},{"symbol":"TSLF","date":1476374400000,"type":1,"subtype":5,"value":0.105,"recordDate":1476720000000,"divPayDate":null,"isLock":null,"updated":null},{"symbol":"TSLF","date":1473868800000,"type":1,"subtype":5,"value":0.105,"recordDate":1474214400000,"divPayDate":null,"isLock":null,"updated":null},{"symbol":"TSLF","date":1471363200000,"type":1,"subtype":5,"value":0.105,"recordDate":1471536000000,"divPayDate":null,"isLock":null,"updated":null},{"symbol":"TSLF","date":1468425600000,"type":1,"subtype":5,"value":0.105,"recordDate":1468771200000,"divPayDate":null,"isLock":null,"updated":null},{"symbol":"TSLF","date":1465920000000,"type":1,"subtype":5,"value":0.105,"recordDate":1466092800000,"divPayDate":null,"isLock":null,"updated":null},{"symbol":"TSLF","date":1463328000000,"type":1,"subtype":5,"value":0.105,"recordDate":1463500800000,"divPayDate":null,"isLock":null,"updated":null},{"symbol":"TSLF","date":1460563200000,"type":1,"subtype":5,"value":0.105,"recordDate":1460908800000,"divPayDate":null,"isLock":null,"updated":null},{"symbol":"TSLF","date":1458057600000,"type":1,"subtype":5,"value":0.105,"recordDate":1458230400000,"divPayDate":null,"isLock":null,"updated":null},{"symbol":"TSLF","date":1455206400000,"type":1,"subtype":5,"value":0.11,"recordDate":1455638400000,"divPayDate":null,"isLock":null,"updated":null},{"symbol":"TSLF","date":1453132800000,"type":1,"subtype":5,"value":0.11,"recordDate":1453305600000,"divPayDate":null,"isLock":null,"updated":null},{"symbol":"TSLF","date":1450195200000,"type":1,"subtype":5,"value":0.11,"recordDate":1450368000000,"divPayDate":null,"isLock":null,"updated":null},{"symbol":"TSLF","date":1447344000000,"type":1,"subtype":5,"value":0.11,"recordDate":1447689600000,"divPayDate":null,"isLock":null,"updated":null},{"symbol":"TSLF","date":1444924800000,"type":1,"subtype":5,"value":0.11,"recordDate":1445270400000,"divPayDate":null,"isLock":null,"updated":null},{"symbol":"TSLF","date":1442332800000,"type":1,"subtype":5,"value":0.11,"recordDate":1442505600000,"divPayDate":null,"isLock":null,"updated":null},{"symbol":"TSLF","date":1439740800000,"type":1,"subtype":5,"value":0.11,"recordDate":1439913600000,"divPayDate":null,"isLock":null,"updated":null},{"symbol":"TSLF","date":1436889600000,"type":1,"subtype":5,"value":0.11,"recordDate":1437062400000,"divPayDate":null,"isLock":null,"updated":null},{"symbol":"TSLF","date":1434384000000,"type":1,"subtype":5,"value":0.11,"recordDate":1434556800000,"divPayDate":null,"isLock":null,"updated":null},{"symbol":"TSLF","date":1431532800000,"type":1,"subtype":5,"value":0.11,"recordDate":1431878400000,"divPayDate":null,"isLock":null,"updated":null},{"symbol":"TSLF","date":1429027200000,"type":1,"subtype":5,"value":0.11,"recordDate":1429200000000,"divPayDate":null,"isLock":null,"updated":null},{"symbol":"TSLF","date":1426521600000,"type":1,"subtype":5,"value":0.119,"recordDate":1426694400000,"divPayDate":null,"isLock":null,"updated":null},{"symbol":"TSLF","date":1423670400000,"type":1,"subtype":5,"value":0.119,"recordDate":1424102400000,"divPayDate":null,"isLock":null,"updated":null},{"symbol":"TSLF","date":1421251200000,"type":1,"subtype":5,"value":0.119,"recordDate":1421683200000,"divPayDate":null,"isLock":null,"updated":null},{"symbol":"TSLF","date":1418659200000,"type":1,"subtype":5,"value":0.119,"recordDate":1418832000000,"divPayDate":null,"isLock":null,"updated":null},{"symbol":"TSLF","date":1415894400000,"type":1,"subtype":5,"value":0.119,"recordDate":1416240000000,"divPayDate":null,"isLock":null,"updated":null},{"symbol":"TSLF","date":1413388800000,"type":1,"subtype":5,"value":0.119,"recordDate":1413734400000,"divPayDate":null,"isLock":null,"updated":null},{"symbol":"TSLF","date":1410796800000,"type":1,"subtype":5,"value":0.119,"recordDate":1410969600000,"divPayDate":null,"isLock":null,"updated":null},{"symbol":"TSLF","date":1408032000000,"type":1,"subtype":5,"value":0.119,"recordDate":1408377600000,"divPayDate":null,"isLock":null,"updated":null},{"symbol":"TSLF","date":1405526400000,"type":1,"subtype":5,"value":0.119,"recordDate":null,"divPayDate":null,"isLock":null,"updated":null},{"symbol":"TSLF","date":1402848000000,"type":1,"subtype":5,"value":0.119,"recordDate":null,"divPayDate":null,"isLock":null,"updated":null},{"symbol":"TSLF","date":1400083200000,"type":1,"subtype":5,"value":0.119,"recordDate":null,"divPayDate":null,"isLock":null,"updated":null},{"symbol":"TSLF","date":1397577600000,"type":1,"subtype":5,"value":0.119,"recordDate":null,"divPayDate":null,"isLock":null,"updated":null},{"symbol":"TSLF","date":1394985600000,"type":1,"subtype":5,"value":0.119,"recordDate":null,"divPayDate":null,"isLock":null,"updated":null},{"symbol":"TSLF","date":1392307200000,"type":1,"subtype":5,"value":0.119,"recordDate":null,"divPayDate":null,"isLock":null,"updated":null},{"symbol":"TSLF","date":1389801600000,"type":1,"subtype":5,"value":0.119,"recordDate":null,"divPayDate":null,"isLock":null,"updated":null},{"symbol":"TSLF","date":1387123200000,"type":1,"subtype":5,"value":0.119,"recordDate":null,"divPayDate":null,"isLock":null,"updated":null},{"symbol":"TSLF","date":1384358400000,"type":1,"subtype":5,"value":0.119,"recordDate":null,"divPayDate":null,"isLock":null,"updated":null}]}