{"list":[{"symbol":"TUR","date":1560700800000,"type":1,"subtype":5,"value":0.59181,"recordDate":null,"divPayDate":null,"isLock":null,"updated":null},{"symbol":"TUR","date":1545062400000,"type":1,"subtype":5,"value":0.07636,"recordDate":null,"divPayDate":null,"isLock":null,"updated":null},{"symbol":"TUR","date":1529337600000,"type":1,"subtype":5,"value":0.91905,"recordDate":null,"divPayDate":null,"isLock":null,"updated":null},{"symbol":"TUR","date":1513612800000,"type":1,"subtype":5,"value":0.11738,"recordDate":1498060800000,"divPayDate":null,"isLock":null,"updated":null},{"symbol":"TUR","date":1497888000000,"type":1,"subtype":5,"value":1.028,"recordDate":1482422400000,"divPayDate":null,"isLock":null,"updated":null},{"symbol":"TUR","date":1482249600000,"type":1,"subtype":5,"value":0.05124,"recordDate":1466697600000,"divPayDate":null,"isLock":null,"updated":null},{"symbol":"TUR","date":1466524800000,"type":1,"subtype":5,"value":0.88604,"recordDate":1450800000000,"divPayDate":null,"isLock":null,"updated":null},{"symbol":"TUR","date":1450627200000,"type":1,"subtype":5,"value":0.01077,"recordDate":1435507200000,"divPayDate":null,"isLock":null,"updated":null},{"symbol":"TUR","date":1435161600000,"type":1,"subtype":5,"value":1.09461,"recordDate":1435507200000,"divPayDate":null,"isLock":null,"updated":null},{"symbol":"TUR","date":1403625600000,"type":1,"subtype":5,"value":0.88359,"recordDate":1403798400000,"divPayDate":null,"isLock":null,"updated":null},{"symbol":"TUR","date":1372262400000,"type":1,"subtype":5,"value":1.11705,"recordDate":null,"divPayDate":null,"isLock":null,"updated":null},{"symbol":"TUR","date":1340208000000,"type":1,"subtype":5,"value":1.01309,"recordDate":null,"divPayDate":null,"isLock":null,"updated":null}]}