{"list":[{"symbol":"TUSA","date":1560441600000,"type":1,"subtype":5,"value":0.0787,"recordDate":null,"divPayDate":null,"isLock":null,"updated":null},{"symbol":"TUSA","date":1553097600000,"type":1,"subtype":5,"value":0.0786,"recordDate":null,"divPayDate":null,"isLock":null,"updated":null},{"symbol":"TUSA","date":1545062400000,"type":1,"subtype":5,"value":0.1179,"recordDate":null,"divPayDate":null,"isLock":null,"updated":null},{"symbol":"TUSA","date":1536854400000,"type":1,"subtype":5,"value":0.0627,"recordDate":null,"divPayDate":null,"isLock":null,"updated":null},{"symbol":"TUSA","date":1529510400000,"type":1,"subtype":5,"value":0.0943,"recordDate":null,"divPayDate":null,"isLock":null,"updated":null},{"symbol":"TUSA","date":1521648000000,"type":1,"subtype":5,"value":0.0597,"recordDate":null,"divPayDate":null,"isLock":null,"updated":null},{"symbol":"TUSA","date":1513785600000,"type":1,"subtype":5,"value":0.0937,"recordDate":1513872000000,"divPayDate":null,"isLock":null,"updated":null},{"symbol":"TUSA","date":1505923200000,"type":1,"subtype":5,"value":0.0471,"recordDate":1498406400000,"divPayDate":null,"isLock":null,"updated":null},{"symbol":"TUSA","date":1498060800000,"type":1,"subtype":5,"value":0.0408,"recordDate":1498406400000,"divPayDate":null,"isLock":null,"updated":null},{"symbol":"TUSA","date":1490198400000,"type":1,"subtype":5,"value":0.0812,"recordDate":1482422400000,"divPayDate":null,"isLock":null,"updated":null},{"symbol":"TUSA","date":1482249600000,"type":1,"subtype":5,"value":0.1461,"recordDate":1474560000000,"divPayDate":null,"isLock":null,"updated":null},{"symbol":"TUSA","date":1474387200000,"type":1,"subtype":5,"value":0.0666,"recordDate":1466697600000,"divPayDate":null,"isLock":null,"updated":null},{"symbol":"TUSA","date":1466524800000,"type":1,"subtype":5,"value":0.0629,"recordDate":1466697600000,"divPayDate":null,"isLock":null,"updated":null},{"symbol":"TUSA","date":1458662400000,"type":1,"subtype":5,"value":0.0704,"recordDate":1451232000000,"divPayDate":null,"isLock":null,"updated":null},{"symbol":"TUSA","date":1450800000000,"type":1,"subtype":5,"value":0.0782,"recordDate":1451232000000,"divPayDate":null,"isLock":null,"updated":null},{"symbol":"TUSA","date":1442937600000,"type":1,"subtype":5,"value":0.0366,"recordDate":1435248000000,"divPayDate":null,"isLock":null,"updated":null},{"symbol":"TUSA","date":1435075200000,"type":1,"subtype":5,"value":0.0558,"recordDate":1427385600000,"divPayDate":null,"isLock":null,"updated":null},{"symbol":"TUSA","date":1427212800000,"type":1,"subtype":5,"value":0.0625,"recordDate":1427385600000,"divPayDate":null,"isLock":null,"updated":null},{"symbol":"TUSA","date":1419264000000,"type":1,"subtype":5,"value":0.0873,"recordDate":1419523200000,"divPayDate":null,"isLock":null,"updated":null}]}