{"list":[{"symbol":"TXN","date":1556812800000,"type":1,"subtype":5,"value":0.77,"recordDate":1557072000000,"divPayDate":null,"isLock":null,"updated":null},{"symbol":"TXN","date":1548777600000,"type":1,"subtype":5,"value":0.77,"recordDate":1548864000000,"divPayDate":null,"isLock":null,"updated":null},{"symbol":"TXN","date":1540828800000,"type":1,"subtype":5,"value":0.77,"recordDate":1540915200000,"divPayDate":null,"isLock":null,"updated":null},{"symbol":"TXN","date":1532880000000,"type":1,"subtype":5,"value":0.62,"recordDate":1532966400000,"divPayDate":null,"isLock":null,"updated":null},{"symbol":"TXN","date":1525363200000,"type":1,"subtype":5,"value":0.62,"recordDate":1525622400000,"divPayDate":null,"isLock":null,"updated":null},{"symbol":"TXN","date":1517241600000,"type":1,"subtype":5,"value":0.62,"recordDate":1517328000000,"divPayDate":null,"isLock":null,"updated":null},{"symbol":"TXN","date":1509292800000,"type":1,"subtype":5,"value":0.62,"recordDate":1509379200000,"divPayDate":null,"isLock":null,"updated":null},{"symbol":"TXN","date":1501084800000,"type":1,"subtype":5,"value":0.5,"recordDate":1501430400000,"divPayDate":null,"isLock":null,"updated":null},{"symbol":"TXN","date":1493222400000,"type":1,"subtype":5,"value":0.5,"recordDate":1493568000000,"divPayDate":null,"isLock":null,"updated":null},{"symbol":"TXN","date":1485446400000,"type":1,"subtype":5,"value":0.5,"recordDate":1485792000000,"divPayDate":null,"isLock":null,"updated":null},{"symbol":"TXN","date":1478102400000,"type":1,"subtype":5,"value":0.5,"recordDate":1478448000000,"divPayDate":null,"isLock":null,"updated":null},{"symbol":"TXN","date":1469635200000,"type":1,"subtype":5,"value":0.38,"recordDate":1469980800000,"divPayDate":null,"isLock":null,"updated":null},{"symbol":"TXN","date":1461772800000,"type":1,"subtype":5,"value":0.38,"recordDate":1462118400000,"divPayDate":null,"isLock":null,"updated":null},{"symbol":"TXN","date":1453910400000,"type":1,"subtype":5,"value":0.38,"recordDate":1454256000000,"divPayDate":null,"isLock":null,"updated":null},{"symbol":"TXN","date":1445961600000,"type":1,"subtype":5,"value":0.38,"recordDate":1446134400000,"divPayDate":null,"isLock":null,"updated":null},{"symbol":"TXN","date":1438099200000,"type":1,"subtype":5,"value":0.34,"recordDate":1438272000000,"divPayDate":null,"isLock":null,"updated":null},{"symbol":"TXN","date":1430150400000,"type":1,"subtype":5,"value":0.34,"recordDate":1430323200000,"divPayDate":null,"isLock":null,"updated":null},{"symbol":"TXN","date":1422374400000,"type":1,"subtype":5,"value":0.34,"recordDate":1422547200000,"divPayDate":null,"isLock":null,"updated":null},{"symbol":"TXN","date":1414512000000,"type":1,"subtype":5,"value":0.34,"recordDate":1414684800000,"divPayDate":null,"isLock":null,"updated":null},{"symbol":"TXN","date":1406563200000,"type":1,"subtype":5,"value":0.3,"recordDate":1406736000000,"divPayDate":null,"isLock":null,"updated":null},{"symbol":"TXN","date":1398614400000,"type":1,"subtype":5,"value":0.3,"recordDate":null,"divPayDate":null,"isLock":null,"updated":null},{"symbol":"TXN","date":1390924800000,"type":1,"subtype":5,"value":0.3,"recordDate":null,"divPayDate":null,"isLock":null,"updated":null},{"symbol":"TXN","date":1382976000000,"type":1,"subtype":5,"value":0.3,"recordDate":null,"divPayDate":null,"isLock":null,"updated":null},{"symbol":"TXN","date":1375027200000,"type":1,"subtype":5,"value":0.28,"recordDate":null,"divPayDate":null,"isLock":null,"updated":null},{"symbol":"TXN","date":1366905600000,"type":1,"subtype":5,"value":0.28,"recordDate":null,"divPayDate":null,"isLock":null,"updated":null},{"symbol":"TXN","date":1359388800000,"type":1,"subtype":5,"value":0.21,"recordDate":null,"divPayDate":null,"isLock":null,"updated":null},{"symbol":"TXN","date":1351440000000,"type":1,"subtype":5,"value":0.21,"recordDate":null,"divPayDate":null,"isLock":null,"updated":null},{"symbol":"TXN","date":1343318400000,"type":1,"subtype":5,"value":0.17,"recordDate":null,"divPayDate":null,"isLock":null,"updated":null},{"symbol":"TXN","date":959011200000,"type":2,"subtype":8,"value":2.0,"recordDate":1438272000000,"divPayDate":null,"isLock":null,"updated":null},{"symbol":"TXN","date":934819200000,"type":2,"subtype":8,"value":2.0,"recordDate":null,"divPayDate":null,"isLock":null,"updated":null},{"symbol":"TXN","date":880300800000,"type":2,"subtype":8,"value":2.0,"recordDate":null,"divPayDate":null,"isLock":null,"updated":null}]}