{"list":[{"symbol":"UFCS","date":1559145600000,"type":1,"subtype":5,"value":0.33,"recordDate":1559232000000,"divPayDate":null,"isLock":null,"updated":null},{"symbol":"UFCS","date":1551283200000,"type":1,"subtype":5,"value":0.31,"recordDate":1551369600000,"divPayDate":null,"isLock":null,"updated":null},{"symbol":"UFCS","date":1543420800000,"type":1,"subtype":5,"value":0.31,"recordDate":1543507200000,"divPayDate":null,"isLock":null,"updated":null},{"symbol":"UFCS","date":1535558400000,"type":1,"subtype":5,"value":0.31,"recordDate":1535644800000,"divPayDate":null,"isLock":null,"updated":null},{"symbol":"UFCS","date":1533139200000,"type":1,"subtype":5,"value":3.0,"recordDate":1533225600000,"divPayDate":null,"isLock":null,"updated":null},{"symbol":"UFCS","date":1527696000000,"type":1,"subtype":5,"value":0.31,"recordDate":1527782400000,"divPayDate":null,"isLock":null,"updated":null},{"symbol":"UFCS","date":1520265600000,"type":1,"subtype":5,"value":0.28,"recordDate":1520352000000,"divPayDate":null,"isLock":null,"updated":null},{"symbol":"UFCS","date":1511971200000,"type":1,"subtype":5,"value":0.28,"recordDate":1512057600000,"divPayDate":null,"isLock":null,"updated":null},{"symbol":"UFCS","date":1504022400000,"type":1,"subtype":5,"value":0.28,"recordDate":1504195200000,"divPayDate":null,"isLock":null,"updated":null},{"symbol":"UFCS","date":1496073600000,"type":1,"subtype":5,"value":0.28,"recordDate":1496246400000,"divPayDate":null,"isLock":null,"updated":null},{"symbol":"UFCS","date":1488124800000,"type":1,"subtype":5,"value":0.25,"recordDate":1488297600000,"divPayDate":null,"isLock":null,"updated":null},{"symbol":"UFCS","date":1480348800000,"type":1,"subtype":5,"value":0.25,"recordDate":1480521600000,"divPayDate":null,"isLock":null,"updated":null},{"symbol":"UFCS","date":1472486400000,"type":1,"subtype":5,"value":0.25,"recordDate":1472659200000,"divPayDate":null,"isLock":null,"updated":null},{"symbol":"UFCS","date":1464278400000,"type":1,"subtype":5,"value":0.25,"recordDate":1464710400000,"divPayDate":null,"isLock":null,"updated":null},{"symbol":"UFCS","date":1456416000000,"type":1,"subtype":5,"value":0.22,"recordDate":1456761600000,"divPayDate":null,"isLock":null,"updated":null},{"symbol":"UFCS","date":1448553600000,"type":1,"subtype":5,"value":0.22,"recordDate":1448899200000,"divPayDate":null,"isLock":null,"updated":null},{"symbol":"UFCS","date":1440691200000,"type":1,"subtype":5,"value":0.22,"recordDate":1441036800000,"divPayDate":null,"isLock":null,"updated":null},{"symbol":"UFCS","date":1432742400000,"type":1,"subtype":5,"value":0.22,"recordDate":1433088000000,"divPayDate":null,"isLock":null,"updated":null},{"symbol":"UFCS","date":1424880000000,"type":1,"subtype":5,"value":0.2,"recordDate":1425225600000,"divPayDate":null,"isLock":null,"updated":null},{"symbol":"UFCS","date":1416931200000,"type":1,"subtype":5,"value":0.2,"recordDate":1417363200000,"divPayDate":null,"isLock":null,"updated":null},{"symbol":"UFCS","date":1409155200000,"type":1,"subtype":5,"value":0.2,"recordDate":1409587200000,"divPayDate":null,"isLock":null,"updated":null},{"symbol":"UFCS","date":1401292800000,"type":1,"subtype":5,"value":0.2,"recordDate":null,"divPayDate":null,"isLock":null,"updated":null},{"symbol":"UFCS","date":1393430400000,"type":1,"subtype":5,"value":0.18,"recordDate":null,"divPayDate":null,"isLock":null,"updated":null},{"symbol":"UFCS","date":1385481600000,"type":1,"subtype":5,"value":0.18,"recordDate":null,"divPayDate":null,"isLock":null,"updated":null},{"symbol":"UFCS","date":1377705600000,"type":1,"subtype":5,"value":0.18,"recordDate":null,"divPayDate":null,"isLock":null,"updated":null},{"symbol":"UFCS","date":1369756800000,"type":1,"subtype":5,"value":0.18,"recordDate":null,"divPayDate":null,"isLock":null,"updated":null},{"symbol":"UFCS","date":1361894400000,"type":1,"subtype":5,"value":0.15,"recordDate":null,"divPayDate":null,"isLock":null,"updated":null},{"symbol":"UFCS","date":1355241600000,"type":1,"subtype":5,"value":0.15,"recordDate":null,"divPayDate":null,"isLock":null,"updated":null},{"symbol":"UFCS","date":1346169600000,"type":1,"subtype":5,"value":0.15,"recordDate":null,"divPayDate":null,"isLock":null,"updated":null},{"symbol":"UFCS","date":1103126400000,"type":2,"subtype":8,"value":2.0,"recordDate":1433088000000,"divPayDate":null,"isLock":null,"updated":null},{"symbol":"UFCS","date":821030400000,"type":2,"subtype":8,"value":1.5,"recordDate":null,"divPayDate":null,"isLock":null,"updated":null},{"symbol":"UFCS","date":789321600000,"type":2,"subtype":8,"value":1.5,"recordDate":null,"divPayDate":null,"isLock":null,"updated":null}]}