{"list":[{"symbol":"USDP","date":1557072000000,"type":1,"subtype":5,"value":0.3625,"recordDate":null,"divPayDate":null,"isLock":null,"updated":null},{"symbol":"USDP","date":1549555200000,"type":1,"subtype":5,"value":0.36,"recordDate":1549814400000,"divPayDate":null,"isLock":null,"updated":null},{"symbol":"USDP","date":1541347200000,"type":1,"subtype":5,"value":0.3575,"recordDate":null,"divPayDate":null,"isLock":null,"updated":null},{"symbol":"USDP","date":1533484800000,"type":1,"subtype":5,"value":0.355,"recordDate":1533571200000,"divPayDate":null,"isLock":null,"updated":null},{"symbol":"USDP","date":1525363200000,"type":1,"subtype":5,"value":0.3525,"recordDate":null,"divPayDate":null,"isLock":null,"updated":null},{"symbol":"USDP","date":1518105600000,"type":1,"subtype":5,"value":0.35,"recordDate":null,"divPayDate":null,"isLock":null,"updated":null},{"symbol":"USDP","date":1509638400000,"type":1,"subtype":5,"value":0.345,"recordDate":null,"divPayDate":null,"isLock":null,"updated":null},{"symbol":"USDP","date":1501689600000,"type":1,"subtype":5,"value":0.34,"recordDate":1502035200000,"divPayDate":null,"isLock":null,"updated":null},{"symbol":"USDP","date":1493827200000,"type":1,"subtype":5,"value":0.335,"recordDate":1494172800000,"divPayDate":null,"isLock":null,"updated":null},{"symbol":"USDP","date":1486569600000,"type":1,"subtype":5,"value":0.33,"recordDate":1486915200000,"divPayDate":null,"isLock":null,"updated":null},{"symbol":"USDP","date":1478102400000,"type":1,"subtype":5,"value":0.3225,"recordDate":1478448000000,"divPayDate":null,"isLock":null,"updated":null},{"symbol":"USDP","date":1470240000000,"type":1,"subtype":5,"value":0.315,"recordDate":1470585600000,"divPayDate":null,"isLock":null,"updated":null},{"symbol":"USDP","date":1462377600000,"type":1,"subtype":5,"value":0.3075,"recordDate":1462723200000,"divPayDate":null,"isLock":null,"updated":null},{"symbol":"USDP","date":1455033600000,"type":1,"subtype":5,"value":0.3,"recordDate":1455465600000,"divPayDate":null,"isLock":null,"updated":null},{"symbol":"USDP","date":1446652800000,"type":1,"subtype":5,"value":0.2925,"recordDate":1446998400000,"divPayDate":null,"isLock":null,"updated":null},{"symbol":"USDP","date":1438790400000,"type":1,"subtype":5,"value":0.29,"recordDate":1439136000000,"divPayDate":null,"isLock":null,"updated":null},{"symbol":"USDP","date":1430928000000,"type":1,"subtype":5,"value":0.2875,"recordDate":1431273600000,"divPayDate":null,"isLock":null,"updated":null},{"symbol":"USDP","date":1423065600000,"type":1,"subtype":5,"value":0.24375,"recordDate":1423411200000,"divPayDate":null,"isLock":null,"updated":null}]}