{"list":[{"symbol":"UVSP","date":1559491200000,"type":1,"subtype":5,"value":0.2,"recordDate":1559577600000,"divPayDate":null,"isLock":null,"updated":null},{"symbol":"UVSP","date":1552320000000,"type":1,"subtype":5,"value":0.2,"recordDate":1552406400000,"divPayDate":null,"isLock":null,"updated":null},{"symbol":"UVSP","date":1544976000000,"type":1,"subtype":5,"value":0.2,"recordDate":1545062400000,"divPayDate":null,"isLock":null,"updated":null},{"symbol":"UVSP","date":1536595200000,"type":1,"subtype":5,"value":0.2,"recordDate":1536681600000,"divPayDate":null,"isLock":null,"updated":null},{"symbol":"UVSP","date":1528128000000,"type":1,"subtype":5,"value":0.2,"recordDate":1528214400000,"divPayDate":null,"isLock":null,"updated":null},{"symbol":"UVSP","date":1520870400000,"type":1,"subtype":5,"value":0.2,"recordDate":1520956800000,"divPayDate":null,"isLock":null,"updated":null},{"symbol":"UVSP","date":1513267200000,"type":1,"subtype":5,"value":0.2,"recordDate":1513526400000,"divPayDate":null,"isLock":null,"updated":null},{"symbol":"UVSP","date":1505145600000,"type":1,"subtype":5,"value":0.2,"recordDate":1505232000000,"divPayDate":null,"isLock":null,"updated":null},{"symbol":"UVSP","date":1496592000000,"type":1,"subtype":5,"value":0.2,"recordDate":1496764800000,"divPayDate":null,"isLock":null,"updated":null},{"symbol":"UVSP","date":1488729600000,"type":1,"subtype":5,"value":0.2,"recordDate":1488902400000,"divPayDate":null,"isLock":null,"updated":null},{"symbol":"UVSP","date":1480867200000,"type":1,"subtype":5,"value":0.2,"recordDate":1481040000000,"divPayDate":null,"isLock":null,"updated":null},{"symbol":"UVSP","date":1472745600000,"type":1,"subtype":5,"value":0.2,"recordDate":1473177600000,"divPayDate":null,"isLock":null,"updated":null},{"symbol":"UVSP","date":1465142400000,"type":1,"subtype":5,"value":0.2,"recordDate":1465315200000,"divPayDate":null,"isLock":null,"updated":null},{"symbol":"UVSP","date":1457280000000,"type":1,"subtype":5,"value":0.2,"recordDate":1457452800000,"divPayDate":null,"isLock":null,"updated":null},{"symbol":"UVSP","date":1449504000000,"type":1,"subtype":5,"value":0.2,"recordDate":1449676800000,"divPayDate":null,"isLock":null,"updated":null},{"symbol":"UVSP","date":1441641600000,"type":1,"subtype":5,"value":0.2,"recordDate":1441814400000,"divPayDate":null,"isLock":null,"updated":null},{"symbol":"UVSP","date":1433692800000,"type":1,"subtype":5,"value":0.2,"recordDate":1433865600000,"divPayDate":null,"isLock":null,"updated":null},{"symbol":"UVSP","date":1425830400000,"type":1,"subtype":5,"value":0.2,"recordDate":1426003200000,"divPayDate":null,"isLock":null,"updated":null},{"symbol":"UVSP","date":1418054400000,"type":1,"subtype":5,"value":0.2,"recordDate":1418227200000,"divPayDate":null,"isLock":null,"updated":null},{"symbol":"UVSP","date":1410192000000,"type":1,"subtype":5,"value":0.2,"recordDate":1410364800000,"divPayDate":null,"isLock":null,"updated":null},{"symbol":"UVSP","date":1402243200000,"type":1,"subtype":5,"value":0.2,"recordDate":null,"divPayDate":null,"isLock":null,"updated":null},{"symbol":"UVSP","date":1394380800000,"type":1,"subtype":5,"value":0.2,"recordDate":null,"divPayDate":null,"isLock":null,"updated":null},{"symbol":"UVSP","date":1386604800000,"type":1,"subtype":5,"value":0.2,"recordDate":null,"divPayDate":null,"isLock":null,"updated":null},{"symbol":"UVSP","date":1378656000000,"type":1,"subtype":5,"value":0.2,"recordDate":null,"divPayDate":null,"isLock":null,"updated":null},{"symbol":"UVSP","date":1370793600000,"type":1,"subtype":5,"value":0.2,"recordDate":null,"divPayDate":null,"isLock":null,"updated":null},{"symbol":"UVSP","date":1362931200000,"type":1,"subtype":5,"value":0.2,"recordDate":null,"divPayDate":null,"isLock":null,"updated":null},{"symbol":"UVSP","date":1355068800000,"type":1,"subtype":5,"value":0.2,"recordDate":null,"divPayDate":null,"isLock":null,"updated":null},{"symbol":"UVSP","date":1346688000000,"type":1,"subtype":5,"value":0.2,"recordDate":null,"divPayDate":null,"isLock":null,"updated":null},{"symbol":"UVSP","date":1114963200000,"type":2,"subtype":8,"value":1.5,"recordDate":1433865600000,"divPayDate":null,"isLock":null,"updated":null},{"symbol":"UVSP","date":1046620800000,"type":2,"subtype":8,"value":1.25,"recordDate":null,"divPayDate":null,"isLock":null,"updated":null},{"symbol":"UVSP","date":955468800000,"type":2,"subtype":8,"value":1.05,"recordDate":null,"divPayDate":null,"isLock":null,"updated":null}]}