{"list":[{"symbol":"VCIT","date":1559491200000,"type":1,"subtype":5,"value":0.2714,"recordDate":null,"divPayDate":null,"isLock":null,"updated":null},{"symbol":"VCIT","date":1556640000000,"type":1,"subtype":5,"value":0.2517,"recordDate":null,"divPayDate":null,"isLock":null,"updated":null},{"symbol":"VCIT","date":1554048000000,"type":1,"subtype":5,"value":0.2841,"recordDate":null,"divPayDate":null,"isLock":null,"updated":null},{"symbol":"VCIT","date":1551369600000,"type":1,"subtype":5,"value":0.232,"recordDate":null,"divPayDate":null,"isLock":null,"updated":null},{"symbol":"VCIT","date":1548950400000,"type":1,"subtype":5,"value":0.2389,"recordDate":null,"divPayDate":null,"isLock":null,"updated":null},{"symbol":"VCIT","date":1545580800000,"type":1,"subtype":5,"value":0.2749,"recordDate":null,"divPayDate":null,"isLock":null,"updated":null},{"symbol":"VCIT","date":1543766400000,"type":1,"subtype":5,"value":0.2506,"recordDate":null,"divPayDate":null,"isLock":null,"updated":null},{"symbol":"VCIT","date":1541001600000,"type":1,"subtype":5,"value":0.2654,"recordDate":null,"divPayDate":null,"isLock":null,"updated":null},{"symbol":"VCIT","date":1538323200000,"type":1,"subtype":5,"value":0.2478,"recordDate":null,"divPayDate":null,"isLock":null,"updated":null},{"symbol":"VCIT","date":1535990400000,"type":1,"subtype":5,"value":0.2479,"recordDate":null,"divPayDate":null,"isLock":null,"updated":null},{"symbol":"VCIT","date":1533052800000,"type":1,"subtype":5,"value":0.2573,"recordDate":null,"divPayDate":null,"isLock":null,"updated":null},{"symbol":"VCIT","date":1530460800000,"type":1,"subtype":5,"value":0.2398,"recordDate":null,"divPayDate":null,"isLock":null,"updated":null},{"symbol":"VCIT","date":1527782400000,"type":1,"subtype":5,"value":0.2549,"recordDate":null,"divPayDate":null,"isLock":null,"updated":null},{"symbol":"VCIT","date":1525104000000,"type":1,"subtype":5,"value":0.2373,"recordDate":null,"divPayDate":null,"isLock":null,"updated":null},{"symbol":"VCIT","date":1522598400000,"type":1,"subtype":5,"value":0.2703,"recordDate":null,"divPayDate":null,"isLock":null,"updated":null},{"symbol":"VCIT","date":1519833600000,"type":1,"subtype":5,"value":0.2165,"recordDate":1519920000000,"divPayDate":null,"isLock":null,"updated":null},{"symbol":"VCIT","date":1517414400000,"type":1,"subtype":5,"value":0.2262,"recordDate":1517500800000,"divPayDate":null,"isLock":null,"updated":null},{"symbol":"VCIT","date":1514217600000,"type":1,"subtype":5,"value":0.2542,"recordDate":1512316800000,"divPayDate":null,"isLock":null,"updated":null},{"symbol":"VCIT","date":1512057600000,"type":1,"subtype":5,"value":0.238,"recordDate":1512316800000,"divPayDate":null,"isLock":null,"updated":null},{"symbol":"VCIT","date":1509465600000,"type":1,"subtype":5,"value":0.237,"recordDate":1509552000000,"divPayDate":null,"isLock":null,"updated":null},{"symbol":"VCIT","date":1506873600000,"type":1,"subtype":5,"value":0.237,"recordDate":1506960000000,"divPayDate":null,"isLock":null,"updated":null},{"symbol":"VCIT","date":1506614400000,"type":1,"subtype":5,"value":0.237,"recordDate":1504627200000,"divPayDate":null,"isLock":null,"updated":null},{"symbol":"VCIT","date":1504195200000,"type":1,"subtype":5,"value":0.2347,"recordDate":1504627200000,"divPayDate":null,"isLock":null,"updated":null},{"symbol":"VCIT","date":1501516800000,"type":1,"subtype":5,"value":0.234,"recordDate":1501689600000,"divPayDate":null,"isLock":null,"updated":null},{"symbol":"VCIT","date":1499011200000,"type":1,"subtype":5,"value":0.234,"recordDate":1499270400000,"divPayDate":null,"isLock":null,"updated":null},{"symbol":"VCIT","date":1496246400000,"type":1,"subtype":5,"value":0.236,"recordDate":1496592000000,"divPayDate":null,"isLock":null,"updated":null},{"symbol":"VCIT","date":1493568000000,"type":1,"subtype":5,"value":0.241,"recordDate":1493740800000,"divPayDate":null,"isLock":null,"updated":null},{"symbol":"VCIT","date":1491148800000,"type":1,"subtype":5,"value":0.23,"recordDate":1491321600000,"divPayDate":null,"isLock":null,"updated":null},{"symbol":"VCIT","date":1488297600000,"type":1,"subtype":5,"value":0.234,"recordDate":1488470400000,"divPayDate":null,"isLock":null,"updated":null},{"symbol":"VCIT","date":1485878400000,"type":1,"subtype":5,"value":0.199,"recordDate":1486051200000,"divPayDate":null,"isLock":null,"updated":null},{"symbol":"VCIT","date":1482336000000,"type":1,"subtype":5,"value":0.26,"recordDate":1482768000000,"divPayDate":null,"isLock":null,"updated":null},{"symbol":"VCIT","date":1480521600000,"type":1,"subtype":5,"value":0.233,"recordDate":1480867200000,"divPayDate":null,"isLock":null,"updated":null},{"symbol":"VCIT","date":1477929600000,"type":1,"subtype":5,"value":0.234,"recordDate":1475596800000,"divPayDate":null,"isLock":null,"updated":null},{"symbol":"VCIT","date":1475424000000,"type":1,"subtype":5,"value":0.233,"recordDate":1475596800000,"divPayDate":null,"isLock":null,"updated":null},{"symbol":"VCIT","date":1472659200000,"type":1,"subtype":5,"value":0.237,"recordDate":1473091200000,"divPayDate":null,"isLock":null,"updated":null},{"symbol":"VCIT","date":1469980800000,"type":1,"subtype":5,"value":0.236,"recordDate":1470153600000,"divPayDate":null,"isLock":null,"updated":null},{"symbol":"VCIT","date":1467302400000,"type":1,"subtype":5,"value":0.239,"recordDate":1467734400000,"divPayDate":null,"isLock":null,"updated":null},{"symbol":"VCIT","date":1464710400000,"type":1,"subtype":5,"value":0.237,"recordDate":1464883200000,"divPayDate":null,"isLock":null,"updated":null},{"symbol":"VCIT","date":1462118400000,"type":1,"subtype":5,"value":0.234,"recordDate":1462291200000,"divPayDate":null,"isLock":null,"updated":null},{"symbol":"VCIT","date":1459440000000,"type":1,"subtype":5,"value":0.223,"recordDate":1459785600000,"divPayDate":null,"isLock":null,"updated":null},{"symbol":"VCIT","date":1456761600000,"type":1,"subtype":5,"value":0.242,"recordDate":1456934400000,"divPayDate":null,"isLock":null,"updated":null},{"symbol":"VCIT","date":1454256000000,"type":1,"subtype":5,"value":0.209,"recordDate":1454428800000,"divPayDate":null,"isLock":null,"updated":null},{"symbol":"VCIT","date":1450800000000,"type":1,"subtype":5,"value":0.27,"recordDate":1451232000000,"divPayDate":null,"isLock":null,"updated":null},{"symbol":"VCIT","date":1448899200000,"type":1,"subtype":5,"value":0.236,"recordDate":1449072000000,"divPayDate":null,"isLock":null,"updated":null},{"symbol":"VCIT","date":1446393600000,"type":1,"subtype":5,"value":0.231,"recordDate":1446566400000,"divPayDate":null,"isLock":null,"updated":null},{"symbol":"VCIT","date":1443628800000,"type":1,"subtype":5,"value":0.237,"recordDate":1443974400000,"divPayDate":null,"isLock":null,"updated":null},{"symbol":"VCIT","date":1441036800000,"type":1,"subtype":5,"value":0.24,"recordDate":1441209600000,"divPayDate":null,"isLock":null,"updated":null},{"symbol":"VCIT","date":1438531200000,"type":1,"subtype":5,"value":0.229,"recordDate":1438704000000,"divPayDate":null,"isLock":null,"updated":null},{"symbol":"VCIT","date":1435680000000,"type":1,"subtype":5,"value":0.232,"recordDate":1436112000000,"divPayDate":null,"isLock":null,"updated":null},{"symbol":"VCIT","date":1433088000000,"type":1,"subtype":5,"value":0.236,"recordDate":1433260800000,"divPayDate":null,"isLock":null,"updated":null},{"symbol":"VCIT","date":1430409600000,"type":1,"subtype":5,"value":0.226,"recordDate":1430755200000,"divPayDate":null,"isLock":null,"updated":null},{"symbol":"VCIT","date":1427817600000,"type":1,"subtype":5,"value":0.232,"recordDate":1428249600000,"divPayDate":null,"isLock":null,"updated":null},{"symbol":"VCIT","date":1425225600000,"type":1,"subtype":5,"value":0.229,"recordDate":1425398400000,"divPayDate":null,"isLock":null,"updated":null},{"symbol":"VCIT","date":1422806400000,"type":1,"subtype":5,"value":0.214,"recordDate":1422979200000,"divPayDate":null,"isLock":null,"updated":null},{"symbol":"VCIT","date":1419264000000,"type":1,"subtype":5,"value":0.368,"recordDate":1419523200000,"divPayDate":null,"isLock":null,"updated":null},{"symbol":"VCIT","date":1417363200000,"type":1,"subtype":5,"value":0.234,"recordDate":1417536000000,"divPayDate":null,"isLock":null,"updated":null},{"symbol":"VCIT","date":1414944000000,"type":1,"subtype":5,"value":0.226,"recordDate":1415116800000,"divPayDate":null,"isLock":null,"updated":null},{"symbol":"VCIT","date":1412092800000,"type":1,"subtype":5,"value":0.231,"recordDate":1412265600000,"divPayDate":null,"isLock":null,"updated":null},{"symbol":"VCIT","date":1409587200000,"type":1,"subtype":5,"value":0.227,"recordDate":1409760000000,"divPayDate":null,"isLock":null,"updated":null},{"symbol":"VCIT","date":1406822400000,"type":1,"subtype":5,"value":0.229,"recordDate":1407168000000,"divPayDate":null,"isLock":null,"updated":null},{"symbol":"VCIT","date":1404144000000,"type":1,"subtype":5,"value":0.228,"recordDate":1404316800000,"divPayDate":null,"isLock":null,"updated":null},{"symbol":"VCIT","date":1401638400000,"type":1,"subtype":5,"value":0.234,"recordDate":null,"divPayDate":null,"isLock":null,"updated":null},{"symbol":"VCIT","date":1398873600000,"type":1,"subtype":5,"value":0.227,"recordDate":null,"divPayDate":null,"isLock":null,"updated":null},{"symbol":"VCIT","date":1396281600000,"type":1,"subtype":5,"value":0.229,"recordDate":null,"divPayDate":null,"isLock":null,"updated":null},{"symbol":"VCIT","date":1393776000000,"type":1,"subtype":5,"value":0.224,"recordDate":null,"divPayDate":null,"isLock":null,"updated":null},{"symbol":"VCIT","date":1391356800000,"type":1,"subtype":5,"value":0.223,"recordDate":null,"divPayDate":null,"isLock":null,"updated":null},{"symbol":"VCIT","date":1387814400000,"type":1,"subtype":5,"value":0.815,"recordDate":null,"divPayDate":null,"isLock":null,"updated":null},{"symbol":"VCIT","date":1385654400000,"type":1,"subtype":5,"value":0.224,"recordDate":null,"divPayDate":null,"isLock":null,"updated":null},{"symbol":"VCIT","date":1383148800000,"type":1,"subtype":5,"value":0.223,"recordDate":null,"divPayDate":null,"isLock":null,"updated":null},{"symbol":"VCIT","date":1380470400000,"type":1,"subtype":5,"value":0.222,"recordDate":null,"divPayDate":null,"isLock":null,"updated":null},{"symbol":"VCIT","date":1377792000000,"type":1,"subtype":5,"value":0.223,"recordDate":null,"divPayDate":null,"isLock":null,"updated":null},{"symbol":"VCIT","date":1375200000000,"type":1,"subtype":5,"value":0.226,"recordDate":null,"divPayDate":null,"isLock":null,"updated":null},{"symbol":"VCIT","date":1372348800000,"type":1,"subtype":5,"value":0.219,"recordDate":null,"divPayDate":null,"isLock":null,"updated":null},{"symbol":"VCIT","date":1369929600000,"type":1,"subtype":5,"value":0.212,"recordDate":null,"divPayDate":null,"isLock":null,"updated":null},{"symbol":"VCIT","date":1367251200000,"type":1,"subtype":5,"value":0.227,"recordDate":null,"divPayDate":null,"isLock":null,"updated":null},{"symbol":"VCIT","date":1364400000000,"type":1,"subtype":5,"value":0.233,"recordDate":null,"divPayDate":null,"isLock":null,"updated":null},{"symbol":"VCIT","date":1361980800000,"type":1,"subtype":5,"value":0.226,"recordDate":null,"divPayDate":null,"isLock":null,"updated":null},{"symbol":"VCIT","date":1359561600000,"type":1,"subtype":5,"value":0.221,"recordDate":null,"divPayDate":null,"isLock":null,"updated":null},{"symbol":"VCIT","date":1356278400000,"type":1,"subtype":5,"value":0.66,"recordDate":null,"divPayDate":null,"isLock":null,"updated":null},{"symbol":"VCIT","date":1354204800000,"type":1,"subtype":5,"value":0.23,"recordDate":null,"divPayDate":null,"isLock":null,"updated":null},{"symbol":"VCIT","date":1351785600000,"type":1,"subtype":5,"value":0.229,"recordDate":null,"divPayDate":null,"isLock":null,"updated":null},{"symbol":"VCIT","date":1348761600000,"type":1,"subtype":5,"value":0.237,"recordDate":null,"divPayDate":null,"isLock":null,"updated":null},{"symbol":"VCIT","date":1346342400000,"type":1,"subtype":5,"value":0.237,"recordDate":null,"divPayDate":null,"isLock":null,"updated":null},{"symbol":"VCIT","date":1343664000000,"type":1,"subtype":5,"value":0.245,"recordDate":null,"divPayDate":null,"isLock":null,"updated":null}]}