{"list":[{"symbol":"VCV","date":1560355200000,"type":1,"subtype":5,"value":0.0481,"recordDate":null,"divPayDate":null,"isLock":null,"updated":null},{"symbol":"VCV","date":1557763200000,"type":1,"subtype":5,"value":0.0481,"recordDate":null,"divPayDate":null,"isLock":null,"updated":null},{"symbol":"VCV","date":1554912000000,"type":1,"subtype":5,"value":0.0481,"recordDate":null,"divPayDate":null,"isLock":null,"updated":null},{"symbol":"VCV","date":1552320000000,"type":1,"subtype":5,"value":0.0481,"recordDate":null,"divPayDate":null,"isLock":null,"updated":null},{"symbol":"VCV","date":1549900800000,"type":1,"subtype":5,"value":0.051,"recordDate":null,"divPayDate":null,"isLock":null,"updated":null},{"symbol":"VCV","date":1547481600000,"type":1,"subtype":5,"value":0.051,"recordDate":null,"divPayDate":null,"isLock":null,"updated":null},{"symbol":"VCV","date":1544630400000,"type":1,"subtype":5,"value":0.051,"recordDate":null,"divPayDate":null,"isLock":null,"updated":null},{"symbol":"VCV","date":1541952000000,"type":1,"subtype":5,"value":0.051,"recordDate":null,"divPayDate":null,"isLock":null,"updated":null},{"symbol":"VCV","date":1541692800000,"type":1,"subtype":5,"value":0.051,"recordDate":null,"divPayDate":null,"isLock":null,"updated":null},{"symbol":"VCV","date":1539532800000,"type":1,"subtype":5,"value":0.051,"recordDate":null,"divPayDate":null,"isLock":null,"updated":null},{"symbol":"VCV","date":1536768000000,"type":1,"subtype":5,"value":0.051,"recordDate":null,"divPayDate":null,"isLock":null,"updated":null},{"symbol":"VCV","date":1534089600000,"type":1,"subtype":5,"value":0.051,"recordDate":null,"divPayDate":null,"isLock":null,"updated":null},{"symbol":"VCV","date":1531670400000,"type":1,"subtype":5,"value":0.051,"recordDate":null,"divPayDate":null,"isLock":null,"updated":null},{"symbol":"VCV","date":1528732800000,"type":1,"subtype":5,"value":0.051,"recordDate":null,"divPayDate":null,"isLock":null,"updated":null},{"symbol":"VCV","date":1526227200000,"type":1,"subtype":5,"value":0.051,"recordDate":null,"divPayDate":null,"isLock":null,"updated":null},{"symbol":"VCV","date":1523808000000,"type":1,"subtype":5,"value":0.051,"recordDate":null,"divPayDate":null,"isLock":null,"updated":null},{"symbol":"VCV","date":1520956800000,"type":1,"subtype":5,"value":0.051,"recordDate":1521043200000,"divPayDate":null,"isLock":null,"updated":null},{"symbol":"VCV","date":1518537600000,"type":1,"subtype":5,"value":0.0535,"recordDate":1518624000000,"divPayDate":null,"isLock":null,"updated":null},{"symbol":"VCV","date":1516636800000,"type":1,"subtype":5,"value":0.0535,"recordDate":1516723200000,"divPayDate":null,"isLock":null,"updated":null},{"symbol":"VCV","date":1513008000000,"type":1,"subtype":5,"value":0.0535,"recordDate":1513094400000,"divPayDate":null,"isLock":null,"updated":null},{"symbol":"VCV","date":1510588800000,"type":1,"subtype":5,"value":0.0535,"recordDate":1510675200000,"divPayDate":null,"isLock":null,"updated":null},{"symbol":"VCV","date":1507737600000,"type":1,"subtype":5,"value":0.0535,"recordDate":1507824000000,"divPayDate":null,"isLock":null,"updated":null},{"symbol":"VCV","date":1505145600000,"type":1,"subtype":5,"value":0.0535,"recordDate":1505232000000,"divPayDate":null,"isLock":null,"updated":null},{"symbol":"VCV","date":1502208000000,"type":1,"subtype":5,"value":0.0535,"recordDate":1502380800000,"divPayDate":null,"isLock":null,"updated":null},{"symbol":"VCV","date":1499788800000,"type":1,"subtype":5,"value":0.0535,"recordDate":1499961600000,"divPayDate":null,"isLock":null,"updated":null},{"symbol":"VCV","date":1497196800000,"type":1,"subtype":5,"value":0.0535,"recordDate":1497369600000,"divPayDate":null,"isLock":null,"updated":null},{"symbol":"VCV","date":1494345600000,"type":1,"subtype":5,"value":0.0535,"recordDate":1494518400000,"divPayDate":null,"isLock":null,"updated":null},{"symbol":"VCV","date":1491840000000,"type":1,"subtype":5,"value":0.0535,"recordDate":1492012800000,"divPayDate":null,"isLock":null,"updated":null},{"symbol":"VCV","date":1489334400000,"type":1,"subtype":5,"value":0.0535,"recordDate":1489507200000,"divPayDate":null,"isLock":null,"updated":null},{"symbol":"VCV","date":1486915200000,"type":1,"subtype":5,"value":0.0535,"recordDate":1487088000000,"divPayDate":null,"isLock":null,"updated":null},{"symbol":"VCV","date":1484582400000,"type":1,"subtype":5,"value":0.0535,"recordDate":1484755200000,"divPayDate":null,"isLock":null,"updated":null},{"symbol":"VCV","date":1481472000000,"type":1,"subtype":5,"value":0.0535,"recordDate":1481644800000,"divPayDate":null,"isLock":null,"updated":null},{"symbol":"VCV","date":1478707200000,"type":1,"subtype":5,"value":0.0535,"recordDate":1479052800000,"divPayDate":null,"isLock":null,"updated":null},{"symbol":"VCV","date":1478620800000,"type":1,"subtype":5,"value":0.0535,"recordDate":1479052800000,"divPayDate":null,"isLock":null,"updated":null},{"symbol":"VCV","date":1476201600000,"type":1,"subtype":5,"value":0.0535,"recordDate":1476374400000,"divPayDate":null,"isLock":null,"updated":null},{"symbol":"VCV","date":1473609600000,"type":1,"subtype":5,"value":0.0535,"recordDate":1473782400000,"divPayDate":null,"isLock":null,"updated":null},{"symbol":"VCV","date":1470758400000,"type":1,"subtype":5,"value":0.0565,"recordDate":1470931200000,"divPayDate":null,"isLock":null,"updated":null},{"symbol":"VCV","date":1468166400000,"type":1,"subtype":5,"value":0.0565,"recordDate":1468339200000,"divPayDate":null,"isLock":null,"updated":null},{"symbol":"VCV","date":1465401600000,"type":1,"subtype":5,"value":0.063,"recordDate":1465747200000,"divPayDate":null,"isLock":null,"updated":null},{"symbol":"VCV","date":1462896000000,"type":1,"subtype":5,"value":0.063,"recordDate":1463068800000,"divPayDate":null,"isLock":null,"updated":null},{"symbol":"VCV","date":1460304000000,"type":1,"subtype":5,"value":0.063,"recordDate":1460476800000,"divPayDate":null,"isLock":null,"updated":null},{"symbol":"VCV","date":1457539200000,"type":1,"subtype":5,"value":0.063,"recordDate":1457884800000,"divPayDate":null,"isLock":null,"updated":null},{"symbol":"VCV","date":1455033600000,"type":1,"subtype":5,"value":0.066,"recordDate":1455206400000,"divPayDate":null,"isLock":null,"updated":null},{"symbol":"VCV","date":1452614400000,"type":1,"subtype":5,"value":0.066,"recordDate":1452787200000,"divPayDate":null,"isLock":null,"updated":null},{"symbol":"VCV","date":1449590400000,"type":1,"subtype":5,"value":0.066,"recordDate":1449763200000,"divPayDate":null,"isLock":null,"updated":null},{"symbol":"VCV","date":1447257600000,"type":1,"subtype":5,"value":0.066,"recordDate":1447603200000,"divPayDate":null,"isLock":null,"updated":null},{"symbol":"VCV","date":1444665600000,"type":1,"subtype":5,"value":0.066,"recordDate":1444838400000,"divPayDate":null,"isLock":null,"updated":null},{"symbol":"VCV","date":1441814400000,"type":1,"subtype":5,"value":0.066,"recordDate":1442160000000,"divPayDate":null,"isLock":null,"updated":null},{"symbol":"VCV","date":1439222400000,"type":1,"subtype":5,"value":0.066,"recordDate":1439395200000,"divPayDate":null,"isLock":null,"updated":null},{"symbol":"VCV","date":1436371200000,"type":1,"subtype":5,"value":0.066,"recordDate":1436716800000,"divPayDate":null,"isLock":null,"updated":null},{"symbol":"VCV","date":1433779200000,"type":1,"subtype":5,"value":0.066,"recordDate":1433952000000,"divPayDate":null,"isLock":null,"updated":null},{"symbol":"VCV","date":1431273600000,"type":1,"subtype":5,"value":0.066,"recordDate":1431446400000,"divPayDate":null,"isLock":null,"updated":null},{"symbol":"VCV","date":1428508800000,"type":1,"subtype":5,"value":0.066,"recordDate":1428854400000,"divPayDate":null,"isLock":null,"updated":null},{"symbol":"VCV","date":1426003200000,"type":1,"subtype":5,"value":0.066,"recordDate":1426176000000,"divPayDate":null,"isLock":null,"updated":null},{"symbol":"VCV","date":1423584000000,"type":1,"subtype":5,"value":0.066,"recordDate":1423756800000,"divPayDate":null,"isLock":null,"updated":null},{"symbol":"VCV","date":1420992000000,"type":1,"subtype":5,"value":0.066,"recordDate":1421164800000,"divPayDate":null,"isLock":null,"updated":null},{"symbol":"VCV","date":1418313600000,"type":1,"subtype":5,"value":0.066,"recordDate":1418659200000,"divPayDate":null,"isLock":null,"updated":null},{"symbol":"VCV","date":1415721600000,"type":1,"subtype":5,"value":0.066,"recordDate":1415894400000,"divPayDate":null,"isLock":null,"updated":null},{"symbol":"VCV","date":1413216000000,"type":1,"subtype":5,"value":0.066,"recordDate":1413388800000,"divPayDate":null,"isLock":null,"updated":null},{"symbol":"VCV","date":1410364800000,"type":1,"subtype":5,"value":0.066,"recordDate":1410710400000,"divPayDate":null,"isLock":null,"updated":null},{"symbol":"VCV","date":1407340800000,"type":1,"subtype":5,"value":0.066,"recordDate":1407686400000,"divPayDate":null,"isLock":null,"updated":null},{"symbol":"VCV","date":1404921600000,"type":1,"subtype":5,"value":0.066,"recordDate":1405267200000,"divPayDate":null,"isLock":null,"updated":null},{"symbol":"VCV","date":1402416000000,"type":1,"subtype":5,"value":0.066,"recordDate":null,"divPayDate":null,"isLock":null,"updated":null},{"symbol":"VCV","date":1399478400000,"type":1,"subtype":5,"value":0.066,"recordDate":null,"divPayDate":null,"isLock":null,"updated":null},{"symbol":"VCV","date":1397059200000,"type":1,"subtype":5,"value":0.066,"recordDate":null,"divPayDate":null,"isLock":null,"updated":null},{"symbol":"VCV","date":1394553600000,"type":1,"subtype":5,"value":0.066,"recordDate":null,"divPayDate":null,"isLock":null,"updated":null},{"symbol":"VCV","date":1392134400000,"type":1,"subtype":5,"value":0.066,"recordDate":null,"divPayDate":null,"isLock":null,"updated":null},{"symbol":"VCV","date":1389542400000,"type":1,"subtype":5,"value":0.066,"recordDate":null,"divPayDate":null,"isLock":null,"updated":null},{"symbol":"VCV","date":1386604800000,"type":1,"subtype":5,"value":0.066,"recordDate":null,"divPayDate":null,"isLock":null,"updated":null},{"symbol":"VCV","date":1383667200000,"type":1,"subtype":5,"value":0.066,"recordDate":null,"divPayDate":null,"isLock":null,"updated":null},{"symbol":"VCV","date":1381248000000,"type":1,"subtype":5,"value":0.066,"recordDate":null,"divPayDate":null,"isLock":null,"updated":null},{"symbol":"VCV","date":1378828800000,"type":1,"subtype":5,"value":0.066,"recordDate":null,"divPayDate":null,"isLock":null,"updated":null},{"symbol":"VCV","date":1375891200000,"type":1,"subtype":5,"value":0.066,"recordDate":null,"divPayDate":null,"isLock":null,"updated":null},{"symbol":"VCV","date":1373299200000,"type":1,"subtype":5,"value":0.066,"recordDate":null,"divPayDate":null,"isLock":null,"updated":null},{"symbol":"VCV","date":1370880000000,"type":1,"subtype":5,"value":0.066,"recordDate":null,"divPayDate":null,"isLock":null,"updated":null},{"symbol":"VCV","date":1368028800000,"type":1,"subtype":5,"value":0.066,"recordDate":null,"divPayDate":null,"isLock":null,"updated":null},{"symbol":"VCV","date":1365436800000,"type":1,"subtype":5,"value":0.066,"recordDate":null,"divPayDate":null,"isLock":null,"updated":null},{"symbol":"VCV","date":1362585600000,"type":1,"subtype":5,"value":0.066,"recordDate":null,"divPayDate":null,"isLock":null,"updated":null},{"symbol":"VCV","date":1360166400000,"type":1,"subtype":5,"value":0.066,"recordDate":null,"divPayDate":null,"isLock":null,"updated":null},{"symbol":"VCV","date":1357747200000,"type":1,"subtype":5,"value":0.066,"recordDate":null,"divPayDate":null,"isLock":null,"updated":null},{"symbol":"VCV","date":1355241600000,"type":1,"subtype":5,"value":0.066,"recordDate":null,"divPayDate":null,"isLock":null,"updated":null},{"symbol":"VCV","date":1352736000000,"type":1,"subtype":5,"value":0.066,"recordDate":null,"divPayDate":null,"isLock":null,"updated":null},{"symbol":"VCV","date":1349798400000,"type":1,"subtype":5,"value":0.066,"recordDate":null,"divPayDate":null,"isLock":null,"updated":null},{"symbol":"VCV","date":1347552000000,"type":1,"subtype":5,"value":0.076,"recordDate":null,"divPayDate":null,"isLock":null,"updated":null},{"symbol":"VCV","date":1344787200000,"type":1,"subtype":5,"value":0.076,"recordDate":null,"divPayDate":null,"isLock":null,"updated":null}]}