{"list":[{"symbol":"VGLT","date":1559491200000,"type":1,"subtype":5,"value":0.1798,"recordDate":null,"divPayDate":null,"isLock":null,"updated":null},{"symbol":"VGLT","date":1556640000000,"type":1,"subtype":5,"value":0.1704,"recordDate":null,"divPayDate":null,"isLock":null,"updated":null},{"symbol":"VGLT","date":1554048000000,"type":1,"subtype":5,"value":0.1771,"recordDate":null,"divPayDate":null,"isLock":null,"updated":null},{"symbol":"VGLT","date":1551369600000,"type":1,"subtype":5,"value":0.1634,"recordDate":null,"divPayDate":null,"isLock":null,"updated":null},{"symbol":"VGLT","date":1548950400000,"type":1,"subtype":5,"value":0.1739,"recordDate":null,"divPayDate":null,"isLock":null,"updated":null},{"symbol":"VGLT","date":1545580800000,"type":1,"subtype":5,"value":0.1857,"recordDate":null,"divPayDate":null,"isLock":null,"updated":null},{"symbol":"VGLT","date":1543766400000,"type":1,"subtype":5,"value":0.1613,"recordDate":null,"divPayDate":null,"isLock":null,"updated":null},{"symbol":"VGLT","date":1541001600000,"type":1,"subtype":5,"value":0.1702,"recordDate":null,"divPayDate":null,"isLock":null,"updated":null},{"symbol":"VGLT","date":1538323200000,"type":1,"subtype":5,"value":0.1702,"recordDate":null,"divPayDate":null,"isLock":null,"updated":null},{"symbol":"VGLT","date":1535990400000,"type":1,"subtype":5,"value":0.1745,"recordDate":null,"divPayDate":null,"isLock":null,"updated":null},{"symbol":"VGLT","date":1533052800000,"type":1,"subtype":5,"value":0.1748,"recordDate":null,"divPayDate":null,"isLock":null,"updated":null},{"symbol":"VGLT","date":1530460800000,"type":1,"subtype":5,"value":0.1724,"recordDate":null,"divPayDate":null,"isLock":null,"updated":null},{"symbol":"VGLT","date":1527782400000,"type":1,"subtype":5,"value":0.1681,"recordDate":null,"divPayDate":null,"isLock":null,"updated":null},{"symbol":"VGLT","date":1525104000000,"type":1,"subtype":5,"value":0.1678,"recordDate":null,"divPayDate":null,"isLock":null,"updated":null},{"symbol":"VGLT","date":1522598400000,"type":1,"subtype":5,"value":0.1746,"recordDate":null,"divPayDate":null,"isLock":null,"updated":null},{"symbol":"VGLT","date":1519833600000,"type":1,"subtype":5,"value":0.1475,"recordDate":1519920000000,"divPayDate":null,"isLock":null,"updated":null},{"symbol":"VGLT","date":1517414400000,"type":1,"subtype":5,"value":0.1595,"recordDate":1517500800000,"divPayDate":null,"isLock":null,"updated":null},{"symbol":"VGLT","date":1514217600000,"type":1,"subtype":5,"value":0.1861,"recordDate":1512316800000,"divPayDate":null,"isLock":null,"updated":null},{"symbol":"VGLT","date":1512057600000,"type":1,"subtype":5,"value":0.17,"recordDate":1512316800000,"divPayDate":null,"isLock":null,"updated":null},{"symbol":"VGLT","date":1509465600000,"type":1,"subtype":5,"value":0.15,"recordDate":1509552000000,"divPayDate":null,"isLock":null,"updated":null},{"symbol":"VGLT","date":1506873600000,"type":1,"subtype":5,"value":0.175,"recordDate":1506960000000,"divPayDate":null,"isLock":null,"updated":null},{"symbol":"VGLT","date":1506614400000,"type":1,"subtype":5,"value":0.175,"recordDate":1504627200000,"divPayDate":null,"isLock":null,"updated":null},{"symbol":"VGLT","date":1504195200000,"type":1,"subtype":5,"value":0.165,"recordDate":1504627200000,"divPayDate":null,"isLock":null,"updated":null},{"symbol":"VGLT","date":1501516800000,"type":1,"subtype":5,"value":0.174,"recordDate":1501689600000,"divPayDate":null,"isLock":null,"updated":null},{"symbol":"VGLT","date":1499011200000,"type":1,"subtype":5,"value":0.16,"recordDate":1499270400000,"divPayDate":null,"isLock":null,"updated":null},{"symbol":"VGLT","date":1496246400000,"type":1,"subtype":5,"value":0.165,"recordDate":1496592000000,"divPayDate":null,"isLock":null,"updated":null},{"symbol":"VGLT","date":1493568000000,"type":1,"subtype":5,"value":0.169,"recordDate":1493740800000,"divPayDate":null,"isLock":null,"updated":null},{"symbol":"VGLT","date":1491148800000,"type":1,"subtype":5,"value":0.155,"recordDate":1491321600000,"divPayDate":null,"isLock":null,"updated":null},{"symbol":"VGLT","date":1488297600000,"type":1,"subtype":5,"value":0.169,"recordDate":1488470400000,"divPayDate":null,"isLock":null,"updated":null},{"symbol":"VGLT","date":1485878400000,"type":1,"subtype":5,"value":0.149,"recordDate":1486051200000,"divPayDate":null,"isLock":null,"updated":null},{"symbol":"VGLT","date":1482336000000,"type":1,"subtype":5,"value":0.189,"recordDate":1482768000000,"divPayDate":null,"isLock":null,"updated":null},{"symbol":"VGLT","date":1480521600000,"type":1,"subtype":5,"value":0.161,"recordDate":1480867200000,"divPayDate":null,"isLock":null,"updated":null},{"symbol":"VGLT","date":1477929600000,"type":1,"subtype":5,"value":0.16,"recordDate":1478102400000,"divPayDate":null,"isLock":null,"updated":null},{"symbol":"VGLT","date":1475424000000,"type":1,"subtype":5,"value":0.166,"recordDate":1475596800000,"divPayDate":null,"isLock":null,"updated":null},{"symbol":"VGLT","date":1472659200000,"type":1,"subtype":5,"value":0.164,"recordDate":1473091200000,"divPayDate":null,"isLock":null,"updated":null},{"symbol":"VGLT","date":1469980800000,"type":1,"subtype":5,"value":0.166,"recordDate":1470153600000,"divPayDate":null,"isLock":null,"updated":null},{"symbol":"VGLT","date":1467302400000,"type":1,"subtype":5,"value":0.171,"recordDate":1467734400000,"divPayDate":null,"isLock":null,"updated":null},{"symbol":"VGLT","date":1464710400000,"type":1,"subtype":5,"value":0.161,"recordDate":1464883200000,"divPayDate":null,"isLock":null,"updated":null},{"symbol":"VGLT","date":1462118400000,"type":1,"subtype":5,"value":0.174,"recordDate":1462291200000,"divPayDate":null,"isLock":null,"updated":null},{"symbol":"VGLT","date":1459440000000,"type":1,"subtype":5,"value":0.162,"recordDate":1459785600000,"divPayDate":null,"isLock":null,"updated":null},{"symbol":"VGLT","date":1456761600000,"type":1,"subtype":5,"value":0.161,"recordDate":1456934400000,"divPayDate":null,"isLock":null,"updated":null},{"symbol":"VGLT","date":1454256000000,"type":1,"subtype":5,"value":0.144,"recordDate":1454428800000,"divPayDate":null,"isLock":null,"updated":null},{"symbol":"VGLT","date":1450800000000,"type":1,"subtype":5,"value":0.201,"recordDate":1451232000000,"divPayDate":null,"isLock":null,"updated":null},{"symbol":"VGLT","date":1448899200000,"type":1,"subtype":5,"value":0.173,"recordDate":1449072000000,"divPayDate":null,"isLock":null,"updated":null},{"symbol":"VGLT","date":1446393600000,"type":1,"subtype":5,"value":0.167,"recordDate":1446566400000,"divPayDate":null,"isLock":null,"updated":null},{"symbol":"VGLT","date":1443628800000,"type":1,"subtype":5,"value":0.177,"recordDate":1443974400000,"divPayDate":null,"isLock":null,"updated":null},{"symbol":"VGLT","date":1441036800000,"type":1,"subtype":5,"value":0.165,"recordDate":1441209600000,"divPayDate":null,"isLock":null,"updated":null},{"symbol":"VGLT","date":1438531200000,"type":1,"subtype":5,"value":0.171,"recordDate":1438704000000,"divPayDate":null,"isLock":null,"updated":null},{"symbol":"VGLT","date":1435680000000,"type":1,"subtype":5,"value":0.179,"recordDate":1436112000000,"divPayDate":null,"isLock":null,"updated":null},{"symbol":"VGLT","date":1433088000000,"type":1,"subtype":5,"value":0.168,"recordDate":1433260800000,"divPayDate":null,"isLock":null,"updated":null},{"symbol":"VGLT","date":1430409600000,"type":1,"subtype":5,"value":0.177,"recordDate":1430755200000,"divPayDate":null,"isLock":null,"updated":null},{"symbol":"VGLT","date":1427817600000,"type":1,"subtype":5,"value":0.162,"recordDate":1428249600000,"divPayDate":null,"isLock":null,"updated":null},{"symbol":"VGLT","date":1425225600000,"type":1,"subtype":5,"value":0.172,"recordDate":1425398400000,"divPayDate":null,"isLock":null,"updated":null},{"symbol":"VGLT","date":1422806400000,"type":1,"subtype":5,"value":0.166,"recordDate":1422979200000,"divPayDate":null,"isLock":null,"updated":null},{"symbol":"VGLT","date":1419264000000,"type":1,"subtype":5,"value":0.181,"recordDate":1419523200000,"divPayDate":null,"isLock":null,"updated":null},{"symbol":"VGLT","date":1417363200000,"type":1,"subtype":5,"value":0.172,"recordDate":1417536000000,"divPayDate":null,"isLock":null,"updated":null},{"symbol":"VGLT","date":1414944000000,"type":1,"subtype":5,"value":0.179,"recordDate":1415116800000,"divPayDate":null,"isLock":null,"updated":null},{"symbol":"VGLT","date":1412092800000,"type":1,"subtype":5,"value":0.174,"recordDate":1412265600000,"divPayDate":null,"isLock":null,"updated":null},{"symbol":"VGLT","date":1409587200000,"type":1,"subtype":5,"value":0.178,"recordDate":1409760000000,"divPayDate":null,"isLock":null,"updated":null},{"symbol":"VGLT","date":1406822400000,"type":1,"subtype":5,"value":0.177,"recordDate":1407168000000,"divPayDate":null,"isLock":null,"updated":null},{"symbol":"VGLT","date":1404144000000,"type":1,"subtype":5,"value":0.178,"recordDate":1404316800000,"divPayDate":null,"isLock":null,"updated":null},{"symbol":"VGLT","date":1401638400000,"type":1,"subtype":5,"value":0.173,"recordDate":null,"divPayDate":null,"isLock":null,"updated":null},{"symbol":"VGLT","date":1398873600000,"type":1,"subtype":5,"value":0.181,"recordDate":null,"divPayDate":null,"isLock":null,"updated":null},{"symbol":"VGLT","date":1396281600000,"type":1,"subtype":5,"value":0.169,"recordDate":null,"divPayDate":null,"isLock":null,"updated":null},{"symbol":"VGLT","date":1393776000000,"type":1,"subtype":5,"value":0.182,"recordDate":null,"divPayDate":null,"isLock":null,"updated":null},{"symbol":"VGLT","date":1391356800000,"type":1,"subtype":5,"value":0.196,"recordDate":null,"divPayDate":null,"isLock":null,"updated":null},{"symbol":"VGLT","date":1387814400000,"type":1,"subtype":5,"value":0.157,"recordDate":null,"divPayDate":null,"isLock":null,"updated":null},{"symbol":"VGLT","date":1385654400000,"type":1,"subtype":5,"value":0.186,"recordDate":null,"divPayDate":null,"isLock":null,"updated":null},{"symbol":"VGLT","date":1383148800000,"type":1,"subtype":5,"value":0.167,"recordDate":null,"divPayDate":null,"isLock":null,"updated":null},{"symbol":"VGLT","date":1380470400000,"type":1,"subtype":5,"value":0.163,"recordDate":null,"divPayDate":null,"isLock":null,"updated":null},{"symbol":"VGLT","date":1377792000000,"type":1,"subtype":5,"value":0.196,"recordDate":null,"divPayDate":null,"isLock":null,"updated":null},{"symbol":"VGLT","date":1375200000000,"type":1,"subtype":5,"value":0.172,"recordDate":null,"divPayDate":null,"isLock":null,"updated":null},{"symbol":"VGLT","date":1372348800000,"type":1,"subtype":5,"value":0.186,"recordDate":null,"divPayDate":null,"isLock":null,"updated":null},{"symbol":"VGLT","date":1369929600000,"type":1,"subtype":5,"value":0.177,"recordDate":null,"divPayDate":null,"isLock":null,"updated":null},{"symbol":"VGLT","date":1367251200000,"type":1,"subtype":5,"value":0.178,"recordDate":null,"divPayDate":null,"isLock":null,"updated":null},{"symbol":"VGLT","date":1364400000000,"type":1,"subtype":5,"value":0.159,"recordDate":null,"divPayDate":null,"isLock":null,"updated":null},{"symbol":"VGLT","date":1361980800000,"type":1,"subtype":5,"value":0.163,"recordDate":null,"divPayDate":null,"isLock":null,"updated":null},{"symbol":"VGLT","date":1359561600000,"type":1,"subtype":5,"value":0.138,"recordDate":null,"divPayDate":null,"isLock":null,"updated":null},{"symbol":"VGLT","date":1356278400000,"type":1,"subtype":5,"value":0.314,"recordDate":null,"divPayDate":null,"isLock":null,"updated":null},{"symbol":"VGLT","date":1354204800000,"type":1,"subtype":5,"value":0.171,"recordDate":null,"divPayDate":null,"isLock":null,"updated":null},{"symbol":"VGLT","date":1351785600000,"type":1,"subtype":5,"value":0.165,"recordDate":null,"divPayDate":null,"isLock":null,"updated":null},{"symbol":"VGLT","date":1348761600000,"type":1,"subtype":5,"value":0.18,"recordDate":null,"divPayDate":null,"isLock":null,"updated":null},{"symbol":"VGLT","date":1346342400000,"type":1,"subtype":5,"value":0.175,"recordDate":null,"divPayDate":null,"isLock":null,"updated":null},{"symbol":"VGLT","date":1343664000000,"type":1,"subtype":5,"value":0.183,"recordDate":null,"divPayDate":null,"isLock":null,"updated":null}]}