{"list":[{"symbol":"VICI","date":1561564800000,"type":1,"subtype":5,"value":0.2875,"recordDate":null,"divPayDate":null,"isLock":null,"updated":null},{"symbol":"VICI","date":1553702400000,"type":1,"subtype":5,"value":0.2875,"recordDate":null,"divPayDate":null,"isLock":null,"updated":null},{"symbol":"VICI","date":1545840000000,"type":1,"subtype":5,"value":0.2875,"recordDate":null,"divPayDate":null,"isLock":null,"updated":null},{"symbol":"VICI","date":1537977600000,"type":1,"subtype":5,"value":0.2875,"recordDate":null,"divPayDate":null,"isLock":null,"updated":null},{"symbol":"VICI","date":1530028800000,"type":1,"subtype":5,"value":0.2625,"recordDate":null,"divPayDate":null,"isLock":null,"updated":null},{"symbol":"VICI","date":1522166400000,"type":1,"subtype":5,"value":0.16,"recordDate":1522252800000,"divPayDate":null,"isLock":null,"updated":null}]}