{"list":[{"symbol":"VTWV","date":1561046400000,"type":1,"subtype":5,"value":0.561,"recordDate":null,"divPayDate":null,"isLock":null,"updated":null},{"symbol":"VTWV","date":1553443200000,"type":1,"subtype":5,"value":0.1392,"recordDate":null,"divPayDate":null,"isLock":null,"updated":null},{"symbol":"VTWV","date":1544630400000,"type":1,"subtype":5,"value":0.5528,"recordDate":null,"divPayDate":null,"isLock":null,"updated":null},{"symbol":"VTWV","date":1537891200000,"type":1,"subtype":5,"value":0.6096,"recordDate":null,"divPayDate":null,"isLock":null,"updated":null},{"symbol":"VTWV","date":1530115200000,"type":1,"subtype":5,"value":0.5777,"recordDate":null,"divPayDate":null,"isLock":null,"updated":null},{"symbol":"VTWV","date":1521648000000,"type":1,"subtype":5,"value":0.1603,"recordDate":null,"divPayDate":null,"isLock":null,"updated":null},{"symbol":"VTWV","date":1513180800000,"type":1,"subtype":5,"value":0.6712,"recordDate":1513267200000,"divPayDate":null,"isLock":null,"updated":null},{"symbol":"VTWV","date":1506441600000,"type":1,"subtype":5,"value":0.476,"recordDate":1506528000000,"divPayDate":null,"isLock":null,"updated":null},{"symbol":"VTWV","date":1498579200000,"type":1,"subtype":5,"value":0.475,"recordDate":1498752000000,"divPayDate":null,"isLock":null,"updated":null},{"symbol":"VTWV","date":1490112000000,"type":1,"subtype":5,"value":0.162,"recordDate":1490284800000,"divPayDate":null,"isLock":null,"updated":null},{"symbol":"VTWV","date":1481644800000,"type":1,"subtype":5,"value":0.634,"recordDate":1481817600000,"divPayDate":null,"isLock":null,"updated":null},{"symbol":"VTWV","date":1474300800000,"type":1,"subtype":5,"value":0.503,"recordDate":1474473600000,"divPayDate":null,"isLock":null,"updated":null},{"symbol":"VTWV","date":1466438400000,"type":1,"subtype":5,"value":0.344,"recordDate":1466611200000,"divPayDate":null,"isLock":null,"updated":null},{"symbol":"VTWV","date":1458489600000,"type":1,"subtype":5,"value":0.141,"recordDate":1458662400000,"divPayDate":null,"isLock":null,"updated":null},{"symbol":"VTWV","date":1450627200000,"type":1,"subtype":5,"value":0.584,"recordDate":1442937600000,"divPayDate":null,"isLock":null,"updated":null},{"symbol":"VTWV","date":1442764800000,"type":1,"subtype":5,"value":1.037,"recordDate":1442937600000,"divPayDate":null,"isLock":null,"updated":null},{"symbol":"VTWV","date":1419177600000,"type":1,"subtype":5,"value":1.503,"recordDate":1419350400000,"divPayDate":null,"isLock":null,"updated":null},{"symbol":"VTWV","date":1387814400000,"type":1,"subtype":5,"value":1.223,"recordDate":null,"divPayDate":null,"isLock":null,"updated":null},{"symbol":"VTWV","date":1356278400000,"type":1,"subtype":5,"value":1.238,"recordDate":null,"divPayDate":null,"isLock":null,"updated":null},{"symbol":"VTWV","date":1324569600000,"type":1,"subtype":5,"value":0.72,"recordDate":null,"divPayDate":null,"isLock":null,"updated":null}]}