{"list":[{"symbol":"WBA","date":1558022400000,"type":1,"subtype":5,"value":0.44,"recordDate":1558281600000,"divPayDate":null,"isLock":null,"updated":null},{"symbol":"WBA","date":1550073600000,"type":1,"subtype":5,"value":0.44,"recordDate":1550160000000,"divPayDate":null,"isLock":null,"updated":null},{"symbol":"WBA","date":1541606400000,"type":1,"subtype":5,"value":0.44,"recordDate":1541952000000,"divPayDate":null,"isLock":null,"updated":null},{"symbol":"WBA","date":1534435200000,"type":1,"subtype":5,"value":0.44,"recordDate":1534694400000,"divPayDate":null,"isLock":null,"updated":null},{"symbol":"WBA","date":1526486400000,"type":1,"subtype":5,"value":0.4,"recordDate":1526572800000,"divPayDate":null,"isLock":null,"updated":null},{"symbol":"WBA","date":1518537600000,"type":1,"subtype":5,"value":0.4,"recordDate":1518624000000,"divPayDate":null,"isLock":null,"updated":null},{"symbol":"WBA","date":1510243200000,"type":1,"subtype":5,"value":0.4,"recordDate":1510502400000,"divPayDate":null,"isLock":null,"updated":null},{"symbol":"WBA","date":1502812800000,"type":1,"subtype":5,"value":0.4,"recordDate":1502985600000,"divPayDate":null,"isLock":null,"updated":null},{"symbol":"WBA","date":1494864000000,"type":1,"subtype":5,"value":0.375,"recordDate":1495036800000,"divPayDate":null,"isLock":null,"updated":null},{"symbol":"WBA","date":1486915200000,"type":1,"subtype":5,"value":0.375,"recordDate":1487088000000,"divPayDate":null,"isLock":null,"updated":null},{"symbol":"WBA","date":1479139200000,"type":1,"subtype":5,"value":0.375,"recordDate":1479312000000,"divPayDate":null,"isLock":null,"updated":null},{"symbol":"WBA","date":1471363200000,"type":1,"subtype":5,"value":0.375,"recordDate":1471536000000,"divPayDate":null,"isLock":null,"updated":null},{"symbol":"WBA","date":1463328000000,"type":1,"subtype":5,"value":0.36,"recordDate":1463500800000,"divPayDate":null,"isLock":null,"updated":null},{"symbol":"WBA","date":1455552000000,"type":1,"subtype":5,"value":0.36,"recordDate":1455724800000,"divPayDate":null,"isLock":null,"updated":null},{"symbol":"WBA","date":1447257600000,"type":1,"subtype":5,"value":0.36,"recordDate":1447603200000,"divPayDate":null,"isLock":null,"updated":null},{"symbol":"WBA","date":1439740800000,"type":1,"subtype":5,"value":0.36,"recordDate":1439913600000,"divPayDate":null,"isLock":null,"updated":null},{"symbol":"WBA","date":1431964800000,"type":1,"subtype":5,"value":0.3375,"recordDate":1432137600000,"divPayDate":null,"isLock":null,"updated":null},{"symbol":"WBA","date":1423756800000,"type":1,"subtype":5,"value":0.3375,"recordDate":1424188800000,"divPayDate":null,"isLock":null,"updated":null},{"symbol":"WBA","date":1415808000000,"type":1,"subtype":5,"value":0.3375,"recordDate":1416153600000,"divPayDate":null,"isLock":null,"updated":null},{"symbol":"WBA","date":919094400000,"type":2,"subtype":8,"value":2.0,"recordDate":1439913600000,"divPayDate":null,"isLock":null,"updated":null}]}