{"list":[{"symbol":"WM","date":1559750400000,"type":1,"subtype":5,"value":0.5125,"recordDate":null,"divPayDate":null,"isLock":null,"updated":null},{"symbol":"WM","date":1551888000000,"type":1,"subtype":5,"value":0.5125,"recordDate":null,"divPayDate":null,"isLock":null,"updated":null},{"symbol":"WM","date":1543420800000,"type":1,"subtype":5,"value":0.465,"recordDate":1543507200000,"divPayDate":null,"isLock":null,"updated":null},{"symbol":"WM","date":1536163200000,"type":1,"subtype":5,"value":0.465,"recordDate":1536249600000,"divPayDate":null,"isLock":null,"updated":null},{"symbol":"WM","date":1528300800000,"type":1,"subtype":5,"value":0.465,"recordDate":1528387200000,"divPayDate":null,"isLock":null,"updated":null},{"symbol":"WM","date":1520438400000,"type":1,"subtype":5,"value":0.465,"recordDate":1520524800000,"divPayDate":null,"isLock":null,"updated":null},{"symbol":"WM","date":1511971200000,"type":1,"subtype":5,"value":0.425,"recordDate":1512057600000,"divPayDate":null,"isLock":null,"updated":null},{"symbol":"WM","date":1504713600000,"type":1,"subtype":5,"value":0.425,"recordDate":1504800000000,"divPayDate":null,"isLock":null,"updated":null},{"symbol":"WM","date":1496764800000,"type":1,"subtype":5,"value":0.425,"recordDate":1496937600000,"divPayDate":null,"isLock":null,"updated":null},{"symbol":"WM","date":1488902400000,"type":1,"subtype":5,"value":0.425,"recordDate":1489075200000,"divPayDate":null,"isLock":null,"updated":null},{"symbol":"WM","date":1480435200000,"type":1,"subtype":5,"value":0.41,"recordDate":1480608000000,"divPayDate":null,"isLock":null,"updated":null},{"symbol":"WM","date":1473177600000,"type":1,"subtype":5,"value":0.41,"recordDate":1473350400000,"divPayDate":null,"isLock":null,"updated":null},{"symbol":"WM","date":1464710400000,"type":1,"subtype":5,"value":0.41,"recordDate":1464883200000,"divPayDate":null,"isLock":null,"updated":null},{"symbol":"WM","date":1456934400000,"type":1,"subtype":5,"value":0.41,"recordDate":1457280000000,"divPayDate":null,"isLock":null,"updated":null},{"symbol":"WM","date":1448985600000,"type":1,"subtype":5,"value":0.385,"recordDate":1449158400000,"divPayDate":null,"isLock":null,"updated":null},{"symbol":"WM","date":1441814400000,"type":1,"subtype":5,"value":0.385,"recordDate":1442160000000,"divPayDate":null,"isLock":null,"updated":null},{"symbol":"WM","date":1433260800000,"type":1,"subtype":5,"value":0.385,"recordDate":1433433600000,"divPayDate":null,"isLock":null,"updated":null},{"symbol":"WM","date":1425484800000,"type":1,"subtype":5,"value":0.385,"recordDate":1425830400000,"divPayDate":null,"isLock":null,"updated":null},{"symbol":"WM","date":1417536000000,"type":1,"subtype":5,"value":0.375,"recordDate":1417708800000,"divPayDate":null,"isLock":null,"updated":null},{"symbol":"WM","date":1409673600000,"type":1,"subtype":5,"value":0.375,"recordDate":1409846400000,"divPayDate":null,"isLock":null,"updated":null},{"symbol":"WM","date":1401811200000,"type":1,"subtype":5,"value":0.375,"recordDate":null,"divPayDate":null,"isLock":null,"updated":null},{"symbol":"WM","date":1394035200000,"type":1,"subtype":5,"value":0.375,"recordDate":null,"divPayDate":null,"isLock":null,"updated":null},{"symbol":"WM","date":1385913600000,"type":1,"subtype":5,"value":0.365,"recordDate":null,"divPayDate":null,"isLock":null,"updated":null},{"symbol":"WM","date":1378224000000,"type":1,"subtype":5,"value":0.365,"recordDate":null,"divPayDate":null,"isLock":null,"updated":null},{"symbol":"WM","date":1370361600000,"type":1,"subtype":5,"value":0.365,"recordDate":null,"divPayDate":null,"isLock":null,"updated":null},{"symbol":"WM","date":1362585600000,"type":1,"subtype":5,"value":0.365,"recordDate":null,"divPayDate":null,"isLock":null,"updated":null},{"symbol":"WM","date":1353859200000,"type":1,"subtype":5,"value":0.355,"recordDate":null,"divPayDate":null,"isLock":null,"updated":null},{"symbol":"WM","date":1346774400000,"type":1,"subtype":5,"value":0.355,"recordDate":null,"divPayDate":null,"isLock":null,"updated":null},{"symbol":"WM","date":1338912000000,"type":1,"subtype":5,"value":0.355,"recordDate":null,"divPayDate":null,"isLock":null,"updated":null}]}