{"list":[{"symbol":"WPP","date":1560355200000,"type":1,"subtype":5,"value":2.47467,"recordDate":null,"divPayDate":null,"isLock":null,"updated":null},{"symbol":"WPP","date":1538582400000,"type":1,"subtype":5,"value":1.50002,"recordDate":null,"divPayDate":null,"isLock":null,"updated":null},{"symbol":"WPP","date":1528905600000,"type":1,"subtype":5,"value":2.47187,"recordDate":null,"divPayDate":null,"isLock":null,"updated":null},{"symbol":"WPP","date":1507132800000,"type":1,"subtype":5,"value":1.5104,"recordDate":1507219200000,"divPayDate":null,"isLock":null,"updated":null},{"symbol":"WPP","date":1449763200000,"type":1,"subtype":5,"value":0.03,"recordDate":1450108800000,"divPayDate":null,"isLock":null,"updated":null},{"symbol":"WPP","date":1438185600000,"type":1,"subtype":5,"value":0.03,"recordDate":1438531200000,"divPayDate":null,"isLock":null,"updated":null},{"symbol":"WPP","date":1432742400000,"type":1,"subtype":5,"value":0.03,"recordDate":1433088000000,"divPayDate":null,"isLock":null,"updated":null},{"symbol":"WPP","date":1422460800000,"type":1,"subtype":5,"value":0.03,"recordDate":1422806400000,"divPayDate":null,"isLock":null,"updated":null},{"symbol":"WPP","date":1414598400000,"type":1,"subtype":5,"value":0.03,"recordDate":1414944000000,"divPayDate":null,"isLock":null,"updated":null},{"symbol":"WPP","date":1406649600000,"type":1,"subtype":5,"value":0.03,"recordDate":1406822400000,"divPayDate":null,"isLock":null,"updated":null},{"symbol":"WPP","date":1398700800000,"type":1,"subtype":5,"value":0.03,"recordDate":null,"divPayDate":null,"isLock":null,"updated":null},{"symbol":"WPP","date":1391011200000,"type":1,"subtype":5,"value":0.03,"recordDate":null,"divPayDate":null,"isLock":null,"updated":null},{"symbol":"WPP","date":1383062400000,"type":1,"subtype":5,"value":0.03,"recordDate":null,"divPayDate":null,"isLock":null,"updated":null},{"symbol":"WPP","date":1375113600000,"type":1,"subtype":5,"value":0.03,"recordDate":null,"divPayDate":null,"isLock":null,"updated":null},{"symbol":"WPP","date":1367164800000,"type":1,"subtype":5,"value":0.03,"recordDate":null,"divPayDate":null,"isLock":null,"updated":null},{"symbol":"WPP","date":1359475200000,"type":1,"subtype":5,"value":0.03,"recordDate":null,"divPayDate":null,"isLock":null,"updated":null},{"symbol":"WPP","date":1351612800000,"type":1,"subtype":5,"value":0.03,"recordDate":null,"divPayDate":null,"isLock":null,"updated":null},{"symbol":"WPP","date":1351526400000,"type":1,"subtype":5,"value":0.03,"recordDate":null,"divPayDate":null,"isLock":null,"updated":null},{"symbol":"WPP","date":1343577600000,"type":1,"subtype":5,"value":0.03,"recordDate":null,"divPayDate":null,"isLock":null,"updated":null},{"symbol":"WPP","date":942681600000,"type":2,"subtype":8,"value":2.0,"recordDate":1507219200000,"divPayDate":null,"isLock":null,"updated":null},{"symbol":"WPP","date":821894400000,"type":2,"subtype":8,"value":1.25,"recordDate":1438531200000,"divPayDate":null,"isLock":null,"updated":null},{"symbol":"WPP","date":788544000000,"type":2,"subtype":8,"value":1.1,"recordDate":null,"divPayDate":null,"isLock":null,"updated":null},{"symbol":"WPP","date":758131200000,"type":2,"subtype":8,"value":1.33333,"recordDate":null,"divPayDate":null,"isLock":null,"updated":null}]}