{"list":[{"symbol":"WRI","date":1559750400000,"type":1,"subtype":5,"value":0.395,"recordDate":1559836800000,"divPayDate":null,"isLock":null,"updated":null},{"symbol":"WRI","date":1551888000000,"type":1,"subtype":5,"value":0.395,"recordDate":1551974400000,"divPayDate":null,"isLock":null,"updated":null},{"symbol":"WRI","date":1545235200000,"type":1,"subtype":5,"value":1.4,"recordDate":1545321600000,"divPayDate":null,"isLock":null,"updated":null},{"symbol":"WRI","date":1544025600000,"type":1,"subtype":5,"value":0.395,"recordDate":1544112000000,"divPayDate":null,"isLock":null,"updated":null},{"symbol":"WRI","date":1536163200000,"type":1,"subtype":5,"value":0.395,"recordDate":1536249600000,"divPayDate":null,"isLock":null,"updated":null},{"symbol":"WRI","date":1528300800000,"type":1,"subtype":5,"value":0.395,"recordDate":1528387200000,"divPayDate":null,"isLock":null,"updated":null},{"symbol":"WRI","date":1520352000000,"type":1,"subtype":5,"value":0.395,"recordDate":1520438400000,"divPayDate":null,"isLock":null,"updated":null},{"symbol":"WRI","date":1513872000000,"type":1,"subtype":5,"value":0.75,"recordDate":1514217600000,"divPayDate":null,"isLock":null,"updated":null},{"symbol":"WRI","date":1512576000000,"type":1,"subtype":5,"value":0.385,"recordDate":1512662400000,"divPayDate":null,"isLock":null,"updated":null},{"symbol":"WRI","date":1504713600000,"type":1,"subtype":5,"value":0.385,"recordDate":1504800000000,"divPayDate":null,"isLock":null,"updated":null},{"symbol":"WRI","date":1496678400000,"type":1,"subtype":5,"value":0.385,"recordDate":1496851200000,"divPayDate":null,"isLock":null,"updated":null},{"symbol":"WRI","date":1488729600000,"type":1,"subtype":5,"value":0.385,"recordDate":1488902400000,"divPayDate":null,"isLock":null,"updated":null},{"symbol":"WRI","date":1480953600000,"type":1,"subtype":5,"value":0.365,"recordDate":1481126400000,"divPayDate":null,"isLock":null,"updated":null},{"symbol":"WRI","date":1473091200000,"type":1,"subtype":5,"value":0.365,"recordDate":1473264000000,"divPayDate":null,"isLock":null,"updated":null},{"symbol":"WRI","date":1465142400000,"type":1,"subtype":5,"value":0.365,"recordDate":1465315200000,"divPayDate":null,"isLock":null,"updated":null},{"symbol":"WRI","date":1457020800000,"type":1,"subtype":5,"value":0.365,"recordDate":1457366400000,"divPayDate":null,"isLock":null,"updated":null},{"symbol":"WRI","date":1449158400000,"type":1,"subtype":5,"value":0.345,"recordDate":1449504000000,"divPayDate":null,"isLock":null,"updated":null},{"symbol":"WRI","date":1441209600000,"type":1,"subtype":5,"value":0.345,"recordDate":1441641600000,"divPayDate":null,"isLock":null,"updated":null},{"symbol":"WRI","date":1433347200000,"type":1,"subtype":5,"value":0.345,"recordDate":1433692800000,"divPayDate":null,"isLock":null,"updated":null},{"symbol":"WRI","date":1425484800000,"type":1,"subtype":5,"value":0.345,"recordDate":1425830400000,"divPayDate":null,"isLock":null,"updated":null},{"symbol":"WRI","date":1418918400000,"type":1,"subtype":5,"value":0.25,"recordDate":1419264000000,"divPayDate":null,"isLock":null,"updated":null},{"symbol":"WRI","date":1417622400000,"type":1,"subtype":5,"value":0.325,"recordDate":1417968000000,"divPayDate":null,"isLock":null,"updated":null},{"symbol":"WRI","date":1409760000000,"type":1,"subtype":5,"value":0.325,"recordDate":1410105600000,"divPayDate":null,"isLock":null,"updated":null},{"symbol":"WRI","date":1401724800000,"type":1,"subtype":5,"value":0.325,"recordDate":null,"divPayDate":null,"isLock":null,"updated":null},{"symbol":"WRI","date":1393862400000,"type":1,"subtype":5,"value":0.325,"recordDate":null,"divPayDate":null,"isLock":null,"updated":null},{"symbol":"WRI","date":1386000000000,"type":1,"subtype":5,"value":0.305,"recordDate":null,"divPayDate":null,"isLock":null,"updated":null},{"symbol":"WRI","date":1378137600000,"type":1,"subtype":5,"value":0.305,"recordDate":null,"divPayDate":null,"isLock":null,"updated":null},{"symbol":"WRI","date":1370275200000,"type":1,"subtype":5,"value":0.305,"recordDate":null,"divPayDate":null,"isLock":null,"updated":null},{"symbol":"WRI","date":1362412800000,"type":1,"subtype":5,"value":0.305,"recordDate":null,"divPayDate":null,"isLock":null,"updated":null},{"symbol":"WRI","date":1354550400000,"type":1,"subtype":5,"value":0.29,"recordDate":null,"divPayDate":null,"isLock":null,"updated":null},{"symbol":"WRI","date":1346688000000,"type":1,"subtype":5,"value":0.29,"recordDate":null,"divPayDate":null,"isLock":null,"updated":null},{"symbol":"WRI","date":1080662400000,"type":2,"subtype":8,"value":1.5,"recordDate":1441641600000,"divPayDate":null,"isLock":null,"updated":null},{"symbol":"WRI","date":1018886400000,"type":2,"subtype":8,"value":1.5,"recordDate":null,"divPayDate":null,"isLock":null,"updated":null},{"symbol":"WRI","date":492796800000,"type":2,"subtype":8,"value":1.0,"recordDate":null,"divPayDate":null,"isLock":null,"updated":null}]}