{"list":[{"symbol":"WSO","date":1554998400000,"type":1,"subtype":5,"value":1.6,"recordDate":1555257600000,"divPayDate":null,"isLock":null,"updated":null},{"symbol":"WSO","date":1547481600000,"type":1,"subtype":5,"value":1.6,"recordDate":1547568000000,"divPayDate":null,"isLock":null,"updated":null},{"symbol":"WSO","date":1539273600000,"type":1,"subtype":5,"value":1.45,"recordDate":1539532800000,"divPayDate":null,"isLock":null,"updated":null},{"symbol":"WSO","date":1531670400000,"type":1,"subtype":5,"value":1.45,"recordDate":null,"divPayDate":null,"isLock":null,"updated":null},{"symbol":"WSO","date":1523548800000,"type":1,"subtype":5,"value":1.45,"recordDate":1523808000000,"divPayDate":null,"isLock":null,"updated":null},{"symbol":"WSO","date":1515686400000,"type":1,"subtype":5,"value":1.25,"recordDate":1516032000000,"divPayDate":null,"isLock":null,"updated":null},{"symbol":"WSO","date":1507824000000,"type":1,"subtype":5,"value":1.25,"recordDate":1508083200000,"divPayDate":null,"isLock":null,"updated":null},{"symbol":"WSO","date":1499875200000,"type":1,"subtype":5,"value":1.25,"recordDate":1500220800000,"divPayDate":null,"isLock":null,"updated":null},{"symbol":"WSO","date":1491840000000,"type":1,"subtype":5,"value":1.05,"recordDate":1492099200000,"divPayDate":null,"isLock":null,"updated":null},{"symbol":"WSO","date":1484150400000,"type":1,"subtype":5,"value":1.05,"recordDate":1484582400000,"divPayDate":null,"isLock":null,"updated":null},{"symbol":"WSO","date":1476288000000,"type":1,"subtype":5,"value":1.05,"recordDate":1476633600000,"divPayDate":null,"isLock":null,"updated":null},{"symbol":"WSO","date":1468339200000,"type":1,"subtype":5,"value":0.85,"recordDate":1468512000000,"divPayDate":null,"isLock":null,"updated":null},{"symbol":"WSO","date":1460476800000,"type":1,"subtype":5,"value":0.85,"recordDate":1460649600000,"divPayDate":null,"isLock":null,"updated":null},{"symbol":"WSO","date":1452614400000,"type":1,"subtype":5,"value":0.85,"recordDate":1452787200000,"divPayDate":null,"isLock":null,"updated":null},{"symbol":"WSO","date":1444665600000,"type":1,"subtype":5,"value":0.7,"recordDate":1444838400000,"divPayDate":null,"isLock":null,"updated":null},{"symbol":"WSO","date":1436716800000,"type":1,"subtype":5,"value":0.7,"recordDate":1436889600000,"divPayDate":null,"isLock":null,"updated":null},{"symbol":"WSO","date":1428854400000,"type":1,"subtype":5,"value":0.7,"recordDate":1429027200000,"divPayDate":null,"isLock":null,"updated":null},{"symbol":"WSO","date":1421337600000,"type":1,"subtype":5,"value":0.7,"recordDate":1421769600000,"divPayDate":null,"isLock":null,"updated":null},{"symbol":"WSO","date":1412870400000,"type":1,"subtype":5,"value":0.6,"recordDate":1413302400000,"divPayDate":null,"isLock":null,"updated":null},{"symbol":"WSO","date":1405008000000,"type":1,"subtype":5,"value":0.6,"recordDate":1405353600000,"divPayDate":null,"isLock":null,"updated":null},{"symbol":"WSO","date":1397145600000,"type":1,"subtype":5,"value":0.4,"recordDate":null,"divPayDate":null,"isLock":null,"updated":null},{"symbol":"WSO","date":1389542400000,"type":1,"subtype":5,"value":0.4,"recordDate":null,"divPayDate":null,"isLock":null,"updated":null},{"symbol":"WSO","date":1381334400000,"type":1,"subtype":5,"value":0.4,"recordDate":null,"divPayDate":null,"isLock":null,"updated":null},{"symbol":"WSO","date":1373472000000,"type":1,"subtype":5,"value":0.25,"recordDate":null,"divPayDate":null,"isLock":null,"updated":null},{"symbol":"WSO","date":1365609600000,"type":1,"subtype":5,"value":0.25,"recordDate":null,"divPayDate":null,"isLock":null,"updated":null},{"symbol":"WSO","date":1358870400000,"type":1,"subtype":5,"value":0.25,"recordDate":null,"divPayDate":null,"isLock":null,"updated":null},{"symbol":"WSO","date":1349884800000,"type":1,"subtype":5,"value":5.62,"recordDate":null,"divPayDate":null,"isLock":null,"updated":null},{"symbol":"WSO","date":1342022400000,"type":1,"subtype":5,"value":0.62,"recordDate":null,"divPayDate":null,"isLock":null,"updated":null},{"symbol":"WSO","date":903283200000,"type":2,"subtype":8,"value":1.5,"recordDate":1436889600000,"divPayDate":null,"isLock":null,"updated":null},{"symbol":"WSO","date":834940800000,"type":2,"subtype":8,"value":1.5,"recordDate":null,"divPayDate":null,"isLock":null,"updated":null},{"symbol":"WSO","date":800553600000,"type":2,"subtype":8,"value":1.5,"recordDate":null,"divPayDate":null,"isLock":null,"updated":null}]}