{"list":[{"symbol":"WTBA","date":1557158400000,"type":1,"subtype":5,"value":0.21,"recordDate":1557244800000,"divPayDate":null,"isLock":null,"updated":null},{"symbol":"WTBA","date":1549296000000,"type":1,"subtype":5,"value":0.2,"recordDate":1549382400000,"divPayDate":null,"isLock":null,"updated":null},{"symbol":"WTBA","date":1541433600000,"type":1,"subtype":5,"value":0.2,"recordDate":1541520000000,"divPayDate":null,"isLock":null,"updated":null},{"symbol":"WTBA","date":1533571200000,"type":1,"subtype":5,"value":0.2,"recordDate":1533657600000,"divPayDate":null,"isLock":null,"updated":null},{"symbol":"WTBA","date":1525708800000,"type":1,"subtype":5,"value":0.2,"recordDate":1525795200000,"divPayDate":null,"isLock":null,"updated":null},{"symbol":"WTBA","date":1517846400000,"type":1,"subtype":5,"value":0.18,"recordDate":1517932800000,"divPayDate":null,"isLock":null,"updated":null},{"symbol":"WTBA","date":1509984000000,"type":1,"subtype":5,"value":0.18,"recordDate":1510070400000,"divPayDate":null,"isLock":null,"updated":null},{"symbol":"WTBA","date":1502035200000,"type":1,"subtype":5,"value":0.18,"recordDate":1502208000000,"divPayDate":null,"isLock":null,"updated":null},{"symbol":"WTBA","date":1494172800000,"type":1,"subtype":5,"value":0.18,"recordDate":1494345600000,"divPayDate":null,"isLock":null,"updated":null},{"symbol":"WTBA","date":1486310400000,"type":1,"subtype":5,"value":0.17,"recordDate":1486483200000,"divPayDate":null,"isLock":null,"updated":null},{"symbol":"WTBA","date":1478448000000,"type":1,"subtype":5,"value":0.17,"recordDate":1478620800000,"divPayDate":null,"isLock":null,"updated":null},{"symbol":"WTBA","date":1470585600000,"type":1,"subtype":5,"value":0.17,"recordDate":1470758400000,"divPayDate":null,"isLock":null,"updated":null},{"symbol":"WTBA","date":1462723200000,"type":1,"subtype":5,"value":0.17,"recordDate":1462896000000,"divPayDate":null,"isLock":null,"updated":null},{"symbol":"WTBA","date":1454860800000,"type":1,"subtype":5,"value":0.16,"recordDate":1455033600000,"divPayDate":null,"isLock":null,"updated":null},{"symbol":"WTBA","date":1446739200000,"type":1,"subtype":5,"value":0.16,"recordDate":1447171200000,"divPayDate":null,"isLock":null,"updated":null},{"symbol":"WTBA","date":1438531200000,"type":1,"subtype":5,"value":0.16,"recordDate":1438704000000,"divPayDate":null,"isLock":null,"updated":null},{"symbol":"WTBA","date":1430668800000,"type":1,"subtype":5,"value":0.16,"recordDate":1430841600000,"divPayDate":null,"isLock":null,"updated":null},{"symbol":"WTBA","date":1423411200000,"type":1,"subtype":5,"value":0.14,"recordDate":1423584000000,"divPayDate":null,"isLock":null,"updated":null},{"symbol":"WTBA","date":1414944000000,"type":1,"subtype":5,"value":0.14,"recordDate":1415116800000,"divPayDate":null,"isLock":null,"updated":null},{"symbol":"WTBA","date":1407081600000,"type":1,"subtype":5,"value":0.12,"recordDate":1407254400000,"divPayDate":null,"isLock":null,"updated":null},{"symbol":"WTBA","date":1399219200000,"type":1,"subtype":5,"value":0.12,"recordDate":null,"divPayDate":null,"isLock":null,"updated":null},{"symbol":"WTBA","date":1391356800000,"type":1,"subtype":5,"value":0.11,"recordDate":null,"divPayDate":null,"isLock":null,"updated":null},{"symbol":"WTBA","date":1383494400000,"type":1,"subtype":5,"value":0.11,"recordDate":null,"divPayDate":null,"isLock":null,"updated":null},{"symbol":"WTBA","date":1375632000000,"type":1,"subtype":5,"value":0.11,"recordDate":null,"divPayDate":null,"isLock":null,"updated":null},{"symbol":"WTBA","date":1367769600000,"type":1,"subtype":5,"value":0.1,"recordDate":null,"divPayDate":null,"isLock":null,"updated":null},{"symbol":"WTBA","date":1359907200000,"type":1,"subtype":5,"value":0.1,"recordDate":null,"divPayDate":null,"isLock":null,"updated":null},{"symbol":"WTBA","date":1352044800000,"type":1,"subtype":5,"value":0.1,"recordDate":null,"divPayDate":null,"isLock":null,"updated":null},{"symbol":"WTBA","date":1344182400000,"type":1,"subtype":5,"value":0.1,"recordDate":null,"divPayDate":null,"isLock":null,"updated":null},{"symbol":"WTBA","date":1153929600000,"type":2,"subtype":8,"value":1.05,"recordDate":1438704000000,"divPayDate":null,"isLock":null,"updated":null},{"symbol":"WTBA","date":1090425600000,"type":2,"subtype":8,"value":1.05,"recordDate":null,"divPayDate":null,"isLock":null,"updated":null},{"symbol":"WTBA","date":925747200000,"type":2,"subtype":8,"value":1.5,"recordDate":null,"divPayDate":null,"isLock":null,"updated":null}]}