{"list":[{"symbol":"X","date":1557417600000,"type":1,"subtype":5,"value":0.05,"recordDate":1557676800000,"divPayDate":null,"isLock":null,"updated":null},{"symbol":"X","date":1549900800000,"type":1,"subtype":5,"value":0.05,"recordDate":1549987200000,"divPayDate":null,"isLock":null,"updated":null},{"symbol":"X","date":1541606400000,"type":1,"subtype":5,"value":0.05,"recordDate":1541692800000,"divPayDate":null,"isLock":null,"updated":null},{"symbol":"X","date":1533657600000,"type":1,"subtype":5,"value":0.05,"recordDate":1533744000000,"divPayDate":null,"isLock":null,"updated":null},{"symbol":"X","date":1525795200000,"type":1,"subtype":5,"value":0.05,"recordDate":1525881600000,"divPayDate":null,"isLock":null,"updated":null},{"symbol":"X","date":1518019200000,"type":1,"subtype":5,"value":0.05,"recordDate":1518105600000,"divPayDate":null,"isLock":null,"updated":null},{"symbol":"X","date":1510156800000,"type":1,"subtype":5,"value":0.05,"recordDate":1510243200000,"divPayDate":null,"isLock":null,"updated":null},{"symbol":"X","date":1502035200000,"type":1,"subtype":5,"value":0.05,"recordDate":1502208000000,"divPayDate":null,"isLock":null,"updated":null},{"symbol":"X","date":1494172800000,"type":1,"subtype":5,"value":0.05,"recordDate":1494345600000,"divPayDate":null,"isLock":null,"updated":null},{"symbol":"X","date":1486483200000,"type":1,"subtype":5,"value":0.05,"recordDate":1486656000000,"divPayDate":null,"isLock":null,"updated":null},{"symbol":"X","date":1478534400000,"type":1,"subtype":5,"value":0.05,"recordDate":1478793600000,"divPayDate":null,"isLock":null,"updated":null},{"symbol":"X","date":1470585600000,"type":1,"subtype":5,"value":0.05,"recordDate":1470758400000,"divPayDate":null,"isLock":null,"updated":null},{"symbol":"X","date":1462723200000,"type":1,"subtype":5,"value":0.05,"recordDate":1462896000000,"divPayDate":null,"isLock":null,"updated":null},{"symbol":"X","date":1454947200000,"type":1,"subtype":5,"value":0.05,"recordDate":1455120000000,"divPayDate":null,"isLock":null,"updated":null},{"symbol":"X","date":1447084800000,"type":1,"subtype":5,"value":0.05,"recordDate":1447344000000,"divPayDate":null,"isLock":null,"updated":null},{"symbol":"X","date":1439136000000,"type":1,"subtype":5,"value":0.05,"recordDate":1439308800000,"divPayDate":null,"isLock":null,"updated":null},{"symbol":"X","date":1431273600000,"type":1,"subtype":5,"value":0.05,"recordDate":1431446400000,"divPayDate":null,"isLock":null,"updated":null},{"symbol":"X","date":1423411200000,"type":1,"subtype":5,"value":0.05,"recordDate":1423584000000,"divPayDate":null,"isLock":null,"updated":null},{"symbol":"X","date":1415289600000,"type":1,"subtype":5,"value":0.05,"recordDate":1415721600000,"divPayDate":null,"isLock":null,"updated":null},{"symbol":"X","date":1407686400000,"type":1,"subtype":5,"value":0.05,"recordDate":1407859200000,"divPayDate":null,"isLock":null,"updated":null},{"symbol":"X","date":1399824000000,"type":1,"subtype":5,"value":0.05,"recordDate":null,"divPayDate":null,"isLock":null,"updated":null},{"symbol":"X","date":1391961600000,"type":1,"subtype":5,"value":0.05,"recordDate":null,"divPayDate":null,"isLock":null,"updated":null},{"symbol":"X","date":1383840000000,"type":1,"subtype":5,"value":0.05,"recordDate":null,"divPayDate":null,"isLock":null,"updated":null},{"symbol":"X","date":1376236800000,"type":1,"subtype":5,"value":0.05,"recordDate":null,"divPayDate":null,"isLock":null,"updated":null},{"symbol":"X","date":1368115200000,"type":1,"subtype":5,"value":0.05,"recordDate":null,"divPayDate":null,"isLock":null,"updated":null},{"symbol":"X","date":1360252800000,"type":1,"subtype":5,"value":0.05,"recordDate":null,"divPayDate":null,"isLock":null,"updated":null},{"symbol":"X","date":1352390400000,"type":1,"subtype":5,"value":0.05,"recordDate":null,"divPayDate":null,"isLock":null,"updated":null},{"symbol":"X","date":1344355200000,"type":1,"subtype":5,"value":0.05,"recordDate":null,"divPayDate":null,"isLock":null,"updated":null}]}