{"list":[{"symbol":"XAN","date":1561564800000,"type":1,"subtype":5,"value":0.225,"recordDate":1561651200000,"divPayDate":null,"isLock":null,"updated":null},{"symbol":"XAN","date":1553702400000,"type":1,"subtype":5,"value":0.2,"recordDate":1553788800000,"divPayDate":null,"isLock":null,"updated":null},{"symbol":"XAN","date":1545926400000,"type":1,"subtype":5,"value":0.175,"recordDate":1546185600000,"divPayDate":null,"isLock":null,"updated":null},{"symbol":"XAN","date":1537977600000,"type":1,"subtype":5,"value":0.15,"recordDate":1538064000000,"divPayDate":null,"isLock":null,"updated":null},{"symbol":"XAN","date":1530115200000,"type":1,"subtype":5,"value":0.1,"recordDate":null,"divPayDate":null,"isLock":null,"updated":null},{"symbol":"XAN","date":1522166400000,"type":1,"subtype":5,"value":0.05,"recordDate":null,"divPayDate":null,"isLock":null,"updated":null},{"symbol":"XAN","date":1441036800000,"type":2,"subtype":7,"value":0.25,"recordDate":null,"divPayDate":null,"isLock":null,"updated":null}]}